id,name,net,status,fail_reason,provider,provider_type,rocket,rocket_family,mission_type,orbit,orbit_abbrev,pad,location,country_code
42370bdb-db93-4212-bda6-d91c177b2ea6,H-IIA 202 | Hope (Emirates Mars Mission),2020-07-19 21:58:14+00:00,Launch Successful,,Mitsubishi Heavy Industries,Commercial,H-IIA,H-II,Planetary Science,Heliocentric N/A,Helio-N/A,Yoshinobu Launch Complex LP-1,"Tanegashima Space Center, Japan",JPN
7e9fd521-c3af-4c55-9873-93bfe9945749,Falcon 9 Block 5 | ANASIS-II,2020-07-20 21:30:00+00:00,Launch Successful,,SpaceX,Commercial,Falcon 9,Falcon,Government/Top Secret,Geostationary Transfer Orbit,GTO,Space Launch Complex 40,"Cape Canaveral SFS, FL, USA",USA
485b9786-5bec-4dd4-ac82-69d1fd702047,Long March 5 | Tianwen-1 (Mars Global Remote Sensing Orbiter and Small Rover),2020-07-23 04:41:15+00:00,Launch Successful,,China Aerospace Science and Technology Corporation,Government,Long March 5,Long March,Robotic Exploration,Heliocentric N/A,Helio-N/A,101,"Wenchang Space Launch Site, People's Republic of China",CHN
c7f03e53-e4e3-42e3-9d57-71666ad80c18,Soyuz 2.1a | Progress MS-15 (76P),2020-07-23 14:26:22+00:00,Launch Successful,,Russian Federal Space Agency (ROSCOSMOS),Government,Soyuz 2.1a,Soyuz,Resupply,Low Earth Orbit,LEO,31/6,"Baikonur Cosmodrome, Republic of Kazakhstan",KAZ
e3832ff6-fec4-4f03-8d56-820bb318d1e9,Long March 4B | Ziyuan-3-03,2020-07-25 03:13:00+00:00,Launch Successful,,China Aerospace Science and Technology Corporation,Government,Long March 4B,Long March,Earth Science,Sun-Synchronous Orbit,SSO,Launch Complex 9,"Taiyuan Satellite Launch Center, People's Republic of China",CHN
c4db6995-f25f-4608-8eb9-ce95d5226af2,Atlas V 541 | Mars 2020 (Perseverance rover & Ingenuity helicopter),2020-07-30 11:50:00+00:00,Launch Successful,,United Launch Alliance,Commercial,Atlas V 541,Atlas,Robotic Exploration,Heliocentric N/A,Helio-N/A,Space Launch Complex 41,"Cape Canaveral SFS, FL, USA",USA
848e39b2-75a6-49c4-a897-de15c72e332d,Proton-M/Briz-M | Ekspress-80 & Ekspress-103,2020-07-30 21:25:19+00:00,Launch Successful,,Khrunichev State Research and Production Space Center,Government,Proton-M Briz-M,Proton / UR-500,Communications,Geostationary Transfer Orbit,GTO,200/39 (200L),"Baikonur Cosmodrome, Republic of Kazakhstan",KAZ
20e3fd08-b603-4b05-9c61-a4d4c7cf9e82,Starship SN5 | 150m Hop,2020-08-04 23:57:00+00:00,Launch Successful,,SpaceX,Commercial,Starship Prototype,Starship,Test Flight,Suborbital,Sub,Suborbital Pad A,"SpaceX Starbase, TX, USA",USA
2e1969a6-c134-4a1b-8087-38979d474e5a,Long March 2D | Gaofen-9-04,2020-08-06 04:01:00+00:00,Launch Successful,,China Aerospace Science and Technology Corporation,Government,Long March 2D,Long March,Earth Science,Sun-Synchronous Orbit,SSO,Launch Area 94 (SLS-2 / 603),"Jiuquan Satellite Launch Center, People's Republic of China",CHN
955fe2fa-b4c8-4a17-a22f-3b7aefa44444,Falcon 9 Block 5 | Starlink 9,2020-08-07 05:12:00+00:00,Launch Successful,,SpaceX,Commercial,Falcon 9,Falcon,Communications,Low Earth Orbit,LEO,Launch Complex 39A,"Kennedy Space Center, FL, USA",USA
a03444e3-c1b7-426a-b48f-4a18c60c5f28,"Ariane 5 ECA+ | Galaxy 30, MEV-2 & BSAT-4B",2020-08-15 22:04:00+00:00,Launch Successful,,Arianespace,Commercial,Ariane 5 ECA+,Ariane,Communications,Geostationary Transfer Orbit,GTO,Ariane Launch Area 3,"Guiana Space Centre, French Guiana",GUF
24b3b696-9253-4088-92f2-c7762f4e0a4c,Falcon 9 Block 5 | Starlink 10,2020-08-18 14:31:00+00:00,Launch Successful,,SpaceX,Commercial,Falcon 9,Falcon,Communications,Low Earth Orbit,LEO,Space Launch Complex 40,"Cape Canaveral SFS, FL, USA",USA
6cce14a8-f7ac-4a7c-a60e-4aa0ac76ff64,Long March 2D | Gaofen-9-05,2020-08-23 02:27:04+00:00,Launch Successful,,China Aerospace Science and Technology Corporation,Government,Long March 2D,Long March,Earth Science,Sun-Synchronous Orbit,SSO,Launch Area 94 (SLS-2 / 603),"Jiuquan Satellite Launch Center, People's Republic of China",CHN
98a5da32-4719-495b-9713-fcb5c058f31c,Falcon 9 Block 5 | SAOCOM 1B,2020-08-30 23:18:00+00:00,Launch Successful,,SpaceX,Commercial,Falcon 9,Falcon,Communications,Sun-Synchronous Orbit,SSO,Space Launch Complex 40,"Cape Canaveral SFS, FL, USA",USA
a9526278-ef96-48ba-abbd-275f1370d6c0,Electron | I Can’t Believe It’s Not Optical (Capella 2 & First Light),2020-08-31 03:05:47+00:00,Launch Successful,,Rocket Lab,Commercial,Electron,,Earth Science,Low Earth Orbit,LEO,Rocket Lab Launch Complex 1A,"Rocket Lab Launch Complex 1, Mahia Peninsula, New Zealand",NZL
15468d99-b3eb-4bf4-81b3-3fda9d2e579d,Vega | SSMS PoC,2020-09-03 01:51:10+00:00,Launch Successful,,Arianespace,Commercial,Vega,Vega,Dedicated Rideshare,Sun-Synchronous Orbit,SSO,Ariane Launch Area 1 (ELV),"Guiana Space Centre, French Guiana",GUF
82b600f6-6c2d-4694-a263-cec4525714cf,Falcon 9 Block 5 | Starlink 11,2020-09-03 12:46:14+00:00,Launch Successful,,SpaceX,Commercial,Falcon 9,Falcon,Communications,Low Earth Orbit,LEO,Launch Complex 39A,"Kennedy Space Center, FL, USA",USA
6ada5478-9522-48ac-ad71-549097340355,Starship SN6 | 150m Hop,2020-09-03 17:48:00+00:00,Launch Successful,,SpaceX,Commercial,Starship Prototype,Starship,Test Flight,Suborbital,Sub,Suborbital Pad A,"SpaceX Starbase, TX, USA",USA
206a3efe-0a28-45e6-a95e-983774fff9d9,Long March 2F/G | Chinese Reusable Space Vehicle,2020-09-04 07:30:00+00:00,Launch Successful,,China Aerospace Science and Technology Corporation,Government,Long March 2F/G,Long March,Test Flight,Low Earth Orbit,LEO,Launch Area 91 (SLS-1 / 921),"Jiuquan Satellite Launch Center, People's Republic of China",CHN
63e040c3-2af4-4b50-a608-012f5d7f6d86,Long March 4B | Gaofen-11-02,2020-09-07 05:57:05+00:00,Launch Successful,,China Aerospace Science and Technology Corporation,Government,Long March 4B,Long March,Earth Science,Sun-Synchronous Orbit,SSO,Launch Complex 9,"Taiyuan Satellite Launch Center, People's Republic of China",CHN
38ed8ff1-0335-4e68-9dd4-925c76ad01ed,Astra Rocket 3.1 | Maiden Flight,2020-09-12 03:19:00+00:00,Launch Failure,,Astra Space,Commercial,Astra Rocket 3,Astra Rocket,Test Flight,Low Earth Orbit,LEO,Launch Pad 3B,"Pacific Spaceport Complex, Alaska, USA",USA
6f3ece0b-7a3c-4e75-94cb-5a0e6bc71b71,Kuaizhou 1A | Jilin-1-02C,2020-09-12 05:02:00+00:00,Launch Failure,,ExPace,Commercial,Kuaizhou 1A,Kuaizhou,Earth Science,Sun-Synchronous Orbit,SSO,Launch Area 95A,"Jiuquan Satellite Launch Center, People's Republic of China",CHN
ea7b88c7-90c8-40b7-9e66-5de50efe77df,Long March 11 | Jilin-1 High Resolution 03B 01-06 & 03C 01-03,2020-09-15 01:23:00+00:00,Launch Successful,,China Aerospace Science and Technology Corporation,Government,Long March 11,Long March,Earth Science,Sun-Synchronous Orbit,SSO,Yellow Sea (launch location 2),Haiyang Oriental Spaceport,CHN
9e4447b7-603c-4859-ae24-af2cc6cf7d89,Long March 4B | Haiyang 2C,2020-09-21 05:40:04+00:00,Launch Successful,,China Aerospace Science and Technology Corporation,Government,Long March 4B,Long March,Earth Science,Low Earth Orbit,LEO,Launch Area 94 (SLS-2 / 603),"Jiuquan Satellite Launch Center, People's Republic of China",CHN
281efc24-79d6-43fe-8c0d-70553f8794e0,"Long March 4B | Huanjing 2A, 2B",2020-09-27 03:23:04+00:00,Launch Successful,,China Aerospace Science and Technology Corporation,Government,Long March 4B,Long March,Earth Science,Sun-Synchronous Orbit,SSO,Launch Complex 9,"Taiyuan Satellite Launch Center, People's Republic of China",CHN
1851e490-8d1b-4ec6-8efe-539e30cabe2e,"Soyuz 2.1b/Fregat-M | Gonets-M27, Gonets-M28, Gonets-M29 & others",2020-09-28 11:20:32+00:00,Launch Successful,,Russian Space Forces,Government,Soyuz 2.1b/Fregat-M,Soyuz,Communications,Low Earth Orbit,LEO,43/4 (43R),"Plesetsk Cosmodrome, Russian Federation",RUS
6183311b-da90-4934-a665-1a1ae563cba8,Antares 230+ | Cygnus CRS-2 NG-14 (S.S. Kalpana Chawla),2020-10-03 01:16:14+00:00,Launch Successful,,Northrop Grumman Space Systems,Commercial,Antares 230+,Antares,Resupply,Low Earth Orbit,LEO,Launch Area 0 A,"Wallops Flight Facility, Virginia, USA",USA
8cbc59c0-60fb-4b8c-8a11-1edda0a82ab5,Falcon 9 Block 5 | Starlink 12,2020-10-06 11:29:34+00:00,Launch Successful,,SpaceX,Commercial,Falcon 9,Falcon,Communications,Low Earth Orbit,LEO,Launch Complex 39A,"Kennedy Space Center, FL, USA",USA
66d94c54-6153-4805-8a21-20ded71c65ee,Long March 3B/E | Gaofen 13,2020-10-11 16:57:04+00:00,Launch Successful,,China Aerospace Science and Technology Corporation,Government,Long March 3B/E,Long March,Earth Science,Geostationary Transfer Orbit,GTO,Launch Complex 2 (LC-2),"Xichang Satellite Launch Center, People's Republic of China",CHN
d0380fe6-f406-40ed-b723-19975ab3580d,New Shepard | NS-13,2020-10-13 13:37:00+00:00,Launch Successful,,Blue Origin,Commercial,New Shepard,,Suborbital,Suborbital,Sub,West Texas Suborbital Launch Site/ Corn Ranch,"Corn Ranch, Van Horn, TX, USA",USA
79e3f7a7-9c50-4d87-a069-c6aa7dd641d6,Soyuz 2.1a | Soyuz MS-17,2020-10-14 05:45:04+00:00,Launch Successful,,Russian Federal Space Agency (ROSCOSMOS),Government,Soyuz 2.1a,Soyuz,Human Exploration,Low Earth Orbit,LEO,31/6,"Baikonur Cosmodrome, Republic of Kazakhstan",KAZ
2b04a116-8460-42f9-8d4b-b65c73ed3e49,Falcon 9 Block 5 | Starlink 13,2020-10-18 12:25:57+00:00,Launch Successful,,SpaceX,Commercial,Falcon 9,Falcon,Communications,Low Earth Orbit,LEO,Launch Complex 39A,"Kennedy Space Center, FL, USA",USA
47c91a03-2e98-42c9-8751-d8fb36c89c99,Falcon 9 Block 5 | Starlink 14,2020-10-24 15:31:34+00:00,Launch Successful,,SpaceX,Commercial,Falcon 9,Falcon,Communications,Low Earth Orbit,LEO,Space Launch Complex 40,"Cape Canaveral SFS, FL, USA",USA
1917999c-4d64-41a7-8a7b-9202c54ca2ef,Soyuz 2.1b/Fregat | Glonass-K1 No. 15 (Kosmos 2547),2020-10-25 19:08:42+00:00,Launch Successful,,Russian Space Forces,Government,Soyuz 2.1b/Fregat,Soyuz,Navigation,Medium Earth Orbit,MEO,43/4 (43R),"Plesetsk Cosmodrome, Russian Federation",RUS
bc39f59e-46ed-43c2-93e4-96f1a69838ad,Long March 2C | Yaogan-30-07,2020-10-26 15:19:05+00:00,Launch Successful,,China Aerospace Science and Technology Corporation,Government,Long March 2C,Long March,Government/Top Secret,Low Earth Orbit,LEO,Launch Complex 3 (LC-3/LA-1),"Xichang Satellite Launch Center, People's Republic of China",CHN
c183a50f-fcc0-4cdc-8fa1-750d67ca5130,Electron | In Focus (Rideshare),2020-10-28 21:21:27+00:00,Launch Successful,,Rocket Lab,Commercial,Electron,,Dedicated Rideshare,Sun-Synchronous Orbit,SSO,Rocket Lab Launch Complex 1A,"Rocket Lab Launch Complex 1, Mahia Peninsula, New Zealand",NZL
23e362ae-8523-4224-9447-d05c4db03b8f,Falcon 9 Block 5 | GPS III SV04,2020-11-05 23:24:23+00:00,Launch Successful,,SpaceX,Commercial,Falcon 9,Falcon,Navigation,Medium Earth Orbit,MEO,Space Launch Complex 40,"Cape Canaveral SFS, FL, USA",USA
8437236d-1ee4-451e-bca3-45b2ac038359,Long March 6 | Satellogic x 10,2020-11-06 03:19:15+00:00,Launch Successful,,China Aerospace Science and Technology Corporation,Government,Long March 6,Long March,Earth Science,Low Earth Orbit,LEO,Launch Complex 16,"Taiyuan Satellite Launch Center, People's Republic of China",CHN
93bd93e5-4f5c-4730-b65e-11f9770168ca,Ceres-1 | Tianqi-11,2020-11-07 07:12:00+00:00,Launch Successful,,Galactic Energy,Commercial,Ceres-1,Ceres-1,Communications,Sun-Synchronous Orbit,SSO,Launch Area 95A,"Jiuquan Satellite Launch Center, People's Republic of China",CHN
784e5c20-afa3-4849-9b4a-f2dd0e7b4b9e,PSLV-DL | EOS-01 (RISAT-2BR2),2020-11-07 09:41:00+00:00,Launch Successful,,Indian Space Research Organization,Government,PSLV-DL,PSLV,Earth Science,Low Earth Orbit,LEO,Satish Dhawan Space Centre First Launch Pad,"Satish Dhawan Space Centre, India",IND
c8e75624-fed4-4296-a127-6a192142d57a,Long March 3B | Tiantong-1-02,2020-11-12 15:59:04+00:00,Launch Successful,,China Aerospace Science and Technology Corporation,Government,Long March 3B/E,Long March,Communications,Geostationary Transfer Orbit,GTO,Launch Complex 2 (LC-2),"Xichang Satellite Launch Center, People's Republic of China",CHN
c5a9ba01-d03f-4fd7-940a-8a10d535809a,Atlas V 531 | NROL-101,2020-11-13 22:32:00+00:00,Launch Successful,,United Launch Alliance,Commercial,Atlas V 531,Atlas,Government/Top Secret,Medium Earth Orbit,MEO,Space Launch Complex 41,"Cape Canaveral SFS, FL, USA",USA
0ede12be-ac6d-4571-9d0c-b2a85b5cf280,Falcon 9 Block 5 | Crew-1,2020-11-16 00:27:17+00:00,Launch Successful,,SpaceX,Commercial,Falcon 9,Falcon,Human Exploration,Low Earth Orbit,LEO,Launch Complex 39A,"Kennedy Space Center, FL, USA",USA
d9486816-bb61-4b16-bcfa-0d1e9ba40696,Vega | SEOSAT-Ingenio & Taranis,2020-11-17 01:52:20+00:00,Launch Failure,AVUM upper stage tumbled uncontrollably during the first burn because cables in the engine control system were improperly connected.,Arianespace,Commercial,Vega,Vega,Earth Science,Sun-Synchronous Orbit,SSO,Ariane Launch Area 1 (ELV),"Guiana Space Centre, French Guiana",GUF
1514d38c-b1ed-4a4a-9878-04646f0b6b94,Electron | Return to Sender (Rideshare),2020-11-20 02:20:01+00:00,Launch Successful,,Rocket Lab,Commercial,Electron,,Dedicated Rideshare,Sun-Synchronous Orbit,SSO,Rocket Lab Launch Complex 1A,"Rocket Lab Launch Complex 1, Mahia Peninsula, New Zealand",NZL
56623c2d-7174-489c-b0ed-bf6f039b2412,Falcon 9 Block 5 | Sentinel-6 Michael Freilich,2020-11-21 17:17:08+00:00,Launch Successful,,SpaceX,Commercial,Falcon 9,Falcon,Earth Science,Low Earth Orbit,LEO,Space Launch Complex 4E,"Vandenberg SFB, CA, USA",USA
9828537e-e017-4f77-96b6-49799d439363,Long March 5 | Chang'e 5,2020-11-23 20:30:21+00:00,Launch Successful,,China Aerospace Science and Technology Corporation,Government,Long March 5,Long March,Robotic Exploration,Lunar Orbit,LO,101,"Wenchang Space Launch Site, People's Republic of China",CHN
145b2935-8b72-44b2-8bda-4c27887721fd,Falcon 9 Block 5 | Starlink 15,2020-11-25 02:13:12+00:00,Launch Successful,,SpaceX,Commercial,Falcon 9,Falcon,Communications,Low Earth Orbit,LEO,Space Launch Complex 40,"Cape Canaveral SFS, FL, USA",USA
3f8dd709-4231-49ca-aa9f-694a2c0c107f,H-IIA 202 | JDRS-1,2020-11-29 07:25:00+00:00,Launch Successful,,Mitsubishi Heavy Industries,Commercial,H-IIA,H-II,Communications,Geostationary Transfer Orbit,GTO,Yoshinobu Launch Complex LP-1,"Tanegashima Space Center, Japan",JPN
4a6fdee5-34db-4f9a-9f02-888a84b29d05,Soyuz STA/Fregat | Falcon Eye 2,2020-12-02 01:33:28+00:00,Launch Successful,,Arianespace,Commercial,Soyuz STA,Soyuz,Government/Top Secret,Sun-Synchronous Orbit,SSO,Soyuz Launch Complex,"Guiana Space Centre, French Guiana",GUF
107fb32b-7f28-4560-af33-2790bc4118e8,"Soyuz 2.1b/Fregat-M | Gonets-M30, Gonets-M31, Gonets-M32",2020-12-03 01:14:36+00:00,Launch Successful,,Russian Space Forces,Government,Soyuz 2.1b/Fregat-M,Soyuz,Communications,Low Earth Orbit,LEO,43/3 (43L),"Plesetsk Cosmodrome, Russian Federation",RUS
b83dc12b-3758-4f13-a079-74493a8228e2,Long March 3B/E | Gaofen 14,2020-12-06 03:57:37+00:00,Launch Successful,,China Aerospace Science and Technology Corporation,Government,Long March 3B/E,Long March,Earth Science,Sun-Synchronous Orbit,SSO,Launch Complex 3 (LC-3/LA-1),"Xichang Satellite Launch Center, People's Republic of China",CHN
06dfcb34-0b76-4fbc-9046-09ab66db7b83,Falcon 9 Block 5 | Dragon CRS-2 SpX-21,2020-12-06 16:17:08+00:00,Launch Successful,,SpaceX,Commercial,Falcon 9,Falcon,Resupply,Low Earth Orbit,LEO,Launch Complex 39A,"Kennedy Space Center, FL, USA",USA
067f8b0d-f2bb-43aa-9106-291467fcc63a,Long March 11 | GECAM,2020-12-09 20:14:00+00:00,Launch Successful,,China Aerospace Science and Technology Corporation,Government,Long March 11,Long March,Astrophysics,Low Earth Orbit,LEO,Mobile Launcher Pad,"Xichang Satellite Launch Center, People's Republic of China",CHN
fdfc71c4-37a7-4d36-a27c-90b132f0e4aa,Starship SN8 | 12.5 km Flight,2020-12-09 22:45:25+00:00,Launch was a Partial Failure,"Test completed set out objectives, but the vehicle failed to land successfully due to low pressure in the propellant header tanks cutting out the engines.",SpaceX,Commercial,Starship Prototype,Starship,Test Flight,Suborbital,Sub,Suborbital Pad A,"SpaceX Starbase, TX, USA",USA
6cdf9823-7574-4c0d-a3b2-956c7b364756,Delta IV Heavy | NROL-44,2020-12-11 01:09:00+00:00,Launch Successful,,United Launch Alliance,Commercial,Delta IV Heavy,Delta,Government/Top Secret,Low Earth Orbit,LEO,Space Launch Complex 37B,"Cape Canaveral SFS, FL, USA",USA
a59c24dc-c74f-4937-80f0-420cfd6d32e6,SpaceShipTwo | VSS Unity VF-02,2020-12-12 15:24:00+00:00,Launch was a Partial Failure,,Virgin Galactic,Private,SpaceShipTwo,,Test Flight,Suborbital,Sub,Spaceport America,Air launch to Suborbital flight,???
fd63c683-f3e4-465a-8230-b9ba62744c7d,Falcon 9 Block 5 | Sirius SXM-7,2020-12-13 17:30:00+00:00,Launch Successful,,SpaceX,Commercial,Falcon 9,Falcon,Communications,Geostationary Transfer Orbit,GTO,Space Launch Complex 40,"Cape Canaveral SFS, FL, USA",USA
5ef7ae3d-8667-49c9-aeea-548a34f82776,Angara A5/Briz-M | Dummy payload,2020-12-14 05:50:00+00:00,Launch Successful,,Khrunichev State Research and Production Space Center,Government,Angara A5/Briz-M,Angara,Test Flight,Geostationary Orbit,Direct-GEO,35/1,"Plesetsk Cosmodrome, Russian Federation",RUS
3277ea9a-9ce3-4e96-9d2a-dfd15155ea61,Electron | The Owl's Night Begins (StriX-α),2020-12-15 10:09:27+00:00,Launch Successful,,Rocket Lab,Commercial,Electron,,Earth Science,Sun-Synchronous Orbit,SSO,Rocket Lab Launch Complex 1A,"Rocket Lab Launch Complex 1, Mahia Peninsula, New Zealand",NZL
ffaceda9-2d21-4c79-b854-3414b774d8af,Astra Rocket 3.2 | Flight 2,2020-12-15 20:55:00+00:00,Launch Failure,Premature second stage engine cutoff prevented successful orbit insertion.,Astra Space,Commercial,Astra Rocket 3,Astra Rocket,Test Flight,Polar Orbit,PO,Launch Pad 3B,"Pacific Spaceport Complex, Alaska, USA",USA
3d0a75ba-674a-4424-9554-21ef7933421d,PSLV-XL | CMS-01 (GSAT-12R),2020-12-17 10:11:00+00:00,Launch Successful,,Indian Space Research Organization,Government,PSLV-XL,PSLV,Communications,Geostationary Transfer Orbit,GTO,Satish Dhawan Space Centre First Launch Pad,"Satish Dhawan Space Centre, India",IND
294e456a-fccc-4af1-a75e-990f8bb9ffba,Soyuz 2.1b/Fregat-M | OneWeb 4,2020-12-18 12:26:27+00:00,Launch Successful,,Arianespace,Commercial,Soyuz 2.1b/Fregat-M,Soyuz,Communications,Polar Orbit,PO,Cosmodrome Site 1S,"Vostochny Cosmodrome, Siberia, Russian Federation",RUS
528b72ff-e47e-46a3-b7ad-23b2ffcec2f2,Falcon 9 Block 5 | NROL-108,2020-12-19 14:00:00+00:00,Launch Successful,,SpaceX,Commercial,Falcon 9,Falcon,Government/Top Secret,Low Earth Orbit,LEO,Launch Complex 39A,"Kennedy Space Center, FL, USA",USA
57c418cc-97ae-4d8e-b806-bb0e0345217f,Long March 8 | XJY-7 & others,2020-12-22 04:37:37+00:00,Launch Successful,,China Aerospace Science and Technology Corporation,Government,Long March 8,Long March,Government/Top Secret,Sun-Synchronous Orbit,SSO,201,"Wenchang Space Launch Site, People's Republic of China",CHN
9612be5b-2f6d-424b-b622-6c1baea94029,Long March 4C | Yaogan-33(R),2020-12-27 15:44:00+00:00,Launch Successful,,China Aerospace Science and Technology Corporation,Government,Long March 4C,Long March,,,,Launch Area 94 (SLS-2 / 603),"Jiuquan Satellite Launch Center, People's Republic of China",CHN
7409ce63-4f65-44d6-804c-5784189bf7b5,Soyuz STA/Fregat | CSO-2,2020-12-29 16:42:07+00:00,Launch Successful,,Arianespace,Commercial,Soyuz STA,Soyuz,Government/Top Secret,Sun-Synchronous Orbit,SSO,Soyuz Launch Complex,"Guiana Space Centre, French Guiana",GUF
d5d607b7-05ed-4142-8703-14b553c195e0,Falcon 9 Block 5 | Türksat 5A,2021-01-08 02:15:00+00:00,Launch Successful,,SpaceX,Commercial,Falcon 9,Falcon,Communications,Geostationary Transfer Orbit,GTO,Space Launch Complex 40,"Cape Canaveral SFS, FL, USA",USA
83b6aa26-f893-4176-afcd-24c2c50953d6,New Shepard | NS-14,2021-01-14 17:19:00+00:00,Launch Successful,,Blue Origin,Commercial,New Shepard,,Suborbital,Suborbital,Sub,West Texas Suborbital Launch Site/ Corn Ranch,"Corn Ranch, Van Horn, TX, USA",USA
20d9789c-dfdf-46b5-a964-de5f031615a5,LauncherOne | Launch Demo 2,2021-01-17 19:38:51+00:00,Launch Successful,,Virgin Orbit,Commercial,LauncherOne,,Dedicated Rideshare,Polar Orbit,PO,Mojave Air and Space Port,Air launch to orbit,???
72c9cbcc-804d-499b-ab03-5fa63028cda7,Long March 3B/E | Tiantong-1-03,2021-01-19 16:25:00+00:00,Launch Successful,,China Aerospace Science and Technology Corporation,Government,Long March 3B/E,Long March,Communications,Geostationary Transfer Orbit,GTO,Launch Complex 2 (LC-2),"Xichang Satellite Launch Center, People's Republic of China",CHN
68e50165-a929-424a-ab8b-ec7a1ae7465e,Electron | Another One Leaves The Crust (GMS-T),2021-01-20 07:26:00+00:00,Launch Successful,,Rocket Lab,Commercial,Electron,,Communications,Polar Orbit,PO,Rocket Lab Launch Complex 1A,"Rocket Lab Launch Complex 1, Mahia Peninsula, New Zealand",NZL
74426779-131d-416f-9ff5-dd879e231292,Falcon 9 Block 5 | Starlink 16,2021-01-20 13:02:00+00:00,Launch Successful,,SpaceX,Commercial,Falcon 9,Falcon,Communications,Low Earth Orbit,LEO,Launch Complex 39A,"Kennedy Space Center, FL, USA",USA
f213a5df-579a-4682-8143-df228e463049,Falcon 9 Block 5 | Transporter 1 (Dedicated SSO Rideshare),2021-01-24 15:00:00+00:00,Launch Successful,,SpaceX,Commercial,Falcon 9,Falcon,Dedicated Rideshare,Sun-Synchronous Orbit,SSO,Space Launch Complex 40,"Cape Canaveral SFS, FL, USA",USA
3bcdceff-a986-41d1-8339-bda4aff7045a,Long March 4C | Yaogan-31-02,2021-01-29 04:47:00+00:00,Launch Successful,,China Aerospace Science and Technology Corporation,Government,Long March 4C,Long March,,,,Launch Area 94 (SLS-2 / 603),"Jiuquan Satellite Launch Center, People's Republic of China",CHN
181b52ee-1b07-468a-8cab-b461fc8cd7db,Hyperbola-1 | Unknown,2021-02-01 08:15:00+00:00,Launch Failure,,i-Space,Commercial,Hyperbola-1,,,,,Launch Area 95A,"Jiuquan Satellite Launch Center, People's Republic of China",CHN
44670393-85da-4504-99f3-e5b95d71cbb6,Starship SN9 | 10 km Flight,2021-02-02 20:25:15+00:00,Launch was a Partial Failure,Destroyed on landing,SpaceX,Commercial,Starship Prototype,Starship,Test Flight,Suborbital,Sub,Suborbital Pad B,"SpaceX Starbase, TX, USA",USA
cc9500f6-3b2f-4fcf-b9dd-6a3640209961,Soyuz 2.1b | Lotos-S1,2021-02-02 20:45:28+00:00,Launch Successful,,Russian Space Forces,Government,Soyuz 2.1b,Soyuz,Government/Top Secret,Low Earth Orbit,LEO,43/4 (43R),"Plesetsk Cosmodrome, Russian Federation",RUS
f31702e8-6353-4c9a-932c-5bd104717500,Falcon 9 Block 5 | Starlink 18,2021-02-04 06:19:54+00:00,Launch Successful,,SpaceX,Commercial,Falcon 9,Falcon,Communications,Low Earth Orbit,LEO,Space Launch Complex 40,"Cape Canaveral SFS, FL, USA",USA
7b9544ce-4507-4f04-9a77-697c35aa082c,Long March 3B | TJSW-6,2021-02-04 15:36:04+00:00,Launch Successful,,China Aerospace Science and Technology Corporation,Government,Long March 3B/E,Long March,Government/Top Secret,Geostationary Transfer Orbit,GTO,Launch Complex 3 (LC-3/LA-1),"Xichang Satellite Launch Center, People's Republic of China",CHN
19407719-d66c-492d-9288-e5e6ddbadbd6,Soyuz 2.1a | Progress MS-16 (77P),2021-02-15 04:45:06+00:00,Launch Successful,,Russian Federal Space Agency (ROSCOSMOS),Government,Soyuz 2.1a,Soyuz,Resupply,Low Earth Orbit,LEO,31/6,"Baikonur Cosmodrome, Republic of Kazakhstan",KAZ
985f1cc1-82c1-4a89-b2cc-e9dc91829a0e,Falcon 9 Block 5 | Starlink 19,2021-02-16 03:59:37+00:00,Launch Successful,,SpaceX,Commercial,Falcon 9,Falcon,Communications,Low Earth Orbit,LEO,Space Launch Complex 40,"Cape Canaveral SFS, FL, USA",USA
f1a8d62e-709d-4e89-ade9-a8779492c7a9,Antares 230+ | Cygnus CRS-2 NG-15 (S.S. Katherine Johnson),2021-02-20 17:36:49+00:00,Launch Successful,,Northrop Grumman Space Systems,Commercial,Antares 230+,Antares,Resupply,Low Earth Orbit,LEO,Launch Area 0 A,"Wallops Flight Facility, Virginia, USA",USA
80e1d8bd-bae1-4db8-a509-a7c8b26435c5,Long March 4C | Yaogan-31-03,2021-02-24 02:22:00+00:00,Launch Successful,,China Aerospace Science and Technology Corporation,Government,Long March 4C,Long March,,,,Launch Area 94 (SLS-2 / 603),"Jiuquan Satellite Launch Center, People's Republic of China",CHN
2a787f32-69db-4f78-b69e-df26e5c2ab88,PSLV-DL | Amazonia 1 & 18 others,2021-02-28 04:54:00+00:00,Launch Successful,,Indian Space Research Organization,Government,PSLV-DL,PSLV,Earth Science,Sun-Synchronous Orbit,SSO,Satish Dhawan Space Centre First Launch Pad,"Satish Dhawan Space Centre, India",IND
b7e42e9f-7c6c-4a7b-ade3-e19df59209ae,Soyuz 2.1b/Fregat-M | Arktika-M No.1,2021-02-28 06:55:01+00:00,Launch Successful,,Russian Federal Space Agency (ROSCOSMOS),Government,Soyuz 2.1b/Fregat-M,Soyuz,Earth Science,Elliptical Orbit,Elliptical,31/6,"Baikonur Cosmodrome, Republic of Kazakhstan",KAZ
c0ac9a61-5aac-40d7-9919-3c29ea7d4172,Starship SN10 | 10 km Flight,2021-03-03 23:15:00+00:00,Launch Successful,,SpaceX,Commercial,Starship Prototype,Starship,Test Flight,Suborbital,Sub,Suborbital Pad A,"SpaceX Starbase, TX, USA",USA
dfd4f0e0-0ab4-494d-bd88-1b93b934b269,Falcon 9 Block 5 | Starlink 17,2021-03-04 08:24:54+00:00,Launch Successful,,SpaceX,Commercial,Falcon 9,Falcon,Communications,Low Earth Orbit,LEO,Launch Complex 39A,"Kennedy Space Center, FL, USA",USA
134eb787-244e-4131-8b03-c9fbd0a11efc,Falcon 9 Block 5 | Starlink 20,2021-03-11 08:13:29+00:00,Launch Successful,,SpaceX,Commercial,Falcon 9,Falcon,Communications,Low Earth Orbit,LEO,Space Launch Complex 40,"Cape Canaveral SFS, FL, USA",USA
f823000c-8272-4661-941b-be72cf3c8ab6,Long March 7A | Shiyan 9 (XJY-6-02),2021-03-11 17:51:28+00:00,Launch Successful,,China Aerospace Science and Technology Corporation,Government,Long March 7A,Long March,Government/Top Secret,Geostationary Transfer Orbit,GTO,201,"Wenchang Space Launch Site, People's Republic of China",CHN
ac1deedc-8690-439a-90d8-d5166451f131,Long March 4C | Yaogan-31-04,2021-03-13 02:19:00+00:00,Launch Successful,,China Aerospace Science and Technology Corporation,Government,Long March 4C,Long March,,,,Launch Area 94 (SLS-2 / 603),"Jiuquan Satellite Launch Center, People's Republic of China",CHN
896d876d-e834-4810-8a5e-44d6b6a42630,Falcon 9 Block 5 | Starlink 21,2021-03-14 10:01:26+00:00,Launch Successful,,SpaceX,Commercial,Falcon 9,Falcon,Communications,Low Earth Orbit,LEO,Launch Complex 39A,"Kennedy Space Center, FL, USA",USA
54c50fe1-bbd1-4515-9630-37612383c3c1,Soyuz 2.1a/Fregat-M | CAS500-1 & rideshare,2021-03-22 06:07:12+00:00,Launch Successful,,GK Launch Services,Commercial,Soyuz 2.1a/Fregat-M,Soyuz,Earth Science,Sun-Synchronous Orbit,SSO,31/6,"Baikonur Cosmodrome, Republic of Kazakhstan",KAZ
dff2b6dc-933a-42b4-8d74-db543ada94bb,Electron | They Go Up So Fast (Rideshare),2021-03-22 22:30:00+00:00,Launch Successful,,Rocket Lab,Commercial,Electron,,Dedicated Rideshare,Sun-Synchronous Orbit,SSO,Rocket Lab Launch Complex 1A,"Rocket Lab Launch Complex 1, Mahia Peninsula, New Zealand",NZL
ec03fe36-fe2a-4e43-8e10-d07d5349f1de,Falcon 9 Block 5 | Starlink 22,2021-03-24 08:28:00+00:00,Launch Successful,,SpaceX,Commercial,Falcon 9,Falcon,Communications,Low Earth Orbit,LEO,Space Launch Complex 40,"Cape Canaveral SFS, FL, USA",USA
6bd4d3d9-d76d-4348-99d3-fad749b6b863,Soyuz 2.1b/Fregat-M | OneWeb 5,2021-03-25 02:47:33+00:00,Launch Successful,,Arianespace,Commercial,Soyuz 2.1b/Fregat-M,Soyuz,Communications,Polar Orbit,PO,Cosmodrome Site 1S,"Vostochny Cosmodrome, Siberia, Russian Federation",RUS
fc7a010b-0e88-43cb-8953-9a969c475dd6,Starship SN11 | 10 km Flight,2021-03-30 13:00:00+00:00,Launch Failure,,SpaceX,Commercial,Starship Prototype,Starship,Test Flight,Suborbital,Sub,Suborbital Pad B,"SpaceX Starbase, TX, USA",USA
f3f92214-a75e-49c1-a460-bc23c573291b,Long March 4C | Gaofen-12-02,2021-03-30 22:45:00+00:00,Launch Successful,,China Aerospace Science and Technology Corporation,Government,Long March 4C,Long March,Earth Science,Sun-Synchronous Orbit,SSO,Launch Area 94 (SLS-2 / 603),"Jiuquan Satellite Launch Center, People's Republic of China",CHN
385455f4-067e-4c24-9937-ca8283ed3307,Falcon 9 Block 5 | Starlink 23,2021-04-07 16:34:00+00:00,Launch Successful,,SpaceX,Commercial,Falcon 9,Falcon,Communications,Low Earth Orbit,LEO,Space Launch Complex 40,"Cape Canaveral SFS, FL, USA",USA
d6649b8e-e425-414b-8c07-1490404b8fb4,Long March 4B | Shiyan-6-03,2021-04-08 23:01:00+00:00,Launch Successful,,China Aerospace Science and Technology Corporation,Government,Long March 4B,Long March,,,,Launch Complex 9,"Taiyuan Satellite Launch Center, People's Republic of China",CHN
3898f855-5794-48b5-9cb8-6741cb53363b,Soyuz 2.1a | Soyuz MS-18,2021-04-09 07:42:41+00:00,Launch Successful,,Russian Federal Space Agency (ROSCOSMOS),Government,Soyuz 2.1a,Soyuz,Human Exploration,Low Earth Orbit,LEO,31/6,"Baikonur Cosmodrome, Republic of Kazakhstan",KAZ
ecf4290b-22dc-43c8-b86e-3506d5630fa2,New Shepard | NS-15,2021-04-14 16:49:15+00:00,Launch Successful,,Blue Origin,Commercial,New Shepard,,Suborbital,Suborbital,Sub,West Texas Suborbital Launch Site/ Corn Ranch,"Corn Ranch, Van Horn, TX, USA",USA
32dcb5ad-7609-4fc0-8094-768ee5c2ebe0,Falcon 9 Block 5 | Crew-2,2021-04-23 09:49:02+00:00,Launch Successful,,SpaceX,Commercial,Falcon 9,Falcon,Human Exploration,Low Earth Orbit,LEO,Launch Complex 39A,"Kennedy Space Center, FL, USA",USA
199265ca-cfd9-4474-bf54-8e5eb52bacf0,Soyuz 2.1b/Fregat-M | OneWeb 6,2021-04-25 22:14:08+00:00,Launch Successful,,Arianespace,Commercial,Soyuz 2.1b/Fregat-M,Soyuz,Communications,Polar Orbit,PO,Cosmodrome Site 1S,"Vostochny Cosmodrome, Siberia, Russian Federation",RUS
b19c48ca-3f3a-4ace-9d1c-f9e6a12a647d,Delta IV Heavy | NROL-82,2021-04-26 20:47:00+00:00,Launch Successful,,United Launch Alliance,Commercial,Delta IV Heavy,Delta,Government/Top Secret,Sun-Synchronous Orbit,SSO,Space Launch Complex 6,"Vandenberg SFB, CA, USA",USA
6e8e2a5f-0221-471a-b407-f27acc524f40,"Long March 6 | Qilu-1, Qilu-4 & others",2021-04-27 03:20:00+00:00,Launch Successful,,China Aerospace Science and Technology Corporation,Government,Long March 6,Long March,Dedicated Rideshare,Low Earth Orbit,LEO,Launch Complex 16,"Taiyuan Satellite Launch Center, People's Republic of China",CHN
4342580a-9380-47c8-803e-777265b3167b,Vega | Pléiades Neo 3,2021-04-29 01:50:00+00:00,Launch Successful,,Arianespace,Commercial,Vega,Vega,Government/Top Secret,Sun-Synchronous Orbit,SSO,Ariane Launch Area 1 (ELV),"Guiana Space Centre, French Guiana",GUF
7596479f-0307-4c59-85be-204a9b6c4f55,Long March 5B | Tianhe,2021-04-29 03:23:15+00:00,Launch Successful,,China Aerospace Science and Technology Corporation,Government,Long March 5B,Long March,Human Exploration,Low Earth Orbit,LEO,101,"Wenchang Space Launch Site, People's Republic of China",CHN
fbd23c86-89d0-4d3f-b5fb-5d7165d05cca,Falcon 9 Block 5 | Starlink 24,2021-04-29 03:44:30+00:00,Launch Successful,,SpaceX,Commercial,Falcon 9,Falcon,Communications,Low Earth Orbit,LEO,Space Launch Complex 40,"Cape Canaveral SFS, FL, USA",USA
f75fc75d-3402-4aac-9d75-2b832af29a12,Long March 4C | Yaogan 34,2021-04-30 07:27:00+00:00,Launch Successful,,China Aerospace Science and Technology Corporation,Government,Long March 4C,Long March,Government/Top Secret,Low Earth Orbit,LEO,Launch Area 94 (SLS-2 / 603),"Jiuquan Satellite Launch Center, People's Republic of China",CHN
1ecc82c0-c5c8-41f0-aa58-b50a3b839ae0,Falcon 9 Block 5 | Starlink 25,2021-05-04 19:01:00+00:00,Launch Successful,,SpaceX,Commercial,Falcon 9,Falcon,Communications,Low Earth Orbit,LEO,Launch Complex 39A,"Kennedy Space Center, FL, USA",USA
73ae8553-cc90-46e9-9a01-70a712493856,Starship SN15 | 10 km Flight,2021-05-05 22:24:00+00:00,Launch Successful,,SpaceX,Commercial,Starship Prototype,Starship,Test Flight,Suborbital,Sub,Suborbital Pad A,"SpaceX Starbase, TX, USA",USA
5c904867-dba1-4f98-87e6-e01848aa45e6,Long March 2C | Yaogan-30-08,2021-05-06 18:11:05+00:00,Launch Successful,,China Aerospace Science and Technology Corporation,Government,Long March 2C,Long March,Government/Top Secret,Low Earth Orbit,LEO,Launch Complex 3 (LC-3/LA-1),"Xichang Satellite Launch Center, People's Republic of China",CHN
e5085f22-208b-4b28-b66c-fd4bd9df90e7,Falcon 9 Block 5 | Starlink 27,2021-05-09 06:42:00+00:00,Launch Successful,,SpaceX,Commercial,Falcon 9,Falcon,Communications,Low Earth Orbit,LEO,Space Launch Complex 40,"Cape Canaveral SFS, FL, USA",USA
0c2347a5-73f1-462c-91f7-8aa8b917ab0d,Electron | Running Out of Toes (BlackSky 8-9),2021-05-15 11:11:00+00:00,Launch Failure,Unspecified issue shortly after stage two ignition,Rocket Lab,Commercial,Electron,,Earth Science,Low Earth Orbit,LEO,Rocket Lab Launch Complex 1A,"Rocket Lab Launch Complex 1, Mahia Peninsula, New Zealand",NZL
c32d1f5e-2dd9-4b55-ac8b-3eb8c4a4e955,Falcon 9 Block 5 | Starlink 26,2021-05-15 22:56:00+00:00,Launch Successful,,SpaceX,Commercial,Falcon 9,Falcon,Communications,Low Earth Orbit,LEO,Launch Complex 39A,"Kennedy Space Center, FL, USA",USA
137a0935-a14f-4690-9ce2-02c8c2ebd1c5,Atlas V 421 | SBIRS GEO-5,2021-05-18 17:37:00+00:00,Launch Successful,,United Launch Alliance,Commercial,Atlas V 421,Atlas,Government/Top Secret,Geostationary Transfer Orbit,GTO,Space Launch Complex 41,"Cape Canaveral SFS, FL, USA",USA
88d18ceb-2e30-4968-b230-9c8142262e4d,Long March 4B | Haiyang 2D,2021-05-19 04:03:00+00:00,Launch Successful,,China Aerospace Science and Technology Corporation,Government,Long March 4B,Long March,Earth Science,Low Earth Orbit,LEO,Launch Area 94 (SLS-2 / 603),"Jiuquan Satellite Launch Center, People's Republic of China",CHN
182a1c2f-c36a-4444-8599-448516ac1c2d,SpaceShipTwo | VSS Unity VF-03,2021-05-22 15:27:00+00:00,Launch Successful,,Virgin Galactic,Private,SpaceShipTwo,,Test Flight,Suborbital,Sub,Spaceport America,Air launch to Suborbital flight,???
fb25ecf0-fb51-4b5e-b678-105f6ba4c06e,Falcon 9 Block 5 | Starlink 28,2021-05-26 18:59:00+00:00,Launch Successful,,SpaceX,Commercial,Falcon 9,Falcon,Communications,Low Earth Orbit,LEO,Space Launch Complex 40,"Cape Canaveral SFS, FL, USA",USA
e5bf5439-7687-4f67-b70d-9d1c0cf8e0dc,Soyuz 2.1b/Fregat-M | OneWeb 7,2021-05-28 17:38:39+00:00,Launch Successful,,Arianespace,Commercial,Soyuz 2.1b/Fregat-M,Soyuz,Communications,Polar Orbit,PO,Cosmodrome Site 1S,"Vostochny Cosmodrome, Siberia, Russian Federation",RUS
c9fb70ab-85b1-40dd-b98e-67b37efc7e94,Long March 7 | Tianzhou-2,2021-05-29 12:55:29+00:00,Launch Successful,,China Aerospace Science and Technology Corporation,Government,Long March 7,Long March,Resupply,Low Earth Orbit,LEO,201,"Wenchang Space Launch Site, People's Republic of China",CHN
54542f3a-1a28-430b-a416-03f58e1a88d2,Long March 3B | Fengyun-4B,2021-06-02 16:17:00+00:00,Launch Successful,,China Aerospace Science and Technology Corporation,Government,Long March 3B,Long March,Earth Science,Geostationary Transfer Orbit,GTO,Launch Complex 2 (LC-2),"Xichang Satellite Launch Center, People's Republic of China",CHN
89a150ea-6e4b-489f-853c-3603ae684611,Falcon 9 Block 5 | Dragon CRS-2 SpX-22,2021-06-03 17:29:15+00:00,Launch Successful,,SpaceX,Commercial,Falcon 9,Falcon,Resupply,Low Earth Orbit,LEO,Launch Complex 39A,"Kennedy Space Center, FL, USA",USA
edaf9a8d-d67c-4e0e-8452-a37b111581d5,Falcon 9 Block 5 | Sirius SXM-8,2021-06-06 04:26:00+00:00,Launch Successful,,SpaceX,Commercial,Falcon 9,Falcon,Communications,Geostationary Transfer Orbit,GTO,Space Launch Complex 40,"Cape Canaveral SFS, FL, USA",USA
8b7dcc7f-d44a-4e89-a680-1915b851bd9c,Long March 2D | Beijing-3,2021-06-11 03:03:00+00:00,Launch Successful,,China Aerospace Science and Technology Corporation,Government,Long March 2D,Long March,Earth Science,Sun-Synchronous Orbit,SSO,Launch Complex 9,"Taiyuan Satellite Launch Center, People's Republic of China",CHN
2facca07-91fc-435b-aeb7-953cac57fdee,Simorgh | Unknown,2021-06-12 00:00:00+00:00,Launch Failure,"Failure was reported per US government sources, however the details were not made public.",Iranian Space Agency,Government,Simorgh,,Government/Top Secret,Low Earth Orbit,LEO,Imam Khomeini Spaceport,"Semnan Space Center, Islamic Republic of Iran",IRN
2873e5f4-dc84-4de7-a86b-7348143c1772,Pegasus XL | Odyssey (TacRL-2),2021-06-13 08:11:00+00:00,Launch Successful,,Northrop Grumman Space Systems,Commercial,Pegasus XL,Pegasus,Government/Top Secret,Sun-Synchronous Orbit,SSO,Vandenberg Space Force Base,Air launch to orbit,???
ba1331d1-2009-4083-80d9-ed654c05ad74,Minotaur I | NROL-111,2021-06-15 13:35:00+00:00,Launch Successful,,Northrop Grumman Space Systems,Commercial,Minotaur I,Minotaur,Government/Top Secret,Low Earth Orbit,LEO,Launch Area 0 B,"Wallops Flight Facility, Virginia, USA",USA
5c1c76b1-fe29-4b3f-97d0-c35695d5fbd0,Long March 2F/G | Shenzhou 12,2021-06-17 01:22:31+00:00,Launch Successful,,China Aerospace Science and Technology Corporation,Government,Long March 2F/G,Long March,Human Exploration,Low Earth Orbit,LEO,Launch Area 91 (SLS-1 / 921),"Jiuquan Satellite Launch Center, People's Republic of China",CHN
110c808a-a091-47ab-8532-4fa058c1de7a,Falcon 9 Block 5 | GPS III SV05,2021-06-17 16:09:35+00:00,Launch Successful,,SpaceX,Commercial,Falcon 9,Falcon,Navigation,Medium Earth Orbit,MEO,Space Launch Complex 40,"Cape Canaveral SFS, FL, USA",USA
31c4ba41-c3a5-4cae-8749-d3afb84abad4,Long March 2C | Yaogan-30-09,2021-06-18 06:30:00+00:00,Launch Successful,,China Aerospace Science and Technology Corporation,Government,Long March 2C,Long March,Government/Top Secret,Low Earth Orbit,LEO,Launch Complex 3 (LC-3/LA-1),"Xichang Satellite Launch Center, People's Republic of China",CHN
015b59fc-e2f5-4715-97b5-75bf07502950,Soyuz 2.1b | Pion-NKS No. 1 (Kosmos 2550),2021-06-25 19:50:00+00:00,Launch Successful,,Russian Space Forces,Government,Soyuz 2.1b,Soyuz,Government/Top Secret,Low Earth Orbit,LEO,43/4 (43R),"Plesetsk Cosmodrome, Russian Federation",RUS
a330c94f-5191-42a2-9401-59a6268f590a,Soyuz 2.1a | Progress MS-17 (78P),2021-06-29 23:27:20+00:00,Launch Successful,,Russian Federal Space Agency (ROSCOSMOS),Government,Soyuz 2.1a,Soyuz,Resupply,Low Earth Orbit,LEO,31/6,"Baikonur Cosmodrome, Republic of Kazakhstan",KAZ
1c9140f6-b771-4312-882b-950ff427f36a,"LauncherOne | Tubular Bells, Part One",2021-06-30 14:47:00+00:00,Launch Successful,,Virgin Orbit,Commercial,LauncherOne,,Dedicated Rideshare,Low Earth Orbit,LEO,Mojave Air and Space Port,Air launch to orbit,???
5d248abe-17ef-43ce-9c04-aef33af40520,Falcon 9 Block 5 | Transporter 2 (Dedicated SSO Rideshare),2021-06-30 19:31:00+00:00,Launch Successful,,SpaceX,Commercial,Falcon 9,Falcon,Dedicated Rideshare,Sun-Synchronous Orbit,SSO,Space Launch Complex 40,"Cape Canaveral SFS, FL, USA",USA
e614282e-107b-41b4-8bab-7d86062a7e34,Soyuz 2.1b/Fregat-M | OneWeb 8,2021-07-01 12:48:33+00:00,Launch Successful,,Arianespace,Commercial,Soyuz 2.1b/Fregat-M,Soyuz,Communications,Polar Orbit,PO,Cosmodrome Site 1S,"Vostochny Cosmodrome, Siberia, Russian Federation",RUS
df8da745-9f99-4f85-8508-d326215421c0,Long March 2D | Jilin-1 Wideband-01B & High Resolution 03D,2021-07-03 02:51:00+00:00,Launch Successful,,China Aerospace Science and Technology Corporation,Government,Long March 2D,Long March,Earth Science,Sun-Synchronous Orbit,SSO,Launch Complex 9,"Taiyuan Satellite Launch Center, People's Republic of China",CHN
504ba71a-bf09-48f1-9346-48c3d79e580b,MOMO | Flight 7,2021-07-03 08:45:00+00:00,Launch Successful,,Interstellar Technologies,Commercial,MOMO v1,MOMO,Suborbital,Suborbital,Sub,Launch Complex 0,"Hokkaido Spaceport, Japan",JPN
6d847530-c328-445b-9689-6969ae689d79,Long March 4C | Fengyun-3E,2021-07-04 23:28:00+00:00,Launch Successful,,China Aerospace Science and Technology Corporation,Government,Long March 4C,Long March,Earth Science,Sun-Synchronous Orbit,SSO,Launch Area 94 (SLS-2 / 603),"Jiuquan Satellite Launch Center, People's Republic of China",CHN
7f1aeee3-31ff-4b97-a55a-e87449e68cb2,Long March 3C/E | Tianlian 1-05,2021-07-06 15:53:00+00:00,Launch Successful,,China Aerospace Science and Technology Corporation,Government,Long March 3C/E,Long March,Communications,Geostationary Transfer Orbit,GTO,Launch Complex 2 (LC-2),"Xichang Satellite Launch Center, People's Republic of China",CHN
3b1d60f4-157a-436a-8679-73e91628a25c,Long March 6 | Zhongzi Group 02 (Ningxia-1-02),2021-07-09 11:59:00+00:00,Launch Successful,,China Aerospace Science and Technology Corporation,Government,Long March 6,Long March,Earth Science,Low Earth Orbit,LEO,Launch Complex 16,"Taiyuan Satellite Launch Center, People's Republic of China",CHN
3c0231ab-5764-4622-b4eb-50eff30ea8be,SpaceShipTwo | VSS Unity 22,2021-07-11 15:25:30+00:00,Launch Successful,,Virgin Galactic,Private,SpaceShipTwo,,Tourism,Suborbital,Sub,Spaceport America,Air launch to Suborbital flight,???
24cfdd1c-d150-4da3-8030-d11b2e0fc694,Long March 2C | Yaogan-30-10,2021-07-19 00:19:00+00:00,Launch Successful,,China Aerospace Science and Technology Corporation,Government,Long March 2C,Long March,Government/Top Secret,Low Earth Orbit,LEO,Launch Complex 3 (LC-3/LA-1),"Xichang Satellite Launch Center, People's Republic of China",CHN
d0f9cb4e-8efe-4b70-a675-3f087acd6f74,New Shepard | NS-16,2021-07-20 13:12:00+00:00,Launch Successful,,Blue Origin,Commercial,New Shepard,,Tourism,Suborbital,Sub,West Texas Suborbital Launch Site/ Corn Ranch,"Corn Ranch, Van Horn, TX, USA",USA
27fd5d5a-6935-4697-98b4-b409f029e2f0,Proton-M | MLM Nauka,2021-07-21 14:58:25+00:00,Launch Successful,,Khrunichev State Research and Production Space Center,Government,Proton-M,Proton / UR-500,Human Exploration,Low Earth Orbit,LEO,200/39 (200L),"Baikonur Cosmodrome, Republic of Kazakhstan",KAZ
1a899b5c-31f9-4aa8-baa9-4f88eb5d789e,Long March 2D | Tianhui-1-04,2021-07-29 04:01:00+00:00,Launch Successful,,China Aerospace Science and Technology Corporation,Government,Long March 2D,Long March,Earth Science,Sun-Synchronous Orbit,SSO,Launch Area 94 (SLS-2 / 603),"Jiuquan Satellite Launch Center, People's Republic of China",CHN
120c53d4-d3a1-42fe-b2a5-a63e3b11d72b,Electron | It’s a Little Chile Up Here (STP-27RM),2021-07-29 06:00:00+00:00,Launch Successful,,Rocket Lab,Commercial,Electron,,Government/Top Secret,Low Earth Orbit,LEO,Rocket Lab Launch Complex 1A,"Rocket Lab Launch Complex 1, Mahia Peninsula, New Zealand",NZL
be2342f2-5ae2-4a91-a64f-681106da2aab,Ariane 5 ECA+ | Star One D2 & Eutelsat Quantum,2021-07-30 21:00:00+00:00,Launch Successful,,Arianespace,Commercial,Ariane 5 ECA+,Ariane,Communications,Geostationary Transfer Orbit,GTO,Ariane Launch Area 3,"Guiana Space Centre, French Guiana",GUF
e3f345de-b866-4989-b2c2-edccf4305324,MOMO | Flight 6,2021-07-31 08:00:00+00:00,Launch Successful,,Interstellar Technologies,Commercial,MOMO v1,MOMO,Suborbital,Suborbital,Sub,Launch Complex 0,"Hokkaido Spaceport, Japan",JPN
ce27d597-32b9-4871-a222-f76cd73e0ee3,Hyperbola-1 | Jilin-1 Mofang-01A (?),2021-08-03 07:39:30+00:00,Launch Failure,Payload fairing failed to separate.,i-Space,Commercial,Hyperbola-1,,Earth Science,Sun-Synchronous Orbit,SSO,Launch Area 95A,"Jiuquan Satellite Launch Center, People's Republic of China",CHN
64c62222-f8f8-4a35-a8d7-e1b3a0a9250d,Long March 6 | KL-Beta,2021-08-04 11:01:00+00:00,Launch Successful,,China Aerospace Science and Technology Corporation,Government,Long March 6,Long March,Communications,Polar Orbit,PO,Launch Complex 16,"Taiyuan Satellite Launch Center, People's Republic of China",CHN
69b1d093-11c2-4e36-8d85-a22304b555ba,Long March 3B | Zhongxing 2E (Chinasat 2E),2021-08-05 16:30:04+00:00,Launch Successful,,China Aerospace Science and Technology Corporation,Government,Long March 3B/E,Long March,Communications,Geostationary Transfer Orbit,GTO,Launch Complex 2 (LC-2),"Xichang Satellite Launch Center, People's Republic of China",CHN
6476f988-3289-4065-95f4-266b86774d3d,Antares 230+ | Cygnus CRS-2 NG-16 (S.S. Ellison Onizuka),2021-08-10 22:01:05+00:00,Launch Successful,,Northrop Grumman Space Systems,Commercial,Antares 230+,Antares,Resupply,Low Earth Orbit,LEO,Launch Area 0 A,"Wallops Flight Facility, Virginia, USA",USA
397c50c5-8a2b-4ca5-807d-8911c14b7126,GSLV Mk II | EOS-03 (GISAT-1),2021-08-12 00:13:00+00:00,Launch Failure,Third stage of the launch vehicle did not ignite due to a technical anomaly,Indian Space Research Organization,Government,GSLV Mk II,GSLV,Earth Science,Geostationary Transfer Orbit,GTO,Satish Dhawan Space Centre Second Launch Pad,"Satish Dhawan Space Centre, India",IND
c46cfec6-f135-41f9-995f-9482b8cbe668,Vega | Pléiades Neo 4,2021-08-17 01:47:06+00:00,Launch Successful,,Arianespace,Commercial,Vega,Vega,Government/Top Secret,Sun-Synchronous Orbit,SSO,Ariane Launch Area 1 (ELV),"Guiana Space Centre, French Guiana",GUF
0c6bdb4c-74cc-470b-9ffd-2df58d6408d6,Long March 4B | Tianhui-2-02,2021-08-18 22:32:00+00:00,Launch Successful,,China Aerospace Science and Technology Corporation,Government,Long March 4B,Long March,Earth Science,Sun-Synchronous Orbit,SSO,Launch Complex 9,"Taiyuan Satellite Launch Center, People's Republic of China",CHN
c185a08e-9d82-4590-a13f-213c84c865e0,Soyuz 2.1b/Fregat-M | OneWeb 9,2021-08-21 22:13:40+00:00,Launch Successful,,Arianespace,Commercial,Soyuz 2.1b/Fregat-M,Soyuz,Communications,Polar Orbit,PO,31/6,"Baikonur Cosmodrome, Republic of Kazakhstan",KAZ
6aaf04a1-85ee-4698-9933-31aca3e19ccf,Long March 2C/YZ-1S | RSW-01 - 03,2021-08-24 11:15:00+00:00,Launch Successful,,China Aerospace Science and Technology Corporation,Government,Long March 2C/YZ-1S,Long March,Communications,Polar Orbit,PO,Launch Area 94 (SLS-2 / 603),"Jiuquan Satellite Launch Center, People's Republic of China",CHN
67b4af9c-adf4-4ae7-922d-8f27e22b4b25,Long March 3B | TJSW-7,2021-08-24 15:41:00+00:00,Launch Successful,,China Aerospace Science and Technology Corporation,Government,Long March 3B/E,Long March,Government/Top Secret,Geostationary Transfer Orbit,GTO,Launch Complex 3 (LC-3/LA-1),"Xichang Satellite Launch Center, People's Republic of China",CHN
ff3ef28b-afd5-414f-aab4-040d5b74fdd6,New Shepard | NS-17,2021-08-26 14:31:00+00:00,Launch Successful,,Blue Origin,Commercial,New Shepard,,Suborbital,Suborbital,Sub,West Texas Suborbital Launch Site/ Corn Ranch,"Corn Ranch, Van Horn, TX, USA",USA
5d461570-402b-46e6-bafc-3836d4dcd69d,Astra Rocket 3 | STP-27AD1,2021-08-28 22:35:00+00:00,Launch Failure,,Astra Space,Commercial,Astra Rocket 3,Astra Rocket,Test Flight,Polar Orbit,PO,Launch Pad 3B,"Pacific Spaceport Complex, Alaska, USA",USA
13386512-85bb-4c93-a9b0-f5eac05fbe4f,Falcon 9 Block 5 | Dragon CRS-2 SpX-23,2021-08-29 07:14:49+00:00,Launch Successful,,SpaceX,Commercial,Falcon 9,Falcon,Resupply,Low Earth Orbit,LEO,Launch Complex 39A,"Kennedy Space Center, FL, USA",USA
bb2a5291-0aef-4c2a-8e29-93362d256fea,Firefly Alpha | FLTA001 (Maiden Flight),2021-09-03 01:59:00+00:00,Launch Failure,"The launch vehicle was destroyed after reaching Max-Q, exact reason unknown yet.",Firefly Aerospace,Commercial,Firefly Alpha,Firefly Alpha,Test Flight,Low Earth Orbit,LEO,Space Launch Complex 2W,"Vandenberg SFB, CA, USA",USA
343e4980-cefc-42ac-bb58-f9441f27d6d8,Long March 4C | Gaofen-5-02,2021-09-07 03:01:00+00:00,Launch Successful,,China Aerospace Science and Technology Corporation,Government,Long March 4C,Long March,Earth Science,Sun-Synchronous Orbit,SSO,Launch Complex 9,"Taiyuan Satellite Launch Center, People's Republic of China",CHN
91f83c5a-f370-451e-8767-3bbc2144c516,Long March 3B | ChinaSat 9B,2021-09-09 11:50:00+00:00,Launch Successful,,China Aerospace Science and Technology Corporation,Government,Long March 3B/E,Long March,Communications,Geostationary Transfer Orbit,GTO,Launch Complex 2 (LC-2),"Xichang Satellite Launch Center, People's Republic of China",CHN
e1140531-122d-4062-a5a5-194042674121,Soyuz 2.1v | Razbeg 1 (Kosmos 2551),2021-09-09 19:59:47+00:00,Launch Successful,,Russian Space Forces,Government,Soyuz,Soyuz,Government/Top Secret,Sun-Synchronous Orbit,SSO,43/4 (43R),"Plesetsk Cosmodrome, Russian Federation",RUS
6b9f9fe6-7f94-498b-a664-7c9e42dbe76d,Falcon 9 Block 5 | Starlink Group 2-1,2021-09-14 03:55:50+00:00,Launch Successful,,SpaceX,Commercial,Falcon 9,Falcon,Communications,Polar Orbit,PO,Space Launch Complex 4E,"Vandenberg SFB, CA, USA",USA
0834f42e-8b04-4026-a3e1-df7a0d570bba,Soyuz 2.1b/Fregat-M | OneWeb 10,2021-09-14 18:07:19+00:00,Launch Successful,,Arianespace,Commercial,Soyuz 2.1b/Fregat-M,Soyuz,Communications,Polar Orbit,PO,31/6,"Baikonur Cosmodrome, Republic of Kazakhstan",KAZ
621d64e6-0513-45dc-8ffa-c9fd56518398,Falcon 9 Block 5 | Inspiration4,2021-09-16 00:02:56+00:00,Launch Successful,,SpaceX,Commercial,Falcon 9,Falcon,Human Exploration,Low Earth Orbit,LEO,Launch Complex 39A,"Kennedy Space Center, FL, USA",USA
23e92c1c-1c4f-469c-8cf0-74200a6b05c8,Hapith I | Test Flight,2021-09-16 06:39:00+00:00,Launch Failure,,TiSPACE,Private,Hapith I,,Test Flight,Suborbital,Sub,Pad 1,"Whalers Way Orbital Launch Complex, South Australia",AUS
cf0a0e4c-ce72-4b50-af07-016326cbceff,Long March 7 | Tianzhou-3,2021-09-20 07:10:11+00:00,Launch Successful,,China Aerospace Science and Technology Corporation,Government,Long March 7,Long March,Resupply,Low Earth Orbit,LEO,201,"Wenchang Space Launch Site, People's Republic of China",CHN
30412a48-cb4d-43d6-a304-6ae5f062504f,Kuaizhou 1A | Jilin-1-02D,2021-09-27 06:19:00+00:00,Launch Successful,,ExPace,Commercial,Kuaizhou 1A,Kuaizhou,Earth Science,Sun-Synchronous Orbit,SSO,Launch Area 95A,"Jiuquan Satellite Launch Center, People's Republic of China",CHN
b48423e2-ba38-46d4-88bb-45cdbb6d74a5,Long March 3B/E | Shiyan 10,2021-09-27 08:20:00+00:00,Launch Successful,,China Aerospace Science and Technology Corporation,Government,Long March 3B/E,Long March,Government/Top Secret,Geosynchronous Orbit,GSO,Launch Complex 3 (LC-3/LA-1),"Xichang Satellite Launch Center, People's Republic of China",CHN
f8a96988-9ba4-4480-84c4-496492e67e23,Atlas V 401 | Landsat 9,2021-09-27 18:12:00+00:00,Launch Successful,,United Launch Alliance,Commercial,Atlas V 401,Atlas,Earth Science,Sun-Synchronous Orbit,SSO,Space Launch Complex 3E,"Vandenberg SFB, CA, USA",USA
3637c9eb-25b4-4aaa-bb7e-2c3c53c46e56,Soyuz 2.1a | Soyuz MS-19,2021-10-05 08:55:02+00:00,Launch Successful,,Russian Federal Space Agency (ROSCOSMOS),Government,Soyuz 2.1a,Soyuz,Human Exploration,Low Earth Orbit,LEO,31/6,"Baikonur Cosmodrome, Republic of Kazakhstan",KAZ
ede465a7-4aa0-41fe-a1f5-a8e3c8e68df8,New Shepard | NS-18,2021-10-13 14:49:00+00:00,Launch Successful,,Blue Origin,Commercial,New Shepard,,Tourism,Suborbital,Sub,West Texas Suborbital Launch Site/ Corn Ranch,"Corn Ranch, Van Horn, TX, USA",USA
665d4c52-a441-416f-b634-3e9ae9f1d3ab,Soyuz 2.1b/Fregat-M | OneWeb 11,2021-10-14 09:40:10+00:00,Launch Successful,,Arianespace,Commercial,Soyuz 2.1b,Soyuz,Communications,Polar Orbit,PO,Cosmodrome Site 1S,"Vostochny Cosmodrome, Siberia, Russian Federation",RUS
00190507-4918-491a-aa73-0e151775fada,Long March 2D | Xihe (CHASE),2021-10-14 10:51:00+00:00,Launch Successful,,China Aerospace Science and Technology Corporation,Government,Long March 2D,Long March,Heliophysics,Sun-Synchronous Orbit,SSO,Launch Complex 9,"Taiyuan Satellite Launch Center, People's Republic of China",CHN
53d3f5c4-58ce-4aab-9f38-5d3dfa434194,Long March 2F/G | Shenzhou 13,2021-10-15 16:23:56+00:00,Launch Successful,,China Aerospace Science and Technology Corporation,Government,Long March 2F/G,Long March,Human Exploration,Low Earth Orbit,LEO,Launch Area 91 (SLS-1 / 921),"Jiuquan Satellite Launch Center, People's Republic of China",CHN
7e2d0fe7-6156-442d-be4e-cbac85f259e5,Atlas V 401 | Lucy,2021-10-16 09:34:00+00:00,Launch Successful,,United Launch Alliance,Commercial,Atlas V 401,Atlas,Robotic Exploration,Heliocentric N/A,Helio-N/A,Space Launch Complex 41,"Cape Canaveral SFS, FL, USA",USA
1f79ce8e-dabc-4287-bb59-2a40f567c4e4,Nuri | Flight Test,2021-10-21 08:00:00+00:00,Launch Failure,"Third stage failed to place the payload simulator into orbit, for unknown reason.",Korea Aerospace Research Institute,Government,Nuri,KSLV,Test Flight,Sun-Synchronous Orbit,SSO,LC-2,"Naro Space Center, South Korea",KOR
868fd262-e51f-472b-a991-da7996ff83f2,Long March 3B | Shijian 21,2021-10-24 01:27:00+00:00,Launch Successful,,China Aerospace Science and Technology Corporation,Government,Long March 3B/E,Long March,Government/Top Secret,Geostationary Transfer Orbit,GTO,Launch Complex 2 (LC-2),"Xichang Satellite Launch Center, People's Republic of China",CHN
7b412779-a9cd-442d-b067-1889a8f6b930,Ariane 5 ECA+ | SES-17 & Syracuse 4A,2021-10-24 02:10:00+00:00,Launch Successful,,Arianespace,Commercial,Ariane 5 ECA+,Ariane,Communications,Geostationary Transfer Orbit,GTO,Ariane Launch Area 3,"Guiana Space Centre, French Guiana",GUF
56e548c8-ff60-4cf5-bc60-d50a546a6a79,H-IIA 202 | QZS-1R,2021-10-26 02:19:37+00:00,Launch Successful,,Mitsubishi Heavy Industries,Commercial,H-IIA,H-II,Navigation,Geosynchronous Transfer Orbit,GSTO,Yoshinobu Launch Complex LP-1,"Tanegashima Space Center, Japan",JPN
708c2b85-50d6-4baa-bd3e-fdfb0257ea50,Kuaizhou 1A | Jilin-1-02F,2021-10-27 06:19:00+00:00,Launch Successful,,ExPace,Commercial,Kuaizhou 1A,Kuaizhou,Earth Science,Sun-Synchronous Orbit,SSO,Launch Area 95A,"Jiuquan Satellite Launch Center, People's Republic of China",CHN
5175abf5-6cac-4b57-ae16-edabc138966a,Soyuz 2.1a | Progress MS-18 (79P),2021-10-28 00:00:32+00:00,Launch Successful,,Russian Federal Space Agency (ROSCOSMOS),Government,Soyuz 2.1a,Soyuz,Resupply,Low Earth Orbit,LEO,31/6,"Baikonur Cosmodrome, Republic of Kazakhstan",KAZ
360fe91d-17ae-45b1-a636-340a27c1e6f8,Long March 2C/YZ-1S | Yaogan-32-02,2021-11-03 07:43:00+00:00,Launch Successful,,China Aerospace Science and Technology Corporation,Government,Long March 2C/YZ-1S,Long March,Government/Top Secret,Sun-Synchronous Orbit,SSO,Launch Area 94 (SLS-2 / 603),"Jiuquan Satellite Launch Center, People's Republic of China",CHN
221552dc-18f2-438e-a858-e29b3eafcf1a,Long March 6 | SDGSAT-1,2021-11-05 02:19:00+00:00,Launch Successful,,China Aerospace Science and Technology Corporation,Government,Long March 6,Long March,Earth Science,Sun-Synchronous Orbit,SSO,Launch Complex 16,"Taiyuan Satellite Launch Center, People's Republic of China",CHN
ec8490e6-e1a8-4381-9040-3ba4b42d4f37,Long March 2D | Yaogan 35 A/B/C,2021-11-06 03:00:00+00:00,Launch Successful,,China Aerospace Science and Technology Corporation,Government,Long March 2D,Long March,Government/Top Secret,Low Earth Orbit,LEO,Launch Complex 3 (LC-3/LA-1),"Xichang Satellite Launch Center, People's Republic of China",CHN
bc321d24-1c15-47e1-a966-497f1ca9dff2,Epsilon | RAISE-2 & others,2021-11-09 00:55:16+00:00,Launch Successful,,Japan Aerospace Exploration Agency,Government,Epsilon,Epsilon,Test Flight,Low Earth Orbit,LEO,Mu Center,"Uchinoura Space Center, Japan",JPN
0d779392-1a36-4c1e-b0b8-ec11e3031ee6,Falcon 9 Block 5 | Crew-3,2021-11-11 02:03:31+00:00,Launch Successful,,SpaceX,Commercial,Falcon 9,Falcon,Human Exploration,Low Earth Orbit,LEO,Launch Complex 39A,"Kennedy Space Center, FL, USA",USA
e4200e5c-2726-43f2-8439-36bd1be59821,Falcon 9 Block 5 | Starlink Group 4-1,2021-11-13 12:18:56+00:00,Launch Successful,,SpaceX,Commercial,Falcon 9,Falcon,Communications,Low Earth Orbit,LEO,Space Launch Complex 40,"Cape Canaveral SFS, FL, USA",USA
11ae4d7c-e83c-4a52-94b8-1cf79bd16d52,Vega | CERES,2021-11-16 09:27:55+00:00,Launch Successful,,Arianespace,Commercial,Vega,Vega,Government/Top Secret,Low Earth Orbit,LEO,Ariane Launch Area 1 (ELV),"Guiana Space Centre, French Guiana",GUF
3985e602-f22f-441f-a0b1-a450ea459da9,Electron | Love At First Insight (BlackSky 10-11),2021-11-18 01:38:13+00:00,Launch Successful,,Rocket Lab,Commercial,Electron,,Earth Science,Sun-Synchronous Orbit,SSO,Rocket Lab Launch Complex 1A,"Rocket Lab Launch Complex 1, Mahia Peninsula, New Zealand",NZL
fcd23739-8135-43bb-9524-a5dba87d40ac,Long March 4B | Gaofen-11-03,2021-11-20 01:51:00+00:00,Launch Successful,,China Aerospace Science and Technology Corporation,Government,Long March 4B,Long March,Earth Science,Sun-Synchronous Orbit,SSO,Launch Complex 9,"Taiyuan Satellite Launch Center, People's Republic of China",CHN
d08f82c9-efa1-44a8-9004-2fb3305f828a,Astra Rocket 3 | STP-27AD2,2021-11-20 06:16:00+00:00,Launch Successful,,Astra Space,Commercial,Astra Rocket 3,Astra Rocket,Test Flight,Polar Orbit,PO,Launch Pad 3B,"Pacific Spaceport Complex, Alaska, USA",USA
c39809ff-fb6e-4218-b869-a43a2b3d3518,Long March 4C | Gaofen-3 02,2021-11-22 23:45:00+00:00,Launch Successful,,China Aerospace Science and Technology Corporation,Government,Long March 4C,Long March,Earth Science,Sun-Synchronous Orbit,SSO,Launch Area 94 (SLS-2 / 603),"Jiuquan Satellite Launch Center, People's Republic of China",CHN
c4b2f90e-3385-4cbe-a89f-fc5f57da1bfb,Falcon 9 Block 5 | Double Asteroid Redirection Test (DART),2021-11-24 06:21:02+00:00,Launch Successful,,SpaceX,Commercial,Falcon 9,Falcon,Robotic Exploration,Heliocentric N/A,Helio-N/A,Space Launch Complex 4E,"Vandenberg SFB, CA, USA",USA
89ee335d-53bd-49e0-a774-921321f5926f,"Soyuz 2.1b | Uzlovoy Module (UM) ""Prichal""",2021-11-24 13:06:36+00:00,Launch Successful,,Russian Federal Space Agency (ROSCOSMOS),Government,Soyuz 2.1b,Soyuz,Human Exploration,Low Earth Orbit,LEO,31/6,"Baikonur Cosmodrome, Republic of Kazakhstan",KAZ
407d5c9c-61df-4439-b780-5fe41c4b12d5,Kuaizhou 1A | Shiyan 11,2021-11-24 23:41:00+00:00,Launch Successful,,China Aerospace Science and Industry Corporation,Government,Kuaizhou 1A,Kuaizhou,Government/Top Secret,Sun-Synchronous Orbit,SSO,Launch Area 95A,"Jiuquan Satellite Launch Center, People's Republic of China",CHN
12ed3429-fab7-4bc7-8d03-aa4dbe5f6228,Soyuz 2.1b/Fregat | EKS 5 (Tundra 5) (Kosmos 2552),2021-11-25 01:09:13+00:00,Launch Successful,,Russian Space Forces,Government,Soyuz 2.1b/Fregat,Soyuz,Government/Top Secret,Elliptical Orbit,Elliptical,43/4 (43R),"Plesetsk Cosmodrome, Russian Federation",RUS
6aa3fa12-04a7-4e87-9058-5aa24efb91aa,Long March 3B | ChinaSat 1D,2021-11-26 16:40:04+00:00,Launch Successful,,China Aerospace Science and Technology Corporation,Government,Long March 3B/E,Long March,Communications,Geostationary Transfer Orbit,GTO,Launch Complex 2 (LC-2),"Xichang Satellite Launch Center, People's Republic of China",CHN
56db9abd-41b8-41a3-9d6d-88e52460682b,Falcon 9 Block 5 | Starlink Group 4-3,2021-12-02 23:12:00+00:00,Launch Successful,,SpaceX,Commercial,Falcon 9,Falcon,Communications,Low Earth Orbit,LEO,Space Launch Complex 40,"Cape Canaveral SFS, FL, USA",USA
8464fae8-48ef-4e35-860c-07347f339ce2,Soyuz STB/Fregat | Galileo L11 (FOC FM23-FM24),2021-12-05 00:19:20+00:00,Launch Successful,,Arianespace,Commercial,Soyuz STB,Soyuz,Navigation,Medium Earth Orbit,MEO,Soyuz Launch Complex,"Guiana Space Centre, French Guiana",GUF
7ccf6526-6c1f-42f6-99d6-83a429249cef,Ceres-1 | Golden Bauhinia 1-03 & others,2021-12-07 04:12:30+00:00,Launch Successful,,Galactic Energy,Commercial,Ceres-1,Ceres-1,Dedicated Rideshare,Low Earth Orbit,LEO,Launch Area 95A,"Jiuquan Satellite Launch Center, People's Republic of China",CHN
495fe114-753d-48b1-9d23-eb9adaa3fb23,Atlas V 551 | STP-3,2021-12-07 10:19:00+00:00,Launch Successful,,United Launch Alliance,Commercial,Atlas V 551,Atlas,Dedicated Rideshare,Geostationary Orbit,Direct-GEO,Space Launch Complex 41,"Cape Canaveral SFS, FL, USA",USA
603f47d2-bc2b-4bab-b623-294c2cbf899c,Soyuz 2.1a | Soyuz MS-20,2021-12-08 07:38:15+00:00,Launch Successful,,Russian Federal Space Agency (ROSCOSMOS),Government,Soyuz 2.1a,Soyuz,Human Exploration,Low Earth Orbit,LEO,31/6,"Baikonur Cosmodrome, Republic of Kazakhstan",KAZ
029615cc-ef67-4a1e-b98e-08bdbfb3ae7e,Electron | A Data With Destiny (BlackSky 14-15),2021-12-09 00:02:07+00:00,Launch Successful,,Rocket Lab,Commercial,Electron,,Earth Science,Sun-Synchronous Orbit,SSO,Rocket Lab Launch Complex 1A,"Rocket Lab Launch Complex 1, Mahia Peninsula, New Zealand",NZL
dfb2cc3b-8cd8-41b6-a83a-22b2a742ba4b,Falcon 9 Block 5 | X-Ray Polarimetry Explorer (IXPE),2021-12-09 06:00:00+00:00,Launch Successful,,SpaceX,Commercial,Falcon 9,Falcon,Astrophysics,Low Earth Orbit,LEO,Launch Complex 39A,"Kennedy Space Center, FL, USA",USA
ee41a4a4-e57c-435e-8445-73c5a3df0e15,Long March 4B | Shijian 6 Group 05,2021-12-10 00:11:30+00:00,Launch Successful,,China Aerospace Science and Technology Corporation,Government,Long March 4B,Long March,Government/Top Secret,Sun-Synchronous Orbit,SSO,Launch Area 94 (SLS-2 / 603),"Jiuquan Satellite Launch Center, People's Republic of China",CHN
6b0311ed-1ece-4485-89f8-6832cb5e2358,New Shepard | NS-19,2021-12-11 15:00:42+00:00,Launch Successful,,Blue Origin,Commercial,New Shepard,,Tourism,Suborbital,Sub,West Texas Suborbital Launch Site/ Corn Ranch,"Corn Ranch, Van Horn, TX, USA",USA
700b3892-cff9-4164-b1cb-c60bb3d81635,Proton-M/Briz-M | Ekspress-AMU3 & AMU7,2021-12-13 12:07:00+00:00,Launch Successful,,Khrunichev State Research and Production Space Center,Government,Proton-M Briz-M,Proton / UR-500,Communications,Geostationary Transfer Orbit,GTO,200/39 (200L),"Baikonur Cosmodrome, Republic of Kazakhstan",KAZ
8bddef41-35c8-4170-9449-33a9ecb6d8fc,Long March 3B | Tianlian 2-02,2021-12-13 16:09:00+00:00,Launch Successful,,China Aerospace Science and Technology Corporation,Government,Long March 3B/E,Long March,Communications,Geostationary Transfer Orbit,GTO,Launch Complex 3 (LC-3/LA-1),"Xichang Satellite Launch Center, People's Republic of China",CHN
a0effefd-f827-4c82-b367-6dd5c95dfe65,Kuaizhou 1A | GeeSat x2,2021-12-15 02:00:00+00:00,Launch Failure,,ExPace,Commercial,Kuaizhou 1A,Kuaizhou,Navigation,Low Earth Orbit,LEO,Launch Area 95A,"Jiuquan Satellite Launch Center, People's Republic of China",CHN
0d4b0c0f-3d72-4cb2-b596-dc526ad178a6,Falcon 9 Block 5 | Starlink Group 4-4,2021-12-18 12:41:40+00:00,Launch Successful,,SpaceX,Commercial,Falcon 9,Falcon,Communications,Low Earth Orbit,LEO,Space Launch Complex 4E,"Vandenberg SFB, CA, USA",USA
16d0c02e-0bb1-45d5-a3f5-7c4ff6cf6de1,Falcon 9 Block 5 | Türksat 5B,2021-12-19 03:58:39+00:00,Launch Successful,,SpaceX,Commercial,Falcon 9,Falcon,Communications,Geostationary Transfer Orbit,GTO,Space Launch Complex 40,"Cape Canaveral SFS, FL, USA",USA
878ba32c-5e93-4d2b-95c3-24b60c8b05e7,Falcon 9 Block 5 | Dragon CRS-2 SpX-24,2021-12-21 10:07:08+00:00,Launch Successful,,SpaceX,Commercial,Falcon 9,Falcon,Resupply,Low Earth Orbit,LEO,Launch Complex 39A,"Kennedy Space Center, FL, USA",USA
e7f1ab18-908c-46b0-a16d-7deb6a52a8c1,H-IIA 204 | Inmarsat-6 F1,2021-12-22 15:32:00+00:00,Launch Successful,,Mitsubishi Heavy Industries,Commercial,H-IIA,H-II,Communications,Geostationary Transfer Orbit,GTO,Yoshinobu Launch Complex LP-1,"Tanegashima Space Center, Japan",JPN
edeca0f9-cae5-44ea-a6e4-dc39043b37dc,Long March 7A | Shiyan 12-01 & 02,2021-12-23 10:12:00+00:00,Launch Successful,,China Aerospace Science and Technology Corporation,Government,Long March 7A,Long March,Government/Top Secret,Geostationary Transfer Orbit,GTO,201,"Wenchang Space Launch Site, People's Republic of China",CHN
d0fa4bb2-80ea-4808-af08-7785dde53bf6,Ariane 5 ECA+ | James Webb Space Telescope (JWST),2021-12-25 12:20:07+00:00,Launch Successful,,Arianespace,Commercial,Ariane 5 ECA+,Ariane,Astrophysics,Sun-Earth L2,L2,Ariane Launch Area 3,"Guiana Space Centre, French Guiana",GUF
6f5d5bcf-3fe4-4363-8572-37d3cfca41eb,Long March 4C | Ziyuan 1-02E & CAS-9,2021-12-26 03:11:31+00:00,Launch Successful,,China Aerospace Science and Technology Corporation,Government,Long March 4C,Long March,Earth Science,Sun-Synchronous Orbit,SSO,Launch Complex 9,"Taiyuan Satellite Launch Center, People's Republic of China",CHN
b4cb5f4f-247d-4a14-918a-a2e56f46289e,Soyuz 2.1b/Fregat-M | OneWeb 12,2021-12-27 13:10:37+00:00,Launch Successful,,Arianespace,Commercial,Soyuz 2.1b/Fregat-M,Soyuz,Communications,Polar Orbit,PO,31/6,"Baikonur Cosmodrome, Republic of Kazakhstan",KAZ
20054280-a20a-457e-b452-8a176f633907,Angara A5/Blok DM-03 | Dummy payload,2021-12-27 19:00:00+00:00,Launch Failure,"Upper stage failed to restart for 2nd burn leaving upper stage & payload simulator in LEO. As the resulting orbit would be completely unsalvageable by a hypothetical real payload, and the main purpose of the launch was to test the Persey upper stage, it should be considered a failure.",Khrunichev State Research and Production Space Center,Government,Angara A5/Blok DM-03,Angara,Test Flight,Geostationary Orbit,Direct-GEO,35/1,"Plesetsk Cosmodrome, Russian Federation",RUS
9bc3ff6a-521d-4a3a-99a8-1d5e71957dab,Long March 2D | Tianhui 4,2021-12-29 11:13:00+00:00,Launch Successful,,China Aerospace Science and Technology Corporation,Government,Long March 2D,Long March,Earth Science,Sun-Synchronous Orbit,SSO,Launch Area 94 (SLS-2 / 603),"Jiuquan Satellite Launch Center, People's Republic of China",CHN
94eb9703-4311-4347-8469-29cbdcde910f,Long March 3B | TJSW-9,2021-12-29 16:43:03+00:00,Launch Successful,,China Aerospace Science and Technology Corporation,Government,Long March 3B/E,Long March,Government/Top Secret,Geostationary Transfer Orbit,GTO,Launch Complex 2 (LC-2),"Xichang Satellite Launch Center, People's Republic of China",CHN
335aae0f-3c89-4ab8-a446-7078222220b3,Simorgh | 3 unknown payloads,2021-12-30 03:30:00+00:00,Launch Failure,"Although official reports by Iran call this a successful launch, no objects have been detected in orbit. The general consensus is that it was a failed orbital launch attempt.",Iranian Space Agency,Government,Simorgh,,Unknown,Low Earth Orbit,LEO,Imam Khomeini Spaceport,"Semnan Space Center, Islamic Republic of Iran",IRN
3ddb1934-2b57-489b-b5d2-31d4990604eb,Falcon 9 Block 5 | Starlink Group 4-5,2022-01-06 21:49:10+00:00,Launch Successful,,SpaceX,Commercial,Falcon 9,Falcon,Communications,Low Earth Orbit,LEO,Launch Complex 39A,"Kennedy Space Center, FL, USA",USA
c660df6f-7e33-4c90-a0f5-b27c8cb4c974,Falcon 9 Block 5 | Transporter 3 (Dedicated SSO Rideshare),2022-01-13 15:25:39+00:00,Launch Successful,,SpaceX,Commercial,Falcon 9,Falcon,Dedicated Rideshare,Sun-Synchronous Orbit,SSO,Space Launch Complex 40,"Cape Canaveral SFS, FL, USA",USA
0914dabd-ac92-444b-bf9f-7a6b08bb06e1,LauncherOne | Above the Clouds,2022-01-13 22:52:00+00:00,Launch Successful,,Virgin Orbit,Commercial,LauncherOne,,Communications,Low Earth Orbit,LEO,Mojave Air and Space Port,Air launch to orbit,???
e1faf90d-2cce-433e-9b6f-d203a0a4b005,Long March 2D | Shiyan 13,2022-01-17 02:35:00+00:00,Launch Successful,,China Aerospace Science and Technology Corporation,Government,Long March 2D,Long March,Government/Top Secret,Sun-Synchronous Orbit,SSO,Launch Complex 9,"Taiyuan Satellite Launch Center, People's Republic of China",CHN
50ac28f2-024f-442f-837d-dab8107304ec,Falcon 9 Block 5 | Starlink Group 4-6,2022-01-19 02:02:40+00:00,Launch Successful,,SpaceX,Commercial,Falcon 9,Falcon,Communications,Low Earth Orbit,LEO,Launch Complex 39A,"Kennedy Space Center, FL, USA",USA
7323ed72-b69a-429c-8cfe-2ed454a8db28,Atlas V 511 | USSF-8,2022-01-21 19:00:00+00:00,Launch Successful,,United Launch Alliance,Commercial,Atlas V 511,Atlas,Government/Top Secret,Geosynchronous Orbit,GSO,Space Launch Complex 41,"Cape Canaveral SFS, FL, USA",USA
42f2c56f-19b9-403f-972d-5fd2282c298b,Long March 4C | L-SAR 01A,2022-01-25 23:44:00+00:00,Launch Successful,,China Aerospace Science and Technology Corporation,Government,Long March 4C,Long March,Earth Science,Sun-Synchronous Orbit,SSO,Launch Area 94 (SLS-2 / 603),"Jiuquan Satellite Launch Center, People's Republic of China",CHN
23229c2b-abb7-4b94-b624-981a9adc88d2,Falcon 9 Block 5 | CSG-2,2022-01-31 23:11:14+00:00,Launch Successful,,SpaceX,Commercial,Falcon 9,Falcon,Earth Science,Sun-Synchronous Orbit,SSO,Space Launch Complex 40,"Cape Canaveral SFS, FL, USA",USA
2e650790-ff3e-434a-b028-a6a1a13cfc94,Falcon 9 Block 5 | NROL-87,2022-02-02 20:27:26+00:00,Launch Successful,,SpaceX,Commercial,Falcon 9,Falcon,Government/Top Secret,Sun-Synchronous Orbit,SSO,Space Launch Complex 4E,"Vandenberg SFB, CA, USA",USA
de39dd1a-0f72-4afd-a6b9-1b848b246071,Falcon 9 Block 5 | Starlink Group 4-7,2022-02-03 18:13:20+00:00,Launch Successful,,SpaceX,Commercial,Falcon 9,Falcon,Communications,Low Earth Orbit,LEO,Launch Complex 39A,"Kennedy Space Center, FL, USA",USA
522cb7e0-141e-4ca8-9a33-703694a9d8be,Soyuz 2.1a/Fregat-M | Neitron (Kosmos 2553),2022-02-05 07:00:00+00:00,Launch Successful,,Russian Space Forces,Government,Soyuz 2.1a/Fregat-M,Soyuz,Government/Top Secret,Low Earth Orbit,LEO,43/4 (43R),"Plesetsk Cosmodrome, Russian Federation",RUS
d91432d6-fe60-4786-86f3-3dfae0d7a898,Soyuz STB/Fregat | OneWeb 13,2022-02-10 18:09:37+00:00,Launch Successful,,Arianespace,Commercial,Soyuz STB,Soyuz,Communications,Polar Orbit,PO,Soyuz Launch Complex,"Guiana Space Centre, French Guiana",GUF
2b74e95d-de9d-44e5-aefb-d1e48d9e35e6,Astra Rocket 3 | ELaNa 41,2022-02-10 20:00:00+00:00,Launch Failure,Second stage begun spinning out of control shortly after separation.,Astra Space,Commercial,Astra Rocket 3,Astra Rocket,Test Flight,Low Earth Orbit,LEO,Space Launch Complex 46,"Cape Canaveral SFS, FL, USA",USA
671b829d-ec26-4b9f-ac13-e50bdc9cca05,PSLV-XL | EOS-4 (RISAT-1A),2022-02-14 00:29:00+00:00,Launch Successful,,Indian Space Research Organization,Government,PSLV-XL,PSLV,Earth Science,Sun-Synchronous Orbit,SSO,Satish Dhawan Space Centre First Launch Pad,"Satish Dhawan Space Centre, India",IND
b89e65d2-db7d-4617-9f47-e26fe954ba0e,Soyuz 2.1a | Progress MS-19 (80P),2022-02-15 04:25:40+00:00,Launch Successful,,Russian Federal Space Agency (ROSCOSMOS),Government,Soyuz 2.1a,Soyuz,Resupply,Low Earth Orbit,LEO,31/6,"Baikonur Cosmodrome, Republic of Kazakhstan",KAZ
7005f701-25f1-4198-ab0a-362b48e13cdd,Antares 230+ | Cygnus CRS-2 NG-17 (S.S. Piers Sellers),2022-02-19 17:40:03+00:00,Launch Successful,,Northrop Grumman Space Systems,Commercial,Antares 230+,Antares,Resupply,Low Earth Orbit,LEO,Launch Area 0 A,"Wallops Flight Facility, Virginia, USA",USA
398e713f-5daa-4fb9-a70a-0b8654baf5d1,Falcon 9 Block 5 | Starlink Group 4-8,2022-02-21 14:44:20+00:00,Launch Successful,,SpaceX,Commercial,Falcon 9,Falcon,Communications,Low Earth Orbit,LEO,Space Launch Complex 40,"Cape Canaveral SFS, FL, USA",USA
b7b24770-f9dd-40eb-adad-da95e917e55d,Falcon 9 Block 5 | Starlink Group 4-11,2022-02-25 17:12:10+00:00,Launch Successful,,SpaceX,Commercial,Falcon 9,Falcon,Communications,Low Earth Orbit,LEO,Space Launch Complex 4E,"Vandenberg SFB, CA, USA",USA
bdeb016b-e308-4fc8-a7c4-63fd01de917e,Long March 4C | L-SAR 01B,2022-02-26 23:44:00+00:00,Launch Successful,,China Aerospace Science and Technology Corporation,Government,Long March 4C,Long March,Earth Science,Sun-Synchronous Orbit,SSO,Launch Area 94 (SLS-2 / 603),"Jiuquan Satellite Launch Center, People's Republic of China",CHN
0634f871-3fdd-48f2-b6c4-bdd9c578377e,Long March 8 (Core Only) | Hainan-1 to 4 & others,2022-02-27 03:06:30+00:00,Launch Successful,,China Aerospace Science and Technology Corporation,Government,Long March 8 (Core Only),Long March,Earth Science,Sun-Synchronous Orbit,SSO,201,"Wenchang Space Launch Site, People's Republic of China",CHN
1e5862a8-2ede-4e87-ac45-69422590ab9b,Electron | The Owl’s Night Continues (StriX-β),2022-02-28 20:37:25+00:00,Launch Successful,,Rocket Lab,Commercial,Electron,,Earth Science,Sun-Synchronous Orbit,SSO,Rocket Lab Launch Complex 1B,"Rocket Lab Launch Complex 1, Mahia Peninsula, New Zealand",NZL
9ec0e690-09dd-4fa7-83aa-249c05700165,Atlas V 541 | GOES-T,2022-03-01 21:38:00+00:00,Launch Successful,,United Launch Alliance,Commercial,Atlas V 541,Atlas,Earth Science,Geostationary Transfer Orbit,GTO,Space Launch Complex 41,"Cape Canaveral SFS, FL, USA",USA
861795c5-e694-4d3e-b22f-a356a31cd5d8,Falcon 9 Block 5 | Starlink Group 4-9,2022-03-03 14:25:00+00:00,Launch Successful,,SpaceX,Commercial,Falcon 9,Falcon,Communications,Low Earth Orbit,LEO,Launch Complex 39A,"Kennedy Space Center, FL, USA",USA
445650f9-daeb-4521-95ab-8197c3b53ffc,Long March 2C | Yinhe-1 (x6),2022-03-05 06:01:00+00:00,Launch Successful,,China Aerospace Science and Technology Corporation,Government,Long March 2C,Long March,Communications,Low Earth Orbit,LEO,Launch Complex 3 (LC-3/LA-1),"Xichang Satellite Launch Center, People's Republic of China",CHN
cf500227-e6cd-4e6c-b4a0-6390607e28e0,Qased | Noor-2,2022-03-08 05:06:00+00:00,Launch Successful,,Islamic Revolutionary Guard Corps Aerospace Force,Government,Qased,,Government/Top Secret,Low Earth Orbit,LEO,Launch Platform,"Shahrud Missile Test Site, Islamic Republic of Iran",IRN
d8c7fbe0-6a32-42dc-8c24-f1c632adc8b5,Falcon 9 Block 5 | Starlink Group 4-10,2022-03-09 13:45:00+00:00,Launch Successful,,SpaceX,Commercial,Falcon 9,Falcon,Communications,Low Earth Orbit,LEO,Space Launch Complex 40,"Cape Canaveral SFS, FL, USA",USA
66cccc8f-ed96-4b28-888c-33124c4ea892,Astra Rocket 3 | Spaceflight Astra-1,2022-03-15 16:22:00+00:00,Launch Successful,,Astra Space,Commercial,Astra Rocket 3,Astra Rocket,Technology,Sun-Synchronous Orbit,SSO,Launch Pad 3B,"Pacific Spaceport Complex, Alaska, USA",USA
fc749278-e9bd-464d-9eb4-e5561ec33cdc,Long March 4C | Yaogan 34-02,2022-03-17 07:09:00+00:00,Launch Successful,,China Aerospace Science and Technology Corporation,Government,Long March 4C,Long March,Government/Top Secret,Low Earth Orbit,LEO,Launch Area 94 (SLS-2 / 603),"Jiuquan Satellite Launch Center, People's Republic of China",CHN
dfa56a42-473b-42cf-9348-09fe7ff05f9f,Soyuz 2.1a | Soyuz MS-21,2022-03-18 15:55:19+00:00,Launch Successful,,Russian Federal Space Agency (ROSCOSMOS),Government,Soyuz 2.1a,Soyuz,Human Exploration,Low Earth Orbit,LEO,31/6,"Baikonur Cosmodrome, Republic of Kazakhstan",KAZ
72188aca-810d-40b9-887d-43040614dd2c,Falcon 9 Block 5 | Starlink Group 4-12,2022-03-19 04:42:30+00:00,Launch Successful,,SpaceX,Commercial,Falcon 9,Falcon,Communications,Low Earth Orbit,LEO,Space Launch Complex 40,"Cape Canaveral SFS, FL, USA",USA
663f3c14-f2d5-4547-8a4c-dd5ea5bf35bf,Soyuz 2.1a/Fregat-M | Meridian-M No.20L,2022-03-22 12:48:22+00:00,Launch Successful,,Russian Space Forces,Government,Soyuz 2.1a/Fregat-M,Soyuz,Communications,Elliptical Orbit,Elliptical,43/3 (43L),"Plesetsk Cosmodrome, Russian Federation",RUS
f9e39cde-55d5-4ee5-9bd9-dd855f55b3eb,Long March 6A | Demo Flight (Pujiang-2 & Tiankun-2),2022-03-29 09:50:00+00:00,Launch Successful,,China Aerospace Science and Technology Corporation,Government,Long March 6A,Long March,Test Flight,Sun-Synchronous Orbit,SSO,Launch Complex 9A,"Taiyuan Satellite Launch Center, People's Republic of China",CHN
fa1ef649-5c4d-42d2-a5e9-1252dc0469f3,Long March 11 | Tianping-2 A/B/C,2022-03-30 02:29:00+00:00,Launch Successful,,China Aerospace Science and Technology Corporation,Government,Long March 11,Long March,Technology,Sun-Synchronous Orbit,SSO,Launch Area 95A,"Jiuquan Satellite Launch Center, People's Republic of China",CHN
08040943-ec97-413d-b134-22e516e50528,New Shepard | NS-20,2022-03-31 13:57:55+00:00,Launch Successful,,Blue Origin,Commercial,New Shepard,,Tourism,Suborbital,Sub,West Texas Suborbital Launch Site/ Corn Ranch,"Corn Ranch, Van Horn, TX, USA",USA
335acce9-a35c-436c-9a22-a2505f20957f,Falcon 9 Block 5 | Transporter 4 (Dedicated SSO Rideshare),2022-04-01 16:24:17+00:00,Launch Successful,,SpaceX,Commercial,Falcon 9,Falcon,Dedicated Rideshare,Sun-Synchronous Orbit,SSO,Space Launch Complex 40,"Cape Canaveral SFS, FL, USA",USA
d1976b9e-46e5-41d2-9d0d-aa76f6c19ef8,Electron | Without Mission A Beat (BlackSky 16-17),2022-04-02 12:41:38+00:00,Launch Successful,,Rocket Lab,Commercial,Electron,,Earth Science,Sun-Synchronous Orbit,SSO,Rocket Lab Launch Complex 1A,"Rocket Lab Launch Complex 1, Mahia Peninsula, New Zealand",NZL
70f46328-9b7e-4a02-b8f4-bd347afb8edc,Long March 4C | Gaofen-3 03,2022-04-06 23:47:00+00:00,Launch Successful,,China Aerospace Science and Technology Corporation,Government,Long March 4C,Long March,Earth Science,Sun-Synchronous Orbit,SSO,Launch Area 94 (SLS-2 / 603),"Jiuquan Satellite Launch Center, People's Republic of China",CHN
e9a72e56-a2c9-4036-9dbf-f29508687dbc,Soyuz 2.1b | Kosmos 2554 (Lotos-S1 #6),2022-04-07 11:20:18+00:00,Launch Successful,,Russian Space Forces,Government,Soyuz 2.1b,Soyuz,Government/Top Secret,Low Earth Orbit,LEO,43/3 (43L),"Plesetsk Cosmodrome, Russian Federation",RUS
a3eeb03b-a209-4255-91b5-772dc0d2150e,Falcon 9 Block 5 | Axiom Space Mission 1,2022-04-08 15:17:11+00:00,Launch Successful,,SpaceX,Commercial,Falcon 9,Falcon,Tourism,Low Earth Orbit,LEO,Launch Complex 39A,"Kennedy Space Center, FL, USA",USA
d2fd487e-432b-4ffd-9bf7-57f870befb5a,Long March 3B | ChinaSat 6D,2022-04-15 12:00:00+00:00,Launch Successful,,China Aerospace Science and Technology Corporation,Government,Long March 3B/E,Long March,Communications,Geostationary Transfer Orbit,GTO,Launch Complex 2 (LC-2),"Xichang Satellite Launch Center, People's Republic of China",CHN
a45b9891-8967-4ea5-8703-cd74e959e3f7,Long March 4C | Daqi-1 (AEMS),2022-04-15 18:16:00+00:00,Launch Successful,,China Aerospace Science and Technology Corporation,Government,Long March 4C,Long March,Earth Science,Sun-Synchronous Orbit,SSO,Launch Complex 9,"Taiyuan Satellite Launch Center, People's Republic of China",CHN
42932355-c450-4250-a885-2d2709fd7cfc,Falcon 9 Block 5 | NROL-85,2022-04-17 13:13:12+00:00,Launch Successful,,SpaceX,Commercial,Falcon 9,Falcon,Government/Top Secret,Low Earth Orbit,LEO,Space Launch Complex 4E,"Vandenberg SFB, CA, USA",USA
2c5447d7-36c5-40fd-88de-47ed6b258bdb,Falcon 9 Block 5 | Starlink Group 4-14,2022-04-21 17:51:40+00:00,Launch Successful,,SpaceX,Commercial,Falcon 9,Falcon,Communications,Low Earth Orbit,LEO,Space Launch Complex 40,"Cape Canaveral SFS, FL, USA",USA
d786d8fc-862b-45bf-8f7b-9ad862883f67,Falcon 9 Block 5 | Crew-4,2022-04-27 07:52:55+00:00,Launch Successful,,SpaceX,Commercial,Falcon 9,Falcon,Human Exploration,Low Earth Orbit,LEO,Launch Complex 39A,"Kennedy Space Center, FL, USA",USA
fe29941b-48dc-4a60-bfd4-c2ceb5166e39,Long March 2C | SuperView Neo 1-01 & 02,2022-04-29 04:11:33+00:00,Launch Successful,,China Aerospace Science and Technology Corporation,Government,Long March 2C,Long March,Earth Science,Sun-Synchronous Orbit,SSO,Launch Area 94 (SLS-2 / 603),"Jiuquan Satellite Launch Center, People's Republic of China",CHN
0f770177-f502-465b-9ea5-d7a053ec903c,Angara 1.2 | Kosmos 2555 (MKA-R),2022-04-29 19:55:22+00:00,Launch Successful,,Russian Space Forces,Government,Angara 1.2,Angara,Government/Top Secret,Sun-Synchronous Orbit,SSO,35/1,"Plesetsk Cosmodrome, Russian Federation",RUS
b79a9332-4c0c-42a2-a59b-aafcd5d4721d,Falcon 9 Block 5 | Starlink Group 4-16,2022-04-29 21:27:10+00:00,Launch Successful,,SpaceX,Commercial,Falcon 9,Falcon,Communications,Low Earth Orbit,LEO,Space Launch Complex 40,"Cape Canaveral SFS, FL, USA",USA
f004b764-e63d-4dff-b372-1a558e0c7a59,Long March 11 | Jilin-1 HR-03D-04 to 07 & 04A,2022-04-30 03:30:00+00:00,Launch Successful,,China Aerospace Science and Technology Corporation,Government,Long March 11,Long March,Earth Science,Sun-Synchronous Orbit,SSO,Yellow Sea (launch location 3),Haiyang Oriental Spaceport,CHN
5e915de9-f574-433b-bf39-d90b616c0e8b,Electron | There and Back Again (Rideshare),2022-05-02 22:49:52+00:00,Launch Successful,,Rocket Lab,Commercial,Electron,,Dedicated Rideshare,Sun-Synchronous Orbit,SSO,Rocket Lab Launch Complex 1A,"Rocket Lab Launch Complex 1, Mahia Peninsula, New Zealand",NZL
00dd23d5-e9ca-42ba-a599-0333326e9c35,Long March 2D | Jilin-1 Wideband-01C & High Resolution 03D-27 to 33,2022-05-05 02:38:00+00:00,Launch Successful,,China Aerospace Science and Technology Corporation,Government,Long March 2D,Long March,Earth Science,Sun-Synchronous Orbit,SSO,Launch Complex 9,"Taiyuan Satellite Launch Center, People's Republic of China",CHN
4f25c927-6a49-4472-814f-4f1a20d93604,Falcon 9 Block 5 | Starlink Group 4-17,2022-05-06 09:42:00+00:00,Launch Successful,,SpaceX,Commercial,Falcon 9,Falcon,Communications,Low Earth Orbit,LEO,Launch Complex 39A,"Kennedy Space Center, FL, USA",USA
1c2b383b-0ac0-458a-9b03-9723c64dd392,Long March 7 | Tianzhou-4,2022-05-09 17:56:30+00:00,Launch Successful,,China Aerospace Science and Technology Corporation,Government,Long March 7,Long March,Resupply,Low Earth Orbit,LEO,201,"Wenchang Space Launch Site, People's Republic of China",CHN
c2f5d50b-f4e1-4929-9d37-f6d93313bd67,Hyperbola-1 | Jilin-1 Mofang-01A(R),2022-05-13 07:09:00+00:00,Launch Failure,,i-Space,Commercial,Hyperbola-1,,Earth Science,Sun-Synchronous Orbit,SSO,Launch Area 95A,"Jiuquan Satellite Launch Center, People's Republic of China",CHN
0bc91464-1d61-4545-95c8-01040dc5eec9,Falcon 9 Block 5 | Starlink Group 4-13,2022-05-13 22:07:50+00:00,Launch Successful,,SpaceX,Commercial,Falcon 9,Falcon,Communications,Low Earth Orbit,LEO,Space Launch Complex 4E,"Vandenberg SFB, CA, USA",USA
b418d984-a9d1-4fa3-953d-c684a079714c,Falcon 9 Block 5 | Starlink Group 4-15,2022-05-14 20:40:50+00:00,Launch Successful,,SpaceX,Commercial,Falcon 9,Falcon,Communications,Low Earth Orbit,LEO,Space Launch Complex 40,"Cape Canaveral SFS, FL, USA",USA
27795b91-eb0e-43f1-898b-a23d9ff332db,Falcon 9 Block 5 | Starlink Group 4-18,2022-05-18 10:59:40+00:00,Launch Successful,,SpaceX,Commercial,Falcon 9,Falcon,Communications,Low Earth Orbit,LEO,Launch Complex 39A,"Kennedy Space Center, FL, USA",USA
c179a24e-416b-4077-af8a-4670dfdb880a,Soyuz 2.1a | Kosmos 2556 (Bars-M No. 3),2022-05-19 08:03:32+00:00,Launch Successful,,Russian Space Forces,Government,Soyuz 2.1a,Soyuz,Government/Top Secret,Sun-Synchronous Orbit,SSO,43/4 (43R),"Plesetsk Cosmodrome, Russian Federation",RUS
f1bcfbf6-d00d-42d7-bc68-82252817a57e,Atlas V N22 | CST-100 Starliner Orbital Flight Test 2 (OFT-2),2022-05-19 22:54:47+00:00,Launch Successful,,United Launch Alliance,Commercial,Atlas V N22,Atlas,Test Flight,Low Earth Orbit,LEO,Space Launch Complex 41,"Cape Canaveral SFS, FL, USA",USA
debcd337-5aec-47dd-b8ea-87e3f871dfb5,Long March 2C/YZ-1S | RSW-04 - 06,2022-05-20 10:30:00+00:00,Launch Successful,,China Aerospace Science and Technology Corporation,Government,Long March 2C/YZ-1S,Long March,Communications,Polar Orbit,PO,Launch Area 94 (SLS-2 / 603),"Jiuquan Satellite Launch Center, People's Republic of China",CHN
949421ac-3802-499b-b383-d8274de7e147,Falcon 9 Block 5 | Transporter 5 (Dedicated SSO Rideshare),2022-05-25 18:35:00+00:00,Launch Successful,,SpaceX,Commercial,Falcon 9,Falcon,Dedicated Rideshare,Sun-Synchronous Orbit,SSO,Space Launch Complex 40,"Cape Canaveral SFS, FL, USA",USA
039197c4-f2bb-404a-916d-4790350ce5d8,Long March 2C | Geely Constellation Group 01,2022-06-02 04:00:00+00:00,Launch Successful,,China Aerospace Science and Technology Corporation,Government,Long March 2C,Long March,Communications,Low Earth Orbit,LEO,Launch Complex 3 (LC-3/LA-1),"Xichang Satellite Launch Center, People's Republic of China",CHN
1449720c-422a-42fe-bde2-cc4fdac9d33c,Soyuz 2.1a | Progress MS-20 (81P),2022-06-03 09:32:54+00:00,Launch Successful,,Russian Federal Space Agency (ROSCOSMOS),Government,Soyuz 2.1a,Soyuz,Resupply,Low Earth Orbit,LEO,31/6,"Baikonur Cosmodrome, Republic of Kazakhstan",KAZ
f058ecca-bda7-4797-ae47-b5c450b1bd78,New Shepard | NS-21,2022-06-04 13:25:02+00:00,Launch Successful,,Blue Origin,Commercial,New Shepard,,Tourism,Suborbital,Sub,West Texas Suborbital Launch Site/ Corn Ranch,"Corn Ranch, Van Horn, TX, USA",USA
6e541c88-9172-4d50-aa35-655b5834254c,Long March 2F/G | Shenzhou 14,2022-06-05 02:44:10+00:00,Launch Successful,,China Aerospace Science and Technology Corporation,Government,Long March 2F/G,Long March,Human Exploration,Low Earth Orbit,LEO,Launch Area 91 (SLS-1 / 921),"Jiuquan Satellite Launch Center, People's Republic of China",CHN
62fb58f6-1d43-4b24-862f-6ac5bee5f723,Falcon 9 Block 5 | Nilesat-301,2022-06-08 21:04:00+00:00,Launch Successful,,SpaceX,Commercial,Falcon 9,Falcon,Communications,Geostationary Transfer Orbit,GTO,Space Launch Complex 40,"Cape Canaveral SFS, FL, USA",USA
f4ffe15c-6009-4eaa-b60e-aef586c8cb5f,Astra Rocket 3 | TROPICS-1,2022-06-12 17:43:00+00:00,Launch Failure,Premature second stage shutdown. Cause is not yet known.,Astra Space,Commercial,Astra Rocket 3,Astra Rocket,Earth Science,Low Earth Orbit,LEO,Space Launch Complex 46,"Cape Canaveral SFS, FL, USA",USA
179789f0-9380-4182-8ea2-676504c2f890,Falcon 9 Block 5 | Starlink Group 4-19,2022-06-17 16:08:50+00:00,Launch Successful,,SpaceX,Commercial,Falcon 9,Falcon,Communications,Low Earth Orbit,LEO,Launch Complex 39A,"Kennedy Space Center, FL, USA",USA
4ca945f6-981f-4ee9-8a79-f1204b785f8c,Falcon 9 Block 5 | SARah 1,2022-06-18 14:19:52+00:00,Launch Successful,,SpaceX,Commercial,Falcon 9,Falcon,Government/Top Secret,Sun-Synchronous Orbit,SSO,Space Launch Complex 4E,"Vandenberg SFB, CA, USA",USA
33223258-614c-449c-8af7-a9f75cc036b2,Falcon 9 Block 5 | Globalstar-2 FM15 & USA 328-331,2022-06-19 04:27:36+00:00,Launch Successful,,SpaceX,Commercial,Falcon 9,Falcon,Communications,Low Earth Orbit,LEO,Space Launch Complex 40,"Cape Canaveral SFS, FL, USA",USA
69f95edd-9075-4176-a9a1-103b7863d5e6,Nuri | Flight Test 2,2022-06-21 07:00:00+00:00,Launch Successful,,Korea Aerospace Research Institute,Government,Nuri,KSLV,Test Flight,Sun-Synchronous Orbit,SSO,LC-2,"Naro Space Center, South Korea",KOR
e2ea18ed-35f1-4bc0-8187-40c1b8553eb8,Kuaizhou 1A | Tianxing-1,2022-06-22 02:08:00+00:00,Launch Successful,,ExPace,Commercial,Kuaizhou 1A,Kuaizhou,Technology,Sun-Synchronous Orbit,SSO,Launch Area 95A,"Jiuquan Satellite Launch Center, People's Republic of China",CHN
021c99fe-5a1e-4911-a3d5-ba201f7aa9f8,Ariane 5 ECA+ | Measat-3d & GSAT 24,2022-06-22 21:50:07+00:00,Launch Successful,,Arianespace,Commercial,Ariane 5 ECA+,Ariane,Communications,Geostationary Transfer Orbit,GTO,Ariane Launch Area 3,"Guiana Space Centre, French Guiana",GUF
28eb1e85-e202-4746-9e39-de283aa754c1,Long March 2D | Yaogan 35 Group 02,2022-06-23 02:22:00+00:00,Launch Successful,,China Aerospace Science and Technology Corporation,Government,Long March 2D,Long March,Government/Top Secret,Low Earth Orbit,LEO,Launch Complex 3 (LC-3/LA-1),"Xichang Satellite Launch Center, People's Republic of China",CHN
7533059e-732d-4ee5-9f5d-2974f85b9e88,Black Brant IX | XQC,2022-06-26 14:30:00+00:00,Launch Successful,,Equatorial Launch Australia,Commercial,Black Brant IX,,Astrophysics,Suborbital,Sub,Suborbital Launch Ramp,Arnhem Space Centre,AUS
6e27cdcd-0fe6-4be6-be38-526c6cb1df3e,Long March 4C | Gaofen-12-03,2022-06-27 15:46:00+00:00,Launch Successful,,China Aerospace Science and Technology Corporation,Government,Long March 4C,Long March,Earth Science,Sun-Synchronous Orbit,SSO,Launch Area 94 (SLS-2 / 603),"Jiuquan Satellite Launch Center, People's Republic of China",CHN
859bf952-b4c6-40fb-a7e7-ac12efc386b2,Electron | CAPSTONE,2022-06-28 09:55:52+00:00,Launch Successful,,Rocket Lab,Commercial,Electron,,Planetary Science,Lunar Orbit,LO,Rocket Lab Launch Complex 1B,"Rocket Lab Launch Complex 1, Mahia Peninsula, New Zealand",NZL
86a3010e-f8ef-4b64-a029-f4f92829772d,Falcon 9 Block 5 | SES-22,2022-06-29 21:04:00+00:00,Launch Successful,,SpaceX,Commercial,Falcon 9,Falcon,Communications,Geostationary Transfer Orbit,GTO,Space Launch Complex 40,"Cape Canaveral SFS, FL, USA",USA
810bf981-6117-4905-9e87-6979b094b994,PSLV-CA | DS-EO & others,2022-06-30 12:32:00+00:00,Launch Successful,,Indian Space Research Organization,Government,PSLV,PSLV,Earth Science,Low Earth Orbit,LEO,Satish Dhawan Space Centre Second Launch Pad,"Satish Dhawan Space Centre, India",IND
83f38440-8a73-4209-911d-fb4f30b1bda9,Atlas V 541 | USSF-12,2022-07-01 23:15:00+00:00,Launch Successful,,United Launch Alliance,Commercial,Atlas V 541,Atlas,Government/Top Secret,Geosynchronous Orbit,GSO,Space Launch Complex 41,"Cape Canaveral SFS, FL, USA",USA
e521d1a4-7f67-4a13-aaaa-c8faec0e824c,LauncherOne | Straight Up,2022-07-02 06:53:00+00:00,Launch Successful,,Virgin Orbit,Commercial,LauncherOne,,Government/Top Secret,Low Earth Orbit,LEO,Mojave Air and Space Port,Air launch to orbit,???
055fa36b-74c4-4fc5-809e-d123f7781df8,Black Brant IX | SISTINE,2022-07-06 13:54:00+00:00,Launch Successful,,Equatorial Launch Australia,Commercial,Black Brant IX,,Astrophysics,Suborbital,Sub,Suborbital Launch Ramp,Arnhem Space Centre,AUS
bc27a867-39e3-4cf7-9bb9-7a06c3a30543,Soyuz 2.1b/Fregat | Glonass-K1 No. 16 (Kosmos 2557),2022-07-07 09:18:06+00:00,Launch Successful,,Russian Space Forces,Government,Soyuz 2.1b/Fregat,Soyuz,Navigation,Medium Earth Orbit,MEO,43/4 (43R),"Plesetsk Cosmodrome, Russian Federation",RUS
ac4ce8e1-fd76-4654-8809-5500ba792a8a,Falcon 9 Block 5 | Starlink Group 4-21,2022-07-07 13:11:00+00:00,Launch Successful,,SpaceX,Commercial,Falcon 9,Falcon,Communications,Low Earth Orbit,LEO,Space Launch Complex 40,"Cape Canaveral SFS, FL, USA",USA
051c4c90-a89d-4a86-a77f-c7e22b9cb458,Falcon 9 Block 5 | Starlink Group 3-1,2022-07-11 01:39:40+00:00,Launch Successful,,SpaceX,Commercial,Falcon 9,Falcon,Communications,Low Earth Orbit,LEO,Space Launch Complex 4E,"Vandenberg SFB, CA, USA",USA
82e754cc-c893-4992-a992-c1b3db972c80,Black Brant IX | DEUCE,2022-07-11 11:01:00+00:00,Launch Successful,,Equatorial Launch Australia,Commercial,Black Brant IX,,Astrophysics,Suborbital,Sub,Suborbital Launch Ramp,Arnhem Space Centre,AUS
ff770019-246e-4dba-855d-87f21f3cd19b,Long March 3B/E | Tianlian 2-03,2022-07-12 16:30:00+00:00,Launch Successful,,China Aerospace Science and Technology Corporation,Government,Long March 3B/E,Long March,Communications,Geostationary Transfer Orbit,GTO,Launch Complex 2 (LC-2),"Xichang Satellite Launch Center, People's Republic of China",CHN
6e99b22c-1a27-428c-96f3-c868b8b53cfe,Electron | Wise One Looks Ahead (NROL-162),2022-07-13 06:30:00+00:00,Launch Successful,,Rocket Lab,Commercial,Electron,,Government/Top Secret,Low Earth Orbit,LEO,Rocket Lab Launch Complex 1A,"Rocket Lab Launch Complex 1, Mahia Peninsula, New Zealand",NZL
b8173cec-0f32-4268-bbb6-af7bab0be436,Vega-C | LARES-2 (Maiden flight),2022-07-13 13:13:17+00:00,Launch Successful,,European Space Agency,Multinational,Vega-C,Vega,Earth Science,Medium Earth Orbit,MEO,Ariane Launch Area 1 (ELV),"Guiana Space Centre, French Guiana",GUF
2773613e-58eb-4b99-8120-595c92aa3390,Falcon 9 Block 5 | Dragon CRS-2 SpX-25,2022-07-15 00:44:20+00:00,Launch Successful,,SpaceX,Commercial,Falcon 9,Falcon,Resupply,Low Earth Orbit,LEO,Launch Complex 39A,"Kennedy Space Center, FL, USA",USA
9953965f-821a-4a73-b6e4-ce4423195a76,Long March 2C | SuperView Neo 2-01 & 02,2022-07-15 22:57:16+00:00,Launch Successful,,China Aerospace Science and Technology Corporation,Government,Long March 2C,Long March,Earth Science,Sun-Synchronous Orbit,SSO,Launch Complex 9,"Taiyuan Satellite Launch Center, People's Republic of China",CHN
84f9bbdd-0e2c-468e-b1d0-73d640745c13,Falcon 9 Block 5 | Starlink Group 4-22,2022-07-17 14:20:00+00:00,Launch Successful,,SpaceX,Commercial,Falcon 9,Falcon,Communications,Low Earth Orbit,LEO,Space Launch Complex 40,"Cape Canaveral SFS, FL, USA",USA
b3d0dafc-9b12-4c35-8ceb-3fa21802236f,Falcon 9 Block 5 | Starlink Group 3-2,2022-07-22 17:39:40+00:00,Launch Successful,,SpaceX,Commercial,Falcon 9,Falcon,Communications,Low Earth Orbit,LEO,Space Launch Complex 4E,"Vandenberg SFB, CA, USA",USA
baf50beb-5a5b-4400-894e-32dde9ed6483,Long March 5B | Wentian,2022-07-24 06:22:32+00:00,Launch Successful,,China Aerospace Science and Technology Corporation,Government,Long March 5B,Long March,Human Exploration,Low Earth Orbit,LEO,101,"Wenchang Space Launch Site, People's Republic of China",CHN
4ddf282b-94a1-418e-b3f6-7d8e753fdfec,Falcon 9 Block 5 | Starlink Group 4-25,2022-07-24 13:38:20+00:00,Launch Successful,,SpaceX,Commercial,Falcon 9,Falcon,Communications,Low Earth Orbit,LEO,Launch Complex 39A,"Kennedy Space Center, FL, USA",USA
0f6f5e1d-e054-4f00-b8d5-afa61a462994,Kinetica 1 | Maiden Flight,2022-07-27 04:12:00+00:00,Launch Successful,,CAS Space,Commercial,Kinetica 1,,Technology,Sun-Synchronous Orbit,SSO,Launch Area 130,"Jiuquan Satellite Launch Center, People's Republic of China",CHN
660fd8d3-76dc-4205-82c4-ca7e5782f2ae,Long March 2D | Yaogan 35 Group 03,2022-07-29 13:28:00+00:00,Launch Successful,,China Aerospace Science and Technology Corporation,Government,Long March 2D,Long March,Government/Top Secret,Low Earth Orbit,LEO,Launch Complex 3 (LC-3/LA-1),"Xichang Satellite Launch Center, People's Republic of China",CHN
bac8572d-ba1d-4174-93b9-b666e31251ee,Soyuz 2.1v/Volga | Kosmos 2558,2022-08-01 20:25:00+00:00,Launch Successful,,Russian Space Forces,Government,Soyuz 2.1v,Soyuz,Government/Top Secret,Polar Orbit,PO,43/4 (43R),"Plesetsk Cosmodrome, Russian Federation",RUS
e534f012-1360-4187-8341-537a58831868,Long March 4B | Terrestrial Ecosystem Carbon Inventory Satellite (TECIS),2022-08-04 03:08:00+00:00,Launch Successful,,China Aerospace Science and Technology Corporation,Government,Long March 4B,Long March,Earth Science,Sun-Synchronous Orbit,SSO,Launch Complex 9,"Taiyuan Satellite Launch Center, People's Republic of China",CHN
a665afda-9e5d-478c-b185-3e7883846d78,Electron | Antipodean Adventure (NROL-199),2022-08-04 05:00:00+00:00,Launch Successful,,Rocket Lab,Commercial,Electron,,Government/Top Secret,Low Earth Orbit,LEO,Rocket Lab Launch Complex 1B,"Rocket Lab Launch Complex 1, Mahia Peninsula, New Zealand",NZL
33bf26a0-818e-4519-a47a-4fe79a07e84e,Atlas V 421 | SBIRS GEO-6,2022-08-04 10:29:00+00:00,Launch Successful,,United Launch Alliance,Commercial,Atlas V 421,Atlas,Government/Top Secret,Geostationary Transfer Orbit,GTO,Space Launch Complex 41,"Cape Canaveral SFS, FL, USA",USA
50649994-7635-49a4-81f2-9f7bea8b7425,New Shepard | NS-22,2022-08-04 13:56:07+00:00,Launch Successful,,Blue Origin,Commercial,New Shepard,,Tourism,Suborbital,Sub,West Texas Suborbital Launch Site/ Corn Ranch,"Corn Ranch, Van Horn, TX, USA",USA
4edae34f-34fc-4b80-b806-23c242fa2ad6,Long March 2F/G | Chinese Reusable Space Vehicle,2022-08-04 16:00:00+00:00,Launch Successful,,China Aerospace Science and Technology Corporation,Government,Long March 2F/G,Long March,Government/Top Secret,Low Earth Orbit,LEO,Launch Area 91 (SLS-1 / 921),"Jiuquan Satellite Launch Center, People's Republic of China",CHN
75d7306e-1d76-4c0b-9dc4-98dee7b9af59,Falcon 9 Block 5 | Danuri (KPLO - Korean Pathfinder Lunar Orbiter),2022-08-04 23:08:48+00:00,Launch Successful,,SpaceX,Commercial,Falcon 9,Falcon,Lunar Exploration,Elliptical Orbit,Elliptical,Space Launch Complex 40,"Cape Canaveral SFS, FL, USA",USA
5336dd45-9773-463b-acda-2a633b725d94,SSLV | EOS-02 (Microsat-2A) (Demo 1),2022-08-07 03:48:00+00:00,Launch Failure,Sensor failure and subsequent programming error caused satellites to be injected into 76 x 356 km unstable orbit which they would re-enter quickly.,Indian Space Research Organization,Government,SSLV,,Test Flight,Low Earth Orbit,LEO,Satish Dhawan Space Centre First Launch Pad,"Satish Dhawan Space Centre, India",IND
0590c900-a351-416f-b18b-d2a212ea1b61,Ceres-1 | Taijing-1-01 & 02,2022-08-09 04:11:00+00:00,Launch Successful,,Galactic Energy,Commercial,Ceres-1,Ceres-1,Earth Science,Sun-Synchronous Orbit,SSO,Launch Area 95A,"Jiuquan Satellite Launch Center, People's Republic of China",CHN
71d3040f-e362-437d-9eb0-f10617326dae,Soyuz 2.1b/Fregat-M | Khayyam & rideshare,2022-08-09 05:52:38+00:00,Launch Successful,,Russian Federal Space Agency (ROSCOSMOS),Government,Soyuz 2.1b/Fregat-M,Soyuz,Earth Science,Sun-Synchronous Orbit,SSO,31/6,"Baikonur Cosmodrome, Republic of Kazakhstan",KAZ
a6b9deb4-f78d-4b57-8e47-98c5aea99d9e,Falcon 9 Block 5 | Starlink Group 4-26,2022-08-10 02:14:40+00:00,Launch Successful,,SpaceX,Commercial,Falcon 9,Falcon,Communications,Low Earth Orbit,LEO,Launch Complex 39A,"Kennedy Space Center, FL, USA",USA
48273e95-ecac-4cf7-83b1-408182794bfc,"Long March 6 | Jilin-1 High Resolution 03D-09, 35 to 43 & Infrared A01 to 06",2022-08-10 04:50:00+00:00,Launch Successful,,China Aerospace Science and Technology Corporation,Government,Long March 6,Long March,Earth Science,Sun-Synchronous Orbit,SSO,Launch Complex 16,"Taiyuan Satellite Launch Center, People's Republic of China",CHN
4f2c5733-5019-4f7a-8403-15a1a270bf96,Falcon 9 Block 5 | Starlink Group 3-3,2022-08-12 21:40:20+00:00,Launch Successful,,SpaceX,Commercial,Falcon 9,Falcon,Communications,Low Earth Orbit,LEO,Space Launch Complex 4E,"Vandenberg SFB, CA, USA",USA
6861217d-7595-4a0c-83f2-c1682cbd64db,Long March 2D | Yaogan 35 Group 04,2022-08-19 17:37:00+00:00,Launch Successful,,China Aerospace Science and Technology Corporation,Government,Long March 2D,Long March,Government/Top Secret,Low Earth Orbit,LEO,Launch Complex 3 (LC-3/LA-1),"Xichang Satellite Launch Center, People's Republic of China",CHN
4a114237-e8c5-4248-8d30-7a9026b86430,Falcon 9 Block 5 | Starlink Group 4-27,2022-08-19 19:21:20+00:00,Launch Successful,,SpaceX,Commercial,Falcon 9,Falcon,Communications,Low Earth Orbit,LEO,Space Launch Complex 40,"Cape Canaveral SFS, FL, USA",USA
5bdce7b6-0b8f-4df3-979e-3560654f9fe2,Kuaizhou 1A | Chuangxin-16,2022-08-23 02:36:00+00:00,Launch Successful,,China Aerospace Science and Industry Corporation,Government,Kuaizhou 1A,Kuaizhou,Government/Top Secret,Low Earth Orbit,LEO,Mobile Launcher Pad,"Xichang Satellite Launch Center, People's Republic of China",CHN
a0d642d9-19ea-487d-8821-40c6f83e712f,Long March 2D | Beijing-3B,2022-08-24 03:01:00+00:00,Launch Successful,,China Aerospace Science and Technology Corporation,Government,Long March 2D,Long March,Earth Science,Sun-Synchronous Orbit,SSO,Launch Complex 9,"Taiyuan Satellite Launch Center, People's Republic of China",CHN
67158b3c-201d-4450-be8a-990010c05b40,Falcon 9 Block 5 | Starlink Group 4-23,2022-08-28 03:41:20+00:00,Launch Successful,,SpaceX,Commercial,Falcon 9,Falcon,Communications,Low Earth Orbit,LEO,Space Launch Complex 40,"Cape Canaveral SFS, FL, USA",USA
576b04d6-1962-4bda-b43f-0da4138d192d,Falcon 9 Block 5 | Starlink Group 3-4,2022-08-31 05:40:10+00:00,Launch Successful,,SpaceX,Commercial,Falcon 9,Falcon,Communications,Low Earth Orbit,LEO,Space Launch Complex 4E,"Vandenberg SFB, CA, USA",USA
15247ea8-f709-4599-8b1d-a4fdbe10df5a,Long March 4C | Yaogan 33-02,2022-09-02 23:44:00+00:00,Launch Successful,,China Aerospace Science and Technology Corporation,Government,Long March 4C,Long March,Government/Top Secret,Sun-Synchronous Orbit,SSO,Launch Area 94 (SLS-2 / 603),"Jiuquan Satellite Launch Center, People's Republic of China",CHN
84bf3b54-96ca-4ac4-bbaf-e25ed03e831c,Falcon 9 Block 5 | Starlink Group 4-20 & Varuna-TDM,2022-09-05 02:09:40+00:00,Launch Successful,,SpaceX,Commercial,Falcon 9,Falcon,Communications,Low Earth Orbit,LEO,Space Launch Complex 40,"Cape Canaveral SFS, FL, USA",USA
7508b1d7-bda4-4971-a739-b3d04d3303a7,Kuaizhou 1A | CentiSpace-1 S3 & S4,2022-09-06 02:24:00+00:00,Launch Successful,,ExPace,Commercial,Kuaizhou 1A,Kuaizhou,Navigation,Low Earth Orbit,LEO,Launch Area 95A,"Jiuquan Satellite Launch Center, People's Republic of China",CHN
fdc9abba-84fc-41bf-8e16-8e7a0d31ea1a,Long March 2D | Yaogan 35 Group 05,2022-09-06 04:19:00+00:00,Launch Successful,,China Aerospace Science and Technology Corporation,Government,Long March 2D,Long March,Government/Top Secret,Low Earth Orbit,LEO,Launch Complex 3 (LC-3/LA-1),"Xichang Satellite Launch Center, People's Republic of China",CHN
b7a9d0e7-776f-4140-ad20-7565993731c9,Ariane 5 ECA+ | Eutelsat Konnect VHTS,2022-09-07 21:45:07+00:00,Launch Successful,,Arianespace,Commercial,Ariane 5 ECA+,Ariane,Communications,Geostationary Transfer Orbit,GTO,Ariane Launch Area 3,"Guiana Space Centre, French Guiana",GUF
992823ad-f843-4a4a-beca-882b8ce8773a,Falcon 9 Block 5 | Starlink Group 4-2 & BlueWalker 3,2022-09-11 01:20:00+00:00,Launch Successful,,SpaceX,Commercial,Falcon 9,Falcon,Communications,Low Earth Orbit,LEO,Launch Complex 39A,"Kennedy Space Center, FL, USA",USA
d4a6a953-d1b2-4f68-b891-b9c75fc96ff2,New Shepard | NS-23,2022-09-12 14:27:00+00:00,Launch Failure,Launch escape system activated at T+1:05 following apparent BE-3 booster engine shutdown; capsule landed nominally,Blue Origin,Commercial,New Shepard,,Suborbital,Suborbital,Sub,West Texas Suborbital Launch Site/ Corn Ranch,"Corn Ranch, Van Horn, TX, USA",USA
565c9cd7-0a0d-4397-96f2-031812d6427f,Long March 7A | ChinaSat 1E,2022-09-13 13:18:47+00:00,Launch Successful,,China Aerospace Science and Technology Corporation,Government,Long March 7A,Long March,Communications,Geostationary Transfer Orbit,GTO,201,"Wenchang Space Launch Site, People's Republic of China",CHN
36bf2bad-839f-4aa6-9726-634be33e57aa,Electron | The Owl Spreads Its Wings (StriX-1),2022-09-15 20:38:00+00:00,Launch Successful,,Rocket Lab,Commercial,Electron,,Earth Science,Sun-Synchronous Orbit,SSO,Rocket Lab Launch Complex 1B,"Rocket Lab Launch Complex 1, Mahia Peninsula, New Zealand",NZL
9ba04064-c329-40bf-b477-ff468d7d8058,Falcon 9 Block 5 | Starlink Group 4-34,2022-09-19 00:18:40+00:00,Launch Successful,,SpaceX,Commercial,Falcon 9,Falcon,Communications,Low Earth Orbit,LEO,Space Launch Complex 40,"Cape Canaveral SFS, FL, USA",USA
e68b0849-0bfb-4dd9-be8c-60ae2e6e4bf2,Long March 2D | Yunhai-1-03,2022-09-20 23:15:00+00:00,Launch Successful,,China Aerospace Science and Technology Corporation,Government,Long March 2D,Long March,Earth Science,Sun-Synchronous Orbit,SSO,Launch Area 94 (SLS-2 / 603),"Jiuquan Satellite Launch Center, People's Republic of China",CHN
bc73ec4f-633e-4eb5-8b8e-5c996ea1733f,Soyuz 2.1a | Soyuz MS-22,2022-09-21 13:54:49+00:00,Launch Successful,,Russian Federal Space Agency (ROSCOSMOS),Government,Soyuz 2.1a,Soyuz,Human Exploration,Low Earth Orbit,LEO,31/6,"Baikonur Cosmodrome, Republic of Kazakhstan",KAZ
558c199e-4cfb-4914-b5d3-452b63d492bf,Delta IV Heavy | NROL-91,2022-09-24 22:25:30+00:00,Launch Successful,,United Launch Alliance,Commercial,Delta IV Heavy,Delta,Government/Top Secret,Low Earth Orbit,LEO,Space Launch Complex 6,"Vandenberg SFB, CA, USA",USA
7a643c1d-09be-4599-9926-00b99016a5ac,Kuaizhou 1A | Shiyan 14 & Shiyan 15,2022-09-24 22:55:00+00:00,Launch Successful,,China Aerospace Science and Industry Corporation,Government,Kuaizhou 1A,Kuaizhou,Government/Top Secret,Sun-Synchronous Orbit,SSO,Mobile Launcher Pad,"Taiyuan Satellite Launch Center, People's Republic of China",CHN
1c903b65-6667-4fd5-944d-296c5f13e01f,Falcon 9 Block 5 | Starlink Group 4-35,2022-09-24 23:32:10+00:00,Launch Successful,,SpaceX,Commercial,Falcon 9,Falcon,Communications,Low Earth Orbit,LEO,Space Launch Complex 40,"Cape Canaveral SFS, FL, USA",USA
0236d00f-a6ce-4caa-b0f1-ae1b47268f53,Long March 2D | Yaogan 36,2022-09-26 13:38:00+00:00,Launch Successful,,China Aerospace Science and Technology Corporation,Government,Long March 2D,Long March,Government/Top Secret,Low Earth Orbit,LEO,Launch Complex 3 (LC-3/LA-1),"Xichang Satellite Launch Center, People's Republic of China",CHN
ed34d77b-ee54-4180-bda4-417c00f4d3d7,Long March 6 | Shiyan 16 A/B & Shiyan 17,2022-09-26 23:50:00+00:00,Launch Successful,,China Aerospace Science and Technology Corporation,Government,Long March 6,Long March,Government/Top Secret,Sun-Synchronous Orbit,SSO,Launch Complex 16,"Taiyuan Satellite Launch Center, People's Republic of China",CHN
a7fcb777-83a4-4876-951b-ac31a9d37252,Firefly Alpha | FLTA002 (To The Black),2022-10-01 07:01:00+00:00,Launch Successful,,Firefly Aerospace,Commercial,Firefly Alpha,Firefly Alpha,Test Flight,Low Earth Orbit,LEO,Space Launch Complex 2W,"Vandenberg SFB, CA, USA",USA
ae6f284f-20be-43db-8af1-c6981c1cdcbd,Atlas V 531 | SES-20 & SES-21,2022-10-04 21:36:00+00:00,Launch Successful,,United Launch Alliance,Commercial,Atlas V 531,Atlas,Communications,Geostationary Orbit,Direct-GEO,Space Launch Complex 41,"Cape Canaveral SFS, FL, USA",USA
f33d5ece-e825-4cd8-809f-1d4c72a2e0d3,Falcon 9 Block 5 | Crew-5,2022-10-05 16:00:57+00:00,Launch Successful,,SpaceX,Commercial,Falcon 9,Falcon,Human Exploration,Low Earth Orbit,LEO,Launch Complex 39A,"Kennedy Space Center, FL, USA",USA
597cbe7c-4df2-46f2-9234-a3747e0a105b,Falcon 9 Block 5 | Starlink Group 4-29,2022-10-05 23:10:30+00:00,Launch Successful,,SpaceX,Commercial,Falcon 9,Falcon,Communications,Low Earth Orbit,LEO,Space Launch Complex 4E,"Vandenberg SFB, CA, USA",USA
5e7aebb7-7bfa-4819-819c-870cee32134a,Long March 11 | CentiSpace-1 S5 & S6,2022-10-07 13:10:29+00:00,Launch Successful,,China Aerospace Science and Technology Corporation,Government,Long March 11,Long March,Navigation,Low Earth Orbit,LEO,Haiyang offshore launch location,Haiyang Oriental Spaceport,CHN
339e0c8c-3f24-45ef-9542-e2e26bde7869,Electron | It Argos Up From Here (Argos-4),2022-10-07 17:09:21+00:00,Launch Successful,,Rocket Lab,Commercial,Electron,,Technology,Sun-Synchronous Orbit,SSO,Rocket Lab Launch Complex 1B,"Rocket Lab Launch Complex 1, Mahia Peninsula, New Zealand",NZL
03ee73b8-a553-4575-8dfa-d0da4e7939e9,Falcon 9 Block 5 | Galaxy 33 & 34,2022-10-08 23:05:00+00:00,Launch Successful,,SpaceX,Commercial,Falcon 9,Falcon,Communications,Geostationary Transfer Orbit,GTO,Space Launch Complex 40,"Cape Canaveral SFS, FL, USA",USA
41b5daaf-ae6e-4bd9-bece-bdef3c892672,Long March 2D | Advanced Space-borne Solar Observatory (ASO-S),2022-10-08 23:43:00+00:00,Launch Successful,,China Aerospace Science and Technology Corporation,Government,Long March 2D,Long March,Heliophysics,Sun-Synchronous Orbit,SSO,Launch Area 94 (SLS-2 / 603),"Jiuquan Satellite Launch Center, People's Republic of China",CHN
ba876342-7fcf-45f1-b432-65a975190f1f,Soyuz 2.1b/Fregat | Glonass-K1 No. 17 (Kosmos 2559),2022-10-10 02:52:32+00:00,Launch Successful,,Russian Space Forces,Government,Soyuz 2.1b/Fregat,Soyuz,Navigation,Medium Earth Orbit,MEO,43/3 (43L),"Plesetsk Cosmodrome, Russian Federation",RUS
1017c305-e50d-4a0f-8414-f7220d36e332,Epsilon | RAISE-3 & others,2022-10-12 00:50:43+00:00,Launch Failure,Flight Termination System activated at T+06:28 after rocket was observed not in correct attitude for normal 2nd/3rd stage separation.,Japan Aerospace Exploration Agency,Government,Epsilon,Epsilon,Technology,Sun-Synchronous Orbit,SSO,Mu Center,"Uchinoura Space Center, Japan",JPN
96202dc2-cf8d-4be2-9aba-21202540b55d,Proton-M/Blok DM-03 | AngoSat-2,2022-10-12 15:00:00+00:00,Launch Successful,,Russian Federal Space Agency (ROSCOSMOS),Government,Proton-M,Proton / UR-500,Communications,Geostationary Orbit,Direct-GEO,81/24 (81P),"Baikonur Cosmodrome, Republic of Kazakhstan",KAZ
bd4426e1-3b12-426e-95b6-7eea6d76ae3b,Long March 2C | 5 m S-SAR-01 (Huanjing-2E),2022-10-12 22:53:00+00:00,Launch Successful,,China Aerospace Science and Technology Corporation,Government,Long March 2C,Long March,Earth Science,Sun-Synchronous Orbit,SSO,Launch Complex 9,"Taiyuan Satellite Launch Center, People's Republic of China",CHN
8b1bc57e-5d6d-41be-aa39-51e864f885bc,Long March 2D | Yaogan 36 Group 02,2022-10-14 19:12:00+00:00,Launch Successful,,China Aerospace Science and Technology Corporation,Government,Long March 2D,Long March,Government/Top Secret,Low Earth Orbit,LEO,Launch Complex 3 (LC-3/LA-1),"Xichang Satellite Launch Center, People's Republic of China",CHN
13977bd5-45d2-4ed1-9a4a-9fefeee0723a,Falcon 9 Block 5 | Hotbird 13F,2022-10-15 05:22:00+00:00,Launch Successful,,SpaceX,Commercial,Falcon 9,Falcon,Communications,Geostationary Transfer Orbit,GTO,Space Launch Complex 40,"Cape Canaveral SFS, FL, USA",USA
a299b865-decd-4e3a-8dca-6cd96af76fe6,Angara 1.2 | EMKA-3 (Kosmos 2560),2022-10-15 19:55:15+00:00,Launch Successful,,Russian Space Forces,Government,Angara 1.2,Angara,Government/Top Secret,Sun-Synchronous Orbit,SSO,35/1,"Plesetsk Cosmodrome, Russian Federation",RUS
adcb0090-6f97-40c2-821f-104b5ed3e9c7,Falcon 9 Block 5 | Starlink Group 4-36,2022-10-20 14:50:40+00:00,Launch Successful,,SpaceX,Commercial,Falcon 9,Falcon,Communications,Low Earth Orbit,LEO,Space Launch Complex 40,"Cape Canaveral SFS, FL, USA",USA
ef852bc1-acb6-4300-bc16-6703047d5a4c,Soyuz 2.1v/Volga | Kosmos 2561 & Kosmos 2562,2022-10-21 19:20:15+00:00,Launch Successful,,Russian Space Forces,Government,Soyuz 2.1v,Soyuz,Government/Top Secret,Sun-Synchronous Orbit,SSO,43/4 (43R),"Plesetsk Cosmodrome, Russian Federation",RUS
76916ac0-5eab-4267-8e34-96a7e24bca8a,LVM-3 | OneWeb 14,2022-10-22 18:37:40+00:00,Launch Successful,,Indian Space Research Organization,Government,LVM-3 (GSLV Mk III),GSLV,Communications,Polar Orbit,PO,Satish Dhawan Space Centre Second Launch Pad,"Satish Dhawan Space Centre, India",IND
082ee822-2ec2-4329-a6dc-8d319e0c6dd5,"Soyuz 2.1b/Fregat-M | Gonets-M33, Gonets-M34, Gonets-M35 & Skif-D",2022-10-22 19:57:09+00:00,Launch Successful,,Russian Federal Space Agency (ROSCOSMOS),Government,Soyuz 2.1b/Fregat-M,Soyuz,Communications,Low Earth Orbit,LEO,Cosmodrome Site 1S,"Vostochny Cosmodrome, Siberia, Russian Federation",RUS
ecc7fc5d-23de-49de-938d-dd0653a6f3e3,Soyuz 2.1a | Progress MS-21 (82P),2022-10-26 00:20:09+00:00,Launch Successful,,Russian Federal Space Agency (ROSCOSMOS),Government,Soyuz 2.1a,Soyuz,Resupply,Low Earth Orbit,LEO,31/6,"Baikonur Cosmodrome, Republic of Kazakhstan",KAZ
4d3bde71-3ead-4236-af5b-eccfa7549f4f,Falcon 9 Block 5 | Starlink Group 4-31,2022-10-28 01:14:10+00:00,Launch Successful,,SpaceX,Commercial,Falcon 9,Falcon,Communications,Low Earth Orbit,LEO,Space Launch Complex 4E,"Vandenberg SFB, CA, USA",USA
0ead82f6-da55-4d09-9f5c-5dce82a6d87e,Long March 2D | Shiyan 20C,2022-10-29 01:01:00+00:00,Launch Successful,,China Aerospace Science and Technology Corporation,Government,Long March 4C,Long March,Government/Top Secret,Low Earth Orbit,LEO,Launch Area 94 (SLS-2 / 603),"Jiuquan Satellite Launch Center, People's Republic of China",CHN
8b442a10-9355-46aa-8af9-75bdb075aefd,Long March 5B | Mengtian,2022-10-31 07:37:23+00:00,Launch Successful,,China Aerospace Science and Technology Corporation,Government,Long March 5B,Long March,Human Exploration,Low Earth Orbit,LEO,101,"Wenchang Space Launch Site, People's Republic of China",CHN
aa88b853-9e04-4a28-9433-d87799331b1b,Falcon Heavy | USSF-44,2022-11-01 13:41:00+00:00,Launch Successful,,SpaceX,Commercial,Falcon Heavy,Falcon,Government/Top Secret,Geostationary Orbit,Direct-GEO,Launch Complex 39A,"Kennedy Space Center, FL, USA",USA
72e56883-ab3e-4f2f-a869-5793e4d35cca,Soyuz 2.1b/Fregat | EKS 6 (Tundra 6) (Kosmos 2563),2022-11-02 06:47:48+00:00,Launch Successful,,Russian Space Forces,Government,Soyuz 2.1b/Fregat,Soyuz,Government/Top Secret,Elliptical Orbit,Elliptical,43/4 (43R),"Plesetsk Cosmodrome, Russian Federation",RUS
baf2eb66-6cfc-48bb-9ced-85c40218abf1,Falcon 9 Block 5 | Hotbird 13G,2022-11-03 05:22:00+00:00,Launch Successful,,SpaceX,Commercial,Falcon 9,Falcon,Communications,Geostationary Transfer Orbit,GTO,Space Launch Complex 40,"Cape Canaveral SFS, FL, USA",USA
fe5dfe98-f541-4ed9-a98a-d19d5da7c983,Electron | Catch Me If You Can (MATS),2022-11-04 17:27:14+00:00,Launch Successful,,Rocket Lab,Commercial,Electron,,Earth Science,Sun-Synchronous Orbit,SSO,Rocket Lab Launch Complex 1B,"Rocket Lab Launch Complex 1, Mahia Peninsula, New Zealand",NZL
6448c5b5-56da-4207-a8a5-0cf795e85770,Long March 3B | ChinaSat 19,2022-11-05 11:50:00+00:00,Launch Successful,,China Aerospace Science and Technology Corporation,Government,Long March 3B/E,Long March,Communications,Geostationary Transfer Orbit,GTO,Launch Complex 2 (LC-2),"Xichang Satellite Launch Center, People's Republic of China",CHN
2b9ef57d-4279-415d-a183-dca4e53193cb,Antares 230+ | Cygnus CRS-2 NG-18 (S.S. Sally Ride),2022-11-07 10:32:42+00:00,Launch Successful,,Northrop Grumman Space Systems,Commercial,Antares 230+,Antares,Resupply,Low Earth Orbit,LEO,Launch Area 0 A,"Wallops Flight Facility, Virginia, USA",USA
060fc260-01bd-41ec-a0be-ce2223fbbc76,Atlas V 401 | JPSS 2 (Joint Polar Satellite System spacecraft No. 2) & LOFTID,2022-11-10 09:49:00+00:00,Launch Successful,,United Launch Alliance,Commercial,Atlas V 401,Atlas,Earth Science,Sun-Synchronous Orbit,SSO,Space Launch Complex 3E,"Vandenberg SFB, CA, USA",USA
bcd92b7a-f164-4415-824e-d64547676e3f,Long March 6A | Yunhai 3,2022-11-11 22:52:00+00:00,Launch Successful,,China Aerospace Science and Technology Corporation,Government,Long March 6A,Long March,Government/Top Secret,Sun-Synchronous Orbit,SSO,Launch Complex 9A,"Taiyuan Satellite Launch Center, People's Republic of China",CHN
f9214b4b-c4a1-4824-8746-0c80b85c124c,Long March 7 | Tianzhou-5,2022-11-12 02:03:12+00:00,Launch Successful,,China Aerospace Science and Technology Corporation,Government,Long March 7,Long March,Resupply,Low Earth Orbit,LEO,201,"Wenchang Space Launch Site, People's Republic of China",CHN
409f94d5-f3ef-4e33-b639-5c8e66a506fc,Falcon 9 Block 5 | Galaxy 31 & 32,2022-11-12 16:06:00+00:00,Launch Successful,,SpaceX,Commercial,Falcon 9,Falcon,Communications,Geostationary Transfer Orbit,GTO,Space Launch Complex 40,"Cape Canaveral SFS, FL, USA",USA
f330aace-1555-4b36-8fa2-20aa34de020e,Long March 4C | Yaogan 34-03,2022-11-15 01:38:00+00:00,Launch Successful,,China Aerospace Science and Technology Corporation,Government,Long March 4C,Long March,Government/Top Secret,Low Earth Orbit,LEO,Launch Area 94 (SLS-2 / 603),"Jiuquan Satellite Launch Center, People's Republic of China",CHN
c938b990-9ff5-4b3b-8a09-c9c269e1f7e4,"Ceres-1 | Jilin-1 High Resolution 03D-08, 51 to 54",2022-11-16 06:20:00+00:00,Launch Successful,,Galactic Energy,Commercial,Ceres-1,Ceres-1,Earth Science,Sun-Synchronous Orbit,SSO,Launch Area 95A,"Jiuquan Satellite Launch Center, People's Republic of China",CHN
65896761-b6ca-4df3-9699-e077a360c52a,SLS Block 1 | Artemis I,2022-11-16 06:47:44+00:00,Launch Successful,,National Aeronautics and Space Administration,Government,Space Launch System (SLS),Space Launch System,Human Exploration,Lunar Orbit,LO,Launch Complex 39B,"Kennedy Space Center, FL, USA",USA
d39b1374-21d3-467a-967d-f22a2cc199e3,Falcon 9 Block 5 | Eutelsat 10B,2022-11-23 02:57:00+00:00,Launch Successful,,SpaceX,Commercial,Falcon 9,Falcon,Communications,Geostationary Transfer Orbit,GTO,Space Launch Complex 40,"Cape Canaveral SFS, FL, USA",USA
6ec66610-b96c-4e3d-86f2-207068789781,PSLV-XL | EOS-6 (Oceansat-3) & rideshare,2022-11-26 06:26:00+00:00,Launch Successful,,Indian Space Research Organization,Government,PSLV-XL,PSLV,Earth Science,Sun-Synchronous Orbit,SSO,Satish Dhawan Space Centre First Launch Pad,"Satish Dhawan Space Centre, India",IND
8b360e14-f90d-4a34-9a81-cb5a5ac364c1,Falcon 9 Block 5 | Dragon CRS-2 SpX-26,2022-11-26 19:20:43+00:00,Launch Successful,,SpaceX,Commercial,Falcon 9,Falcon,Resupply,Low Earth Orbit,LEO,Launch Complex 39A,"Kennedy Space Center, FL, USA",USA
18c92c9d-aed9-4b41-9594-5e16fd1daf81,Long March 2D | Yaogan 36 Group 03,2022-11-27 12:23:00+00:00,Launch Successful,,China Aerospace Science and Technology Corporation,Government,Long March 2D,Long March,Government/Top Secret,Low Earth Orbit,LEO,Launch Complex 3 (LC-3/LA-1),"Xichang Satellite Launch Center, People's Republic of China",CHN
58ba48e0-641b-49f5-b930-10e4de71147a,Soyuz 2.1b/Fregat-M | Glonass-M No. 61 (Kosmos 2564),2022-11-28 15:13:50+00:00,Launch Successful,,Russian Space Forces,Government,Soyuz 2.1b/Fregat-M,Soyuz,Navigation,Medium Earth Orbit,MEO,43/3 (43L),"Plesetsk Cosmodrome, Russian Federation",RUS
1ad83a7d-1977-4075-a1e7-3a443da14f72,Long March 2F/G | Shenzhou 15,2022-11-29 15:08:17+00:00,Launch Successful,,China Aerospace Science and Technology Corporation,Government,Long March 2F/G,Long March,Human Exploration,Low Earth Orbit,LEO,Launch Area 91 (SLS-1 / 921),"Jiuquan Satellite Launch Center, People's Republic of China",CHN
5ff5ae93-813e-42bf-bd81-21071d6774e1,Soyuz 2.1b | Kosmos 2565 (Lotos-S1 #7),2022-11-30 21:10:25+00:00,Launch Successful,,Russian Space Forces,Government,Soyuz 2.1b,Soyuz,Government/Top Secret,Low Earth Orbit,LEO,43/4 (43R),"Plesetsk Cosmodrome, Russian Federation",RUS
747a2374-24ec-4466-a524-30dfa3d21483,Kuaizhou 11 | Xingyun VDES,2022-12-07 01:15:00+00:00,Launch Successful,,ExPace,Commercial,Kuaizhou 11,Kuaizhou,Communications,Sun-Synchronous Orbit,SSO,Launch Area 95A,"Jiuquan Satellite Launch Center, People's Republic of China",CHN
bcae88ce-1d12-4198-9d62-0cd5f024a986,Long March 2D | Gaofen-5-01A,2022-12-08 18:31:00+00:00,Launch Successful,,China Aerospace Science and Technology Corporation,Government,Long March 2D,Long March,Earth Science,Sun-Synchronous Orbit,SSO,Launch Complex 9,"Taiyuan Satellite Launch Center, People's Republic of China",CHN
03d55128-630b-4630-b3b1-2d9bf34946a8,Falcon 9 Block 5 | OneWeb 15,2022-12-08 22:27:48+00:00,Launch Successful,,SpaceX,Commercial,Falcon 9,Falcon,Communications,Polar Orbit,PO,Launch Complex 39A,"Kennedy Space Center, FL, USA",USA
414f8c17-95af-47e4-9b3f-1768e87254b8,Smart Dragon 3 | Maiden Flight,2022-12-09 06:35:00+00:00,Launch Successful,,China Rocket Co. Ltd.,Commercial,Smart Dragon 3,Smart Dragon,Test Flight,Low Earth Orbit,LEO,Yellow Sea (launch location 4),Haiyang Oriental Spaceport,CHN
2306e0bc-e1a3-4a4a-9285-e1a94073655e,Falcon 9 Block 5 | Hakuto-R M1 & Lunar Flashlight,2022-12-11 07:38:13+00:00,Launch Successful,,SpaceX,Commercial,Falcon 9,Falcon,Lunar Exploration,Lunar Orbit,LO,Space Launch Complex 40,"Cape Canaveral SFS, FL, USA",USA
93f4bcaf-3a7e-4a60-bdee-3c9926fca412,Long March 4C | Shiyan 20A & 20B,2022-12-12 08:22:00+00:00,Launch Successful,,China Aerospace Science and Technology Corporation,Government,Long March 4C,Long March,Government/Top Secret,Low Earth Orbit,LEO,Launch Area 94 (SLS-2 / 603),"Jiuquan Satellite Launch Center, People's Republic of China",CHN
450e6a91-8f22-45dc-a4ee-acfac0702cdf,"Ariane 5 ECA+ | Galaxy 35 & 36, MTG-I1",2022-12-13 20:30:07+00:00,Launch Successful,,Arianespace,Commercial,Ariane 5 ECA+,Ariane,Earth Science,Geostationary Transfer Orbit,GTO,Ariane Launch Area 3,"Guiana Space Centre, French Guiana",GUF
86ea974e-6464-4960-85df-11af88852d57,Zhuque-2 | Maiden Flight,2022-12-14 08:30:25+00:00,Launch Failure,Second-stage vernier engines unexpectedly shut down during second stage main engine cut-off after LOX pump casing was broken by SECO-induced forces at the LOX inlet; the vernier engines were planned to continue firing to reach orbit.,LandSpace,Commercial,Zhuque-2,Zhuque,Test Flight,Low Earth Orbit,LEO,Launch Area 96A,"Jiuquan Satellite Launch Center, People's Republic of China",CHN
27966a17-fd2d-4076-97f0-e167b9f65ab6,Long March 2D | Yaogan 36 Group 04,2022-12-14 18:25:00+00:00,Launch Successful,,China Aerospace Science and Technology Corporation,Government,Long March 2D,Long March,Government/Top Secret,Low Earth Orbit,LEO,Launch Complex 3 (LC-3/LA-1),"Xichang Satellite Launch Center, People's Republic of China",CHN
fc9d2096-d1e1-49f6-bfbd-11ca7c8ef091,Long March 11 | Shiyan 21,2022-12-16 06:17:00+00:00,Launch Successful,,China Aerospace Science and Technology Corporation,Government,Long March 11,Long March,Government/Top Secret,Low Earth Orbit,LEO,Mobile Launcher Pad,"Xichang Satellite Launch Center, People's Republic of China",CHN
8226d219-b612-4797-a9d2-c5ca7ab0b076,Falcon 9 Block 5 | SWOT (Surface Water and Ocean Topography),2022-12-16 11:46:47+00:00,Launch Successful,,SpaceX,Commercial,Falcon 9,Falcon,Earth Science,Low Earth Orbit,LEO,Space Launch Complex 4E,"Vandenberg SFB, CA, USA",USA
7105c4f4-7427-4f9a-a959-a8ecedd6062b,Falcon 9 Block 5 | O3b mPower 1 & 2,2022-12-16 22:48:00+00:00,Launch Successful,,SpaceX,Commercial,Falcon 9,Falcon,Communications,Medium Earth Orbit,MEO,Space Launch Complex 40,"Cape Canaveral SFS, FL, USA",USA
bf91b6d9-f517-4198-843c-dc82dfa6f9b0,Falcon 9 Block 5 | Starlink Group 4-37,2022-12-17 21:32:30+00:00,Launch Successful,,SpaceX,Commercial,Falcon 9,Falcon,Communications,Low Earth Orbit,LEO,Launch Complex 39A,"Kennedy Space Center, FL, USA",USA
9009b780-e843-4f35-accf-8f65e619d40f,Vega-C | Pléiades Neo 5 & 6,2022-12-21 01:47:31+00:00,Launch Failure,"2nd stage Zefiro 40 motor lost chamber pressure from T+151 seconds due to unexpected erosion of carbon-carbon (C-C) material in the motor nozzle's throat insert, caused by the material's flaw in homogeneity.",Arianespace,Commercial,Vega-C,Vega,Government/Top Secret,Sun-Synchronous Orbit,SSO,Ariane Launch Area 1 (ELV),"Guiana Space Centre, French Guiana",GUF
45a1f800-aa5a-4a3d-9da8-b259f998bef1,Long March 4B | Gaofen-11-04,2022-12-27 07:37:00+00:00,Launch Successful,,China Aerospace Science and Technology Corporation,Government,Long March 4B,Long March,Earth Science,Sun-Synchronous Orbit,SSO,Launch Complex 9,"Taiyuan Satellite Launch Center, People's Republic of China",CHN
d955a829-0222-41d8-8f69-ee1d5f851b93,Falcon 9 Block 5 | Starlink Group 5-1,2022-12-28 09:34:00+00:00,Launch Successful,,SpaceX,Commercial,Falcon 9,Falcon,Communications,Low Earth Orbit,LEO,Space Launch Complex 40,"Cape Canaveral SFS, FL, USA",USA
2e916628-c482-4ebc-ae53-151227416b3d,Long March 3B/E | Shiyan 10-02,2022-12-29 04:43:00+00:00,Launch Successful,,China Aerospace Science and Technology Corporation,Government,Long March 3B/E,Long March,Government/Top Secret,High Earth Orbit,HEO,Launch Complex 2 (LC-2),"Xichang Satellite Launch Center, People's Republic of China",CHN
fbd69a52-ede3-420f-8148-ffb251f6be94,Falcon 9 Block 5 | EROS-C3,2022-12-30 07:38:00+00:00,Launch Successful,,SpaceX,Commercial,Falcon 9,Falcon,Earth Science,Low Earth Orbit,LEO,Space Launch Complex 4E,"Vandenberg SFB, CA, USA",USA
fc0b222b-f55e-40d1-8f04-2a8885f9f075,Falcon 9 Block 5 | Transporter 6 (Dedicated SSO Rideshare),2023-01-03 14:55:56+00:00,Launch Successful,,SpaceX,Commercial,Falcon 9,Falcon,Dedicated Rideshare,Sun-Synchronous Orbit,SSO,Space Launch Complex 40,"Cape Canaveral SFS, FL, USA",USA
04396635-1f4c-4741-ba6c-39027cab512a,Long March 7A | Shijian 23,2023-01-08 22:00:00+00:00,Launch Successful,,China Aerospace Science and Technology Corporation,Government,Long March 7A,Long March,Communications,Geostationary Transfer Orbit,GTO,201,"Wenchang Space Launch Site, People's Republic of China",CHN
15096081-eb83-455e-854a-01f1a71dd7f1,Ceres-1 | 5 satellites,2023-01-09 05:04:00+00:00,Launch Successful,,Galactic Energy,Commercial,Ceres-1,Ceres-1,Technology,Sun-Synchronous Orbit,SSO,Launch Area 95A,"Jiuquan Satellite Launch Center, People's Republic of China",CHN
b0fbc1b8-f822-4345-95af-85782e2669d3,LauncherOne | Start Me Up,2023-01-09 23:08:00+00:00,Launch Failure,"2nd stage engine failure at ~17000 km/h after 2nd stage fuel filter within the fuel feedline was dislodged from its normal position, causing lower than usual fuel flow and subsequent rise in engine combustion chamber temperature.",Virgin Orbit,Commercial,LauncherOne,,Earth Science,Low Earth Orbit,LEO,Spaceport Cornwall,Air launch to orbit,???
d0132d83-687d-44e5-8406-1b639a0906c9,Falcon 9 Block 5 | OneWeb 16,2023-01-10 04:50:17+00:00,Launch Successful,,SpaceX,Commercial,Falcon 9,Falcon,Communications,Polar Orbit,PO,Space Launch Complex 40,"Cape Canaveral SFS, FL, USA",USA
06066a71-c5fd-48d1-a7c9-13fe82ded736,RS1 | Maiden Flight,2023-01-10 23:27:30+00:00,Launch Failure,RS1 successfully lifted off and flew nominally for 10.85 seconds until RS1's nine E2 engines as well as other systems on the vehicle shut down simultaneously and communications were lost. ABL believes the cause of failure was a fire in the engine bay of the first stage.,Long Wall,Commercial,RS1,,Test Flight,Low Earth Orbit,LEO,Launch Pad 3C,"Pacific Spaceport Complex, Alaska, USA",USA
fccd1b58-c028-4895-8ec8-b8599af9d13a,Long March 2C | APStar 6E,2023-01-12 18:10:00+00:00,Launch Successful,,China Aerospace Science and Technology Corporation,Government,Long March 2C,Long March,Communications,Geostationary Transfer Orbit,GTO,Launch Complex 3 (LC-3/LA-1),"Xichang Satellite Launch Center, People's Republic of China",CHN
7e7a8a94-5699-48cc-9dc5-0f15016d6e29,Long March 2D | Yaogan 37 & Shiyan 22A/B,2023-01-13 07:00:00+00:00,Launch Successful,,China Aerospace Science and Technology Corporation,Government,Long March 2D,Long March,Government/Top Secret,Low Earth Orbit,LEO,Launch Area 94 (SLS-2 / 603),"Jiuquan Satellite Launch Center, People's Republic of China",CHN
dac070cf-6e76-4f31-9990-93e68dc91c91,"Long March 2D | 6 x Jilin-1, Qilu-2/3 & others",2023-01-15 03:14:00+00:00,Launch Successful,,China Aerospace Science and Technology Corporation,Government,Long March 2D,Long March,Earth Science,Sun-Synchronous Orbit,SSO,Launch Complex 9,"Taiyuan Satellite Launch Center, People's Republic of China",CHN
571bf2c1-59eb-4079-b785-0472324d3a2d,Falcon Heavy | USSF-67,2023-01-15 22:56:00+00:00,Launch Successful,,SpaceX,Commercial,Falcon Heavy,Falcon,Government/Top Secret,Geostationary Orbit,Direct-GEO,Launch Complex 39A,"Kennedy Space Center, FL, USA",USA
572dbb78-06f5-47dd-be8c-593967333d81,Falcon 9 Block 5 | GPS III SV06,2023-01-18 12:24:00+00:00,Launch Successful,,SpaceX,Commercial,Falcon 9,Falcon,Navigation,Medium Earth Orbit,MEO,Space Launch Complex 40,"Cape Canaveral SFS, FL, USA",USA
050eecbc-ebfc-4656-9fee-1dbc5e5c59a4,Falcon 9 Block 5 | Starlink Group 2-4,2023-01-19 15:43:10+00:00,Launch Successful,,SpaceX,Commercial,Falcon 9,Falcon,Communications,Low Earth Orbit,LEO,Space Launch Complex 4E,"Vandenberg SFB, CA, USA",USA
32a2e219-e8d3-4369-822c-3e5d33941253,Electron | Virginia is for Launch Lovers (Hawk 6A-C),2023-01-24 23:00:00+00:00,Launch Successful,,Rocket Lab,Commercial,Electron,,Dedicated Rideshare,Low Earth Orbit,LEO,Rocket Lab Launch Complex 2 (Launch Area 0 C),"Wallops Flight Facility, Virginia, USA",USA
00af0700-46de-4438-bbc3-09b6c0721ee9,H-IIA 202 | IGS Radar 7,2023-01-26 01:50:21+00:00,Launch Successful,,Mitsubishi Heavy Industries,Commercial,H-IIA,H-II,Government/Top Secret,Sun-Synchronous Orbit,SSO,Yoshinobu Launch Complex LP-1,"Tanegashima Space Center, Japan",JPN
8e6946a2-43d0-4804-b3de-f937966f8425,Falcon 9 Block 5 | Starlink Group 5-2,2023-01-26 09:32:20+00:00,Launch Successful,,SpaceX,Commercial,Falcon 9,Falcon,Communications,Low Earth Orbit,LEO,Space Launch Complex 40,"Cape Canaveral SFS, FL, USA",USA
f5a5ba75-16c4-4f30-9262-3195a2016f44,Falcon 9 Block 5 | Starlink Group 2-6 & ION SCV009,2023-01-31 16:15:00+00:00,Launch Successful,,SpaceX,Commercial,Falcon 9,Falcon,Communications,Low Earth Orbit,LEO,Space Launch Complex 4E,"Vandenberg SFB, CA, USA",USA
072f9f30-3114-4e90-81c7-8111d7d9ae20,Falcon 9 Block 5 | Starlink Group 5-3,2023-02-02 07:58:20+00:00,Launch Successful,,SpaceX,Commercial,Falcon 9,Falcon,Communications,Low Earth Orbit,LEO,Launch Complex 39A,"Kennedy Space Center, FL, USA",USA
129c491b-c5df-4651-b15d-d4cbe6df7251,Proton-M/Blok DM-03 | Elektro-L No.4,2023-02-05 09:12:52+00:00,Launch Successful,,Khrunichev State Research and Production Space Center,Government,Proton-M,Proton / UR-500,Earth Science,Geostationary Orbit,Direct-GEO,81/24 (81P),"Baikonur Cosmodrome, Republic of Kazakhstan",KAZ
59449fa1-f709-40c0-bcad-f669b3ee48b4,Falcon 9 Block 5 | Amazonas Nexus,2023-02-07 01:32:00+00:00,Launch Successful,,SpaceX,Commercial,Falcon 9,Falcon,Communications,Geostationary Transfer Orbit,GTO,Space Launch Complex 40,"Cape Canaveral SFS, FL, USA",USA
f611b883-4ad3-48c6-b2ee-ececc5d8234a,Soyuz 2.1a | Progress MS-22 (83P),2023-02-09 06:15:36+00:00,Launch Successful,,Russian Federal Space Agency (ROSCOSMOS),Government,Soyuz 2.1a,Soyuz,Resupply,Low Earth Orbit,LEO,31/6,"Baikonur Cosmodrome, Republic of Kazakhstan",KAZ
58eba6fc-307a-4c47-b68d-aa75db6eddea,SSLV | EOS-7 & rideshare (Demo 2),2023-02-10 03:48:00+00:00,Launch Successful,,Indian Space Research Organization,Government,SSLV,,Test Flight,Low Earth Orbit,LEO,Satish Dhawan Space Centre First Launch Pad,"Satish Dhawan Space Centre, India",IND
3bd674c9-b689-40c4-bfe2-844c71e40844,Falcon 9 Block 5 | Starlink Group 5-4,2023-02-12 05:10:10+00:00,Launch Successful,,SpaceX,Commercial,Falcon 9,Falcon,Communications,Low Earth Orbit,LEO,Space Launch Complex 40,"Cape Canaveral SFS, FL, USA",USA
ae6b4088-983b-413d-baca-11c5650167d1,Falcon 9 Block 5 | Starlink Group 2-5,2023-02-17 19:12:20+00:00,Launch Successful,,SpaceX,Commercial,Falcon 9,Falcon,Communications,Low Earth Orbit,LEO,Space Launch Complex 4E,"Vandenberg SFB, CA, USA",USA
d6e60f3b-21d0-44f9-be02-fe0c00289b6a,Falcon 9 Block 5 | Inmarsat-6 F2,2023-02-18 03:59:00+00:00,Launch Successful,,SpaceX,Commercial,Falcon 9,Falcon,Communications,Geostationary Transfer Orbit,GTO,Space Launch Complex 40,"Cape Canaveral SFS, FL, USA",USA
c75ccb86-e6e3-4e63-96df-3eaeb6c235cf,Long March 3B/E | ChinaSat 26,2023-02-23 11:49:00+00:00,Launch Successful,,China Aerospace Science and Technology Corporation,Government,Long March 3B/E,Long March,Communications,Geostationary Transfer Orbit,GTO,Launch Complex 2 (LC-2),"Xichang Satellite Launch Center, People's Republic of China",CHN
e3290e0e-d967-4a5d-95eb-f8fae06a9034,Soyuz 2.1a | Soyuz MS-23,2023-02-24 00:24:27+00:00,Launch Successful,,Russian Federal Space Agency (ROSCOSMOS),Government,Soyuz 2.1a,Soyuz,Human Exploration,Low Earth Orbit,LEO,31/6,"Baikonur Cosmodrome, Republic of Kazakhstan",KAZ
8fbbbc02-9463-42a2-b3a3-29d170aa0200,Long March 2C | Horus 1,2023-02-24 04:01:00+00:00,Launch Successful,,China Aerospace Science and Technology Corporation,Government,Long March 2C,Long March,Earth Science,Sun-Synchronous Orbit,SSO,Launch Area 94 (SLS-2 / 603),"Jiuquan Satellite Launch Center, People's Republic of China",CHN
62588687-1153-4c69-8ea0-e6c5e0a9877e,Falcon 9 Block 5 | Starlink Group 6-1,2023-02-27 23:13:50+00:00,Launch Successful,,SpaceX,Commercial,Falcon 9,Falcon,Communications,Low Earth Orbit,LEO,Space Launch Complex 40,"Cape Canaveral SFS, FL, USA",USA
bc325945-4bee-4412-84e1-14998b2eba5f,Falcon 9 Block 5 | Crew-6,2023-03-02 05:34:14+00:00,Launch Successful,,SpaceX,Commercial,Falcon 9,Falcon,Human Exploration,Low Earth Orbit,LEO,Launch Complex 39A,"Kennedy Space Center, FL, USA",USA
16b81321-f53c-4323-b79d-528b1c2480d0,Falcon 9 Block 5 | Starlink Group 2-7,2023-03-03 18:38:50+00:00,Launch Successful,,SpaceX,Commercial,Falcon 9,Falcon,Communications,Low Earth Orbit,LEO,Space Launch Complex 4E,"Vandenberg SFB, CA, USA",USA
45f43220-2e7a-4beb-ac60-6b964d35e24b,Qaem 100 | Nahid-1,2023-03-04 00:00:00+00:00,Launch Failure,,Islamic Revolutionary Guard Corps Aerospace Force,Government,Qaem 100,,Communications,Low Earth Orbit,LEO,Launch Platform,"Shahrud Missile Test Site, Islamic Republic of Iran",IRN
13439df6-e99b-42b3-ab82-c0a8a2afe4d1,H3-22 | ALOS-3 (Maiden flight),2023-03-07 01:37:55+00:00,Launch Failure,2nd stage engine failed to ignite due to electrical circuit failure between vehicle controller and engine igniter at engine ignition.,Mitsubishi Heavy Industries,Commercial,H3-22,H3,Earth Science,Sun-Synchronous Orbit,SSO,Yoshinobu Launch Complex LP-2,"Tanegashima Space Center, Japan",JPN
7d6982f5-d7e3-4d10-9655-0e83999d81a6,Falcon 9 Block 5 | OneWeb 17,2023-03-09 19:13:28+00:00,Launch Successful,,SpaceX,Commercial,Falcon 9,Falcon,Communications,Polar Orbit,PO,Space Launch Complex 40,"Cape Canaveral SFS, FL, USA",USA
f0db6b3b-a494-4b24-a21f-2ce2053fb4d9,Long March 4C | Tianhui-6 A/B,2023-03-09 22:41:00+00:00,Launch Successful,,China Aerospace Science and Technology Corporation,Government,Long March 4C,Long March,Earth Science,Sun-Synchronous Orbit,SSO,Launch Complex 9,"Taiyuan Satellite Launch Center, People's Republic of China",CHN
c07ed147-ee50-4cfa-8ce3-9d7b451c0adb,Proton-M Briz-M | Olymp-K #2 (Luch 5X),2023-03-12 23:13:00+00:00,Launch Successful,,Khrunichev State Research and Production Space Center,Government,Proton-M Briz-M,Proton / UR-500,Government/Top Secret,Geostationary Transfer Orbit,GTO,200/39 (200L),"Baikonur Cosmodrome, Republic of Kazakhstan",KAZ
13b2f658-9112-48e3-a2d8-f79dababa407,Long March 2C | Horus 2,2023-03-13 04:02:00+00:00,Launch Successful,,China Aerospace Science and Technology Corporation,Government,Long March 2C,Long March,Earth Science,Sun-Synchronous Orbit,SSO,Launch Area 94 (SLS-2 / 603),"Jiuquan Satellite Launch Center, People's Republic of China",CHN
9a0216fd-811b-4e20-be0a-98e6c54859e4,Falcon 9 Block 5 | Dragon CRS-2 SpX-27,2023-03-15 00:30:42+00:00,Launch Successful,,SpaceX,Commercial,Falcon 9,Falcon,Resupply,Low Earth Orbit,LEO,Launch Complex 39A,"Kennedy Space Center, FL, USA",USA
2edfd796-97ec-4769-a191-cfa444ef6356,Long March 11 | Shiyan 19,2023-03-15 11:41:00+00:00,Launch Successful,,China Aerospace Science and Technology Corporation,Government,Long March 11,Long March,Earth Science,Sun-Synchronous Orbit,SSO,Launch Area 95A,"Jiuquan Satellite Launch Center, People's Republic of China",CHN
60ee4dbe-680d-40f5-8831-dadb325c7677,Electron | Stronger Together (Capella 9-10),2023-03-16 22:38:59+00:00,Launch Successful,,Rocket Lab,Commercial,Electron,,Earth Science,Low Earth Orbit,LEO,Rocket Lab Launch Complex 2 (Launch Area 0 C),"Wallops Flight Facility, Virginia, USA",USA
e31d61c8-aa36-4b08-ab63-abd6fc9eeb88,Long March 3B/E | Gaofen 13-02,2023-03-17 08:33:00+00:00,Launch Successful,,China Aerospace Science and Technology Corporation,Government,Long March 3B/E,Long March,Earth Science,Geostationary Transfer Orbit,GTO,Launch Complex 2 (LC-2),"Xichang Satellite Launch Center, People's Republic of China",CHN
4470fe15-bd51-408b-9d58-283891f97344,Falcon 9 Block 5 | Starlink Group 2-8,2023-03-17 19:26:40+00:00,Launch Successful,,SpaceX,Commercial,Falcon 9,Falcon,Communications,Low Earth Orbit,LEO,Space Launch Complex 4E,"Vandenberg SFB, CA, USA",USA
bd1d5c2b-5a73-4557-9b92-c16b916c8bbd,Falcon 9 Block 5 | SES-18 & SES-19,2023-03-17 23:38:00+00:00,Launch Successful,,SpaceX,Commercial,Falcon 9,Falcon,Communications,Geostationary Transfer Orbit,GTO,Space Launch Complex 40,"Cape Canaveral SFS, FL, USA",USA
b72e2e92-d909-487f-b498-0fe1d461b821,HANBIT-TLV | SISNAV,2023-03-19 17:52:00+00:00,Launch Successful,,Innospace,Private,HANBIT-TLV,HANBIT,Test Flight,Suborbital,Sub,HANBIT Pad,"Alcântara Space Center, Federative Republic of Brazil",BRA
90feeb5e-1f21-493b-99d1-0a6e9ff5a50a,Kuaizhou 1A | Tianmu-1 03-06,2023-03-22 09:09:00+00:00,Launch Successful,,ExPace,Commercial,Kuaizhou 1A,Kuaizhou,Earth Science,Sun-Synchronous Orbit,SSO,Launch Area 95A,"Jiuquan Satellite Launch Center, People's Republic of China",CHN
25d652f7-7e20-42d5-967e-b8e01305746c,"Terran 1 | Good Luck, Have Fun (Maiden Flight)",2023-03-23 03:25:00+00:00,Launch Failure,2nd stage engine failed to reach full thrust after slow response of main valves and failure in pressure increase of the liquid oxygen turbopump. Presence of vapor bubble at the LOX pump inlet is suspected.,Relativity Space,Commercial,Terran 1,Terran,Test Flight,Low Earth Orbit,LEO,Launch Complex 16,"Cape Canaveral SFS, FL, USA",USA
af57926c-ab85-4df9-8392-d68e9bd31b1c,Soyuz 2.1a | Kosmos 2567 (Bars-M No. 4),2023-03-23 06:40:11+00:00,Launch Successful,,Russian Space Forces,Government,Soyuz 2.1a,Soyuz,Government/Top Secret,Sun-Synchronous Orbit,SSO,43/3 (43L),"Plesetsk Cosmodrome, Russian Federation",RUS
8089a091-9b40-45d4-b68d-322b49a2bcba,Electron | The Beat Goes On (BlackSky 18-19),2023-03-24 09:14:56+00:00,Launch Successful,,Rocket Lab,Commercial,Electron,,Earth Science,Low Earth Orbit,LEO,Rocket Lab Launch Complex 1B,"Rocket Lab Launch Complex 1, Mahia Peninsula, New Zealand",NZL
393eb981-7952-44e5-bfbb-59410db0ef94,Falcon 9 Block 5 | Starlink Group 5-5,2023-03-24 15:43:10+00:00,Launch Successful,,SpaceX,Commercial,Falcon 9,Falcon,Communications,Low Earth Orbit,LEO,Space Launch Complex 40,"Cape Canaveral SFS, FL, USA",USA
6321fcb8-9d97-499c-9564-e58477f70fe5,LVM-3 | OneWeb 18,2023-03-26 03:30:20+00:00,Launch Successful,,Indian Space Research Organization,Government,LVM-3 (GSLV Mk III),GSLV,Communications,Polar Orbit,PO,Satish Dhawan Space Centre Second Launch Pad,"Satish Dhawan Space Centre, India",IND
032efced-4436-42f7-9dda-2e1ad65b059f,Shavit-2 | Ofek-13,2023-03-28 23:10:00+00:00,Launch Successful,,Israel Aerospace Industries,Commercial,Shavit-2,Shavit,Government/Top Secret,Low Earth Orbit,LEO,Shavit Launch Pad,"Palmachim Airbase, State of Israel",ISR
3b39ca60-0796-49ee-823f-ff1403ca9d9b,Soyuz 2.1v | Kosmos 2568 (EO MKA-4),2023-03-29 19:57:02+00:00,Launch Successful,,Russian Space Forces,Government,Soyuz 2.1v,Soyuz,Government/Top Secret,Sun-Synchronous Orbit,SSO,43/4 (43R),"Plesetsk Cosmodrome, Russian Federation",RUS
324cb054-c704-4c65-83af-2d5221d5e82a,Falcon 9 Block 5 | Starlink Group 5-10,2023-03-29 20:01:00+00:00,Launch Successful,,SpaceX,Commercial,Falcon 9,Falcon,Communications,Low Earth Orbit,LEO,Space Launch Complex 40,"Cape Canaveral SFS, FL, USA",USA
f08172e1-e53e-4c5c-9f97-df620f934ed9,Long March 2D | PIESAT-1 x 4,2023-03-30 10:50:00+00:00,Launch Successful,,China Aerospace Science and Technology Corporation,Government,Long March 2D,Long March,Earth Science,Sun-Synchronous Orbit,SSO,Launch Complex 9,"Taiyuan Satellite Launch Center, People's Republic of China",CHN
135fbfaf-cc5d-4f29-896a-0f3b40490f9f,Long March 4C | Yaogan 34-04,2023-03-31 06:27:00+00:00,Launch Successful,,China Aerospace Science and Technology Corporation,Government,Long March 4C,Long March,Government/Top Secret,Low Earth Orbit,LEO,Launch Area 94 (SLS-2 / 603),"Jiuquan Satellite Launch Center, People's Republic of China",CHN
739c7759-28d6-4853-a81f-859904bd0423,Tianlong-2 | Demo Flight,2023-04-02 08:48:15+00:00,Launch Successful,,Space Pioneer,Commercial,Tianlong-2,,Test Flight,Sun-Synchronous Orbit,SSO,Launch Area 120,"Jiuquan Satellite Launch Center, People's Republic of China",CHN
0705d82e-11b4-4e78-9075-457987f9f32f,Falcon 9 Block 5 | SDA Tranche 0A,2023-04-02 14:29:00+00:00,Launch Successful,,SpaceX,Commercial,Falcon 9,Falcon,Government/Top Secret,Polar Orbit,PO,Space Launch Complex 4E,"Vandenberg SFB, CA, USA",USA
c67f0f61-3a4b-4adb-af2b-3c02a1ff6055,Hyperbola-1 | Dummy Payload,2023-04-07 04:00:00+00:00,Launch Successful,,i-Space,Commercial,Hyperbola-1,,Test Flight,Sun-Synchronous Orbit,SSO,Launch Area 95A,"Jiuquan Satellite Launch Center, People's Republic of China",CHN
89931acb-0ffe-42b6-8f59-e339d17a1d77,Falcon 9 Block 5 | Intelsat 40e,2023-04-07 04:30:00+00:00,Launch Successful,,SpaceX,Commercial,Falcon 9,Falcon,Communications,Geostationary Transfer Orbit,GTO,Space Launch Complex 40,"Cape Canaveral SFS, FL, USA",USA
4066e51e-93ce-46f7-9806-9d2d712107a6,Ariane 5 ECA+ | JUICE (JUpiter ICy moons Explorer),2023-04-14 12:14:29+00:00,Launch Successful,,Arianespace,Commercial,Ariane 5 ECA+,Ariane,Planetary Science,Heliocentric N/A,Helio-N/A,Ariane Launch Area 3,"Guiana Space Centre, French Guiana",GUF
d8bd2b25-129b-4ab7-95d9-fb8ad1fdd73e,Falcon 9 Block 5 | Transporter 7 (Dedicated SSO Rideshare),2023-04-15 06:47:39+00:00,Launch Successful,,SpaceX,Commercial,Falcon 9,Falcon,Dedicated Rideshare,Sun-Synchronous Orbit,SSO,Space Launch Complex 4E,"Vandenberg SFB, CA, USA",USA
82838641-de38-432c-b9d6-c967d3c01663,Long March 4B | Fengyun-3G,2023-04-16 01:36:30+00:00,Launch Successful,,China Aerospace Science and Technology Corporation,Government,Long March 4B,Long March,Earth Science,Low Earth Orbit,LEO,Launch Area 94 (SLS-2 / 603),"Jiuquan Satellite Launch Center, People's Republic of China",CHN
8e4e1804-6ba8-486b-bbbb-e4d9f15c3376,Falcon 9 Block 5 | Starlink Group 6-2,2023-04-19 14:31:10+00:00,Launch Successful,,SpaceX,Commercial,Falcon 9,Falcon,Communications,Low Earth Orbit,LEO,Space Launch Complex 40,"Cape Canaveral SFS, FL, USA",USA
e32d375f-0d6e-4e54-b4f2-2b49db657fca,Starship | Integrated Flight Test,2023-04-20 13:33:09+00:00,Launch Failure,"After liftoff, the vehicle sustained fires from leaking propellant in the aft end of the Super Heavy booster, severing connection with the vehicle’s primary flight computer. This led to a loss of communications to most of the booster engines and eventually control of the vehicle. After the second stage failed to separate from the first stage, the vehicle reached an apogee of ~39km before tumbling downwards until the flight termination system was activated.

Unexpected severe damage was also imparted on the launch pad.",SpaceX,Commercial,Starship,Starship,Test Flight,Suborbital,Sub,Orbital Launch Pad 1,"SpaceX Starbase, TX, USA",USA
b91a488c-1c12-477c-ab24-cebb7a6b8780,PSLV-CA | TeLEOS-2,2023-04-22 08:50:00+00:00,Launch Successful,,Indian Space Research Organization,Government,PSLV,PSLV,Earth Science,Low Earth Orbit,LEO,Satish Dhawan Space Centre First Launch Pad,"Satish Dhawan Space Centre, India",IND
8a9895bf-5618-47e7-b7b1-9c84fca06ed8,SpaceShipTwo | VSS Unity 24,2023-04-26 13:47:00+00:00,Launch Successful,,Virgin Galactic,Private,SpaceShipTwo,,Test Flight,Suborbital,Sub,Spaceport America,Air launch to Suborbital flight,???
bb327f29-b9c0-4b07-98a5-0493ab351875,Falcon 9 Block 5 | Starlink Group 3-5,2023-04-27 13:40:50+00:00,Launch Successful,,SpaceX,Commercial,Falcon 9,Falcon,Communications,Low Earth Orbit,LEO,Space Launch Complex 4E,"Vandenberg SFB, CA, USA",USA
ff9b6a09-2b5a-4ca3-934e-c86db21b7a1b,Falcon 9 Block 5 | O3b mPower 3 & 4,2023-04-28 22:12:00+00:00,Launch Successful,,SpaceX,Commercial,Falcon 9,Falcon,Communications,Medium Earth Orbit,MEO,Space Launch Complex 40,"Cape Canaveral SFS, FL, USA",USA
8b1067dd-81c6-4bc3-b0f1-45f78963716f,Falcon Heavy | ViaSat-3 F1 (ViaSat-3 Americas) & others,2023-05-01 00:26:00+00:00,Launch Successful,,SpaceX,Commercial,Falcon Heavy,Falcon,Communications,Geostationary Orbit,Direct-GEO,Launch Complex 39A,"Kennedy Space Center, FL, USA",USA
16e0f780-7d6d-46bc-a0d4-cb23368e3501,Falcon 9 Block 5 | Starlink Group 5-6,2023-05-04 07:31:00+00:00,Launch Successful,,SpaceX,Commercial,Falcon 9,Falcon,Communications,Low Earth Orbit,LEO,Space Launch Complex 40,"Cape Canaveral SFS, FL, USA",USA
e870fe28-c5d5-4c3d-be4f-aaddd061ea18,Electron | Rocket Like A Hurricane (TROPICS-2),2023-05-08 01:00:00+00:00,Launch Successful,,Rocket Lab,Commercial,Electron,,Earth Science,Low Earth Orbit,LEO,Rocket Lab Launch Complex 1B,"Rocket Lab Launch Complex 1, Mahia Peninsula, New Zealand",NZL
45c29186-9bbe-419f-bb24-4a3824ff3411,Long March 7 | Tianzhou-6,2023-05-10 13:22:51+00:00,Launch Successful,,China Aerospace Science and Technology Corporation,Government,Long March 7,Long March,Resupply,Low Earth Orbit,LEO,201,"Wenchang Space Launch Site, People's Republic of China",CHN
84dd42a7-765d-404c-bf12-a81eeb0f2e32,Falcon 9 Block 5 | Starlink Group 2-9,2023-05-10 20:09:00+00:00,Launch Successful,,SpaceX,Commercial,Falcon 9,Falcon,Communications,Low Earth Orbit,LEO,Space Launch Complex 4E,"Vandenberg SFB, CA, USA",USA
f5a3eb4c-9eb5-4e28-acfb-7903a9e11371,Falcon 9 Block 5 | Starlink Group 5-9,2023-05-14 05:03:50+00:00,Launch Successful,,SpaceX,Commercial,Falcon 9,Falcon,Communications,Low Earth Orbit,LEO,Space Launch Complex 40,"Cape Canaveral SFS, FL, USA",USA
c1453f98-605e-4691-9722-a16657fb7fdf,Long March 3B/E | Beidou-3 G4,2023-05-17 02:49:00+00:00,Launch Successful,,China Aerospace Science and Technology Corporation,Government,Long March 3B,Long March,Navigation,Geostationary Transfer Orbit,GTO,Launch Complex 2 (LC-2),"Xichang Satellite Launch Center, People's Republic of China",CHN
0962fe02-4a3d-4131-8bc5-ee7bd2bc97fa,Falcon 9 Block 5 | Starlink Group 6-3,2023-05-19 06:19:30+00:00,Launch Successful,,SpaceX,Commercial,Falcon 9,Falcon,Communications,Low Earth Orbit,LEO,Space Launch Complex 40,"Cape Canaveral SFS, FL, USA",USA
6d55d3cf-5c95-4c23-8c5e-1da44fbe299d,Falcon 9 Block 5 | Iridium-9 & OneWeb 19,2023-05-20 13:16:33+00:00,Launch Successful,,SpaceX,Commercial,Falcon 9,Falcon,Communications,Polar Orbit,PO,Space Launch Complex 4E,"Vandenberg SFB, CA, USA",USA
b88161d9-bf69-4a39-97c1-f912ea796d70,Long March 2C | MUST-1A/B & Luojia-2 01,2023-05-21 08:00:00+00:00,Launch Successful,,China Aerospace Science and Technology Corporation,Government,Long March 2C,Long March,Earth Science,Low Earth Orbit,LEO,Launch Area 94 (SLS-2 / 603),"Jiuquan Satellite Launch Center, People's Republic of China",CHN
0297d3dc-0513-450a-babc-6f3da8e8c181,Falcon 9 Block 5 | Axiom Space Mission 2,2023-05-21 21:37:09+00:00,Launch Successful,,SpaceX,Commercial,Falcon 9,Falcon,Human Exploration,Low Earth Orbit,LEO,Launch Complex 39A,"Kennedy Space Center, FL, USA",USA
faa6a885-48f0-4b38-acfa-2c361474a20b,Soyuz 2.1a | Progress MS-23 (84P),2023-05-24 12:56:06+00:00,Launch Successful,,Russian Federal Space Agency (ROSCOSMOS),Government,Soyuz 2.1a,Soyuz,Resupply,Low Earth Orbit,LEO,31/6,"Baikonur Cosmodrome, Republic of Kazakhstan",KAZ
dc967d5c-7eb0-426c-8d70-f23dad6c0176,Nuri | NEXTSat-2 & SNIPE,2023-05-25 09:24:00+00:00,Launch Successful,,Korea Aerospace Research Institute,Government,Nuri,KSLV,Earth Science,Sun-Synchronous Orbit,SSO,LC-2,"Naro Space Center, South Korea",KOR
384ab3d5-6628-4e14-9f33-50212b52c539,SpaceShipTwo | VSS Unity 25,2023-05-25 16:23:00+00:00,Launch Successful,,Virgin Galactic,Private,SpaceShipTwo,,Test Flight,Suborbital,Sub,Spaceport America,Air launch to Suborbital flight,???
4f77007c-9bb3-4bf4-bab3-937e65f75c45,Electron | Coming To A Storm Near You (TROPICS-3),2023-05-26 03:46:00+00:00,Launch Successful,,Rocket Lab,Commercial,Electron,,Earth Science,Low Earth Orbit,LEO,Rocket Lab Launch Complex 1B,"Rocket Lab Launch Complex 1, Mahia Peninsula, New Zealand",NZL
8c5c7489-1a64-422c-8ce3-e236efe3d055,Soyuz 2.1a/Fregat-M | Kondor-FKA No.1,2023-05-26 21:14:51+00:00,Launch Successful,,Russian Federal Space Agency (ROSCOSMOS),Government,Soyuz 2.1a/Fregat-M,Soyuz,Earth Science,Sun-Synchronous Orbit,SSO,Cosmodrome Site 1S,"Vostochny Cosmodrome, Siberia, Russian Federation",RUS
d5a80dcc-105b-445f-a8c4-394d7c7825ed,Falcon 9 Block 5 | BADR-8,2023-05-27 04:30:00+00:00,Launch Successful,,SpaceX,Commercial,Falcon 9,Falcon,Communications,Geostationary Transfer Orbit,GTO,Space Launch Complex 40,"Cape Canaveral SFS, FL, USA",USA
872a28c2-4ba1-4a22-8602-52c752b4ae82,GSLV Mk II | IRNSS-1J (NVS-01),2023-05-29 05:12:00+00:00,Launch Successful,,Indian Space Research Organization,Government,GSLV Mk II,GSLV,Navigation,Geostationary Transfer Orbit,GTO,Satish Dhawan Space Centre Second Launch Pad,"Satish Dhawan Space Centre, India",IND
2f8aff8b-85da-42bf-84eb-6d3b10184c44,Long March 2F/G | Shenzhou 16,2023-05-30 01:31:10+00:00,Launch Successful,,China Aerospace Science and Technology Corporation,Government,Long March 2F/G,Long March,Human Exploration,Low Earth Orbit,LEO,Launch Area 91 (SLS-1 / 921),"Jiuquan Satellite Launch Center, People's Republic of China",CHN
4aa4088f-4129-4f32-8a89-751f2a54288b,Chollima-1 | Malligyong-1a,2023-05-30 21:27:00+00:00,Launch Failure,Officially declared to be a 2nd stage engine failure after start-up.,National Aerospace Development Administration,Government,Chollima-1,Taepodong,Government/Top Secret,Low Earth Orbit,LEO,Malligyong-1 Pad,"Sohae Satellite Launching Station,  Cholsan County, North Pyongan Province, Democratic People's Republic of Korea",PRK
5fa79e26-9ada-4a81-9735-c0b0a96a157a,Falcon 9 Block 5 | Starlink Group 2-10,2023-05-31 06:02:30+00:00,Launch Successful,,SpaceX,Commercial,Falcon 9,Falcon,Communications,Low Earth Orbit,LEO,Space Launch Complex 4E,"Vandenberg SFB, CA, USA",USA
066250e1-a3fe-4483-88d7-8b80c7251a5f,Falcon 9 Block 5 | Starlink Group 6-4,2023-06-04 12:20:00+00:00,Launch Successful,,SpaceX,Commercial,Falcon 9,Falcon,Communications,Low Earth Orbit,LEO,Space Launch Complex 40,"Cape Canaveral SFS, FL, USA",USA
e53eecd6-184d-440a-955a-70fe0fdccbd6,Falcon 9 Block 5 | Dragon CRS-2 SpX-28,2023-06-05 15:47:00+00:00,Launch Successful,,SpaceX,Commercial,Falcon 9,Falcon,Resupply,Low Earth Orbit,LEO,Launch Complex 39A,"Kennedy Space Center, FL, USA",USA
0c41caef-3a5d-458b-a610-b98d52aa7cf4,Kinetica 1 | Flight 2,2023-06-07 04:10:02+00:00,Launch Successful,,CAS Space,Commercial,Kinetica 1,,Earth Science,Sun-Synchronous Orbit,SSO,Launch Area 130,"Jiuquan Satellite Launch Center, People's Republic of China",CHN
4fbbd174-e97e-41e8-8bc5-4e340af00b44,Kuaizhou 1A | Longjiang 3,2023-06-09 02:35:30+00:00,Launch Successful,,ExPace,Commercial,Kuaizhou 1A,Kuaizhou,Communications,Low Earth Orbit,LEO,Launch Area 95A,"Jiuquan Satellite Launch Center, People's Republic of China",CHN
5eba4955-6292-4a62-bc07-07443ff4baaa,Falcon 9 Block 5 | Starlink Group 5-11,2023-06-12 07:10:50+00:00,Launch Successful,,SpaceX,Commercial,Falcon 9,Falcon,Communications,Low Earth Orbit,LEO,Space Launch Complex 40,"Cape Canaveral SFS, FL, USA",USA
1e0c3a19-02a8-481b-9b7e-1392327c1826,Falcon 9 Block 5 | Transporter 8 (Dedicated SSO Rideshare),2023-06-12 21:35:00+00:00,Launch Successful,,SpaceX,Commercial,Falcon 9,Falcon,Dedicated Rideshare,Sun-Synchronous Orbit,SSO,Space Launch Complex 4E,"Vandenberg SFB, CA, USA",USA
5608dccc-b00a-4460-bb97-0b67f2d07f76,Long March 2D | 41 x Jilin-1,2023-06-15 05:30:00+00:00,Launch Successful,,China Aerospace Science and Technology Corporation,Government,Long March 2D,Long March,Earth Science,Sun-Synchronous Orbit,SSO,Launch Complex 9,"Taiyuan Satellite Launch Center, People's Republic of China",CHN
2ec7425b-743d-4c52-8712-a19b1fbd0a9e,HASTE | Scout's Arrow (DYNAMO-A),2023-06-18 01:24:00+00:00,Launch Successful,,Rocket Lab,Commercial,Electron,,Government/Top Secret,Suborbital,Sub,Rocket Lab Launch Complex 2 (Launch Area 0 C),"Wallops Flight Facility, Virginia, USA",USA
76e42f7b-6690-41be-95c1-811aab0ccf32,Falcon 9 Block 5 | Satria-1,2023-06-18 22:21:00+00:00,Launch Successful,,SpaceX,Commercial,Falcon 9,Falcon,Communications,Geostationary Transfer Orbit,GTO,Space Launch Complex 40,"Cape Canaveral SFS, FL, USA",USA
2e69ee31-66a6-4d51-884d-7b4f392acf34,Long March 6 | Shiyan 25,2023-06-20 03:18:00+00:00,Launch Successful,,China Aerospace Science and Technology Corporation,Government,Long March 6,Long March,Government/Top Secret,Sun-Synchronous Orbit,SSO,Launch Complex 16,"Taiyuan Satellite Launch Center, People's Republic of China",CHN
4250862e-5e59-465c-90ac-262e85db6086,Falcon 9 Block 5 | Starlink Group 5-7,2023-06-22 07:19:00+00:00,Launch Successful,,SpaceX,Commercial,Falcon 9,Falcon,Communications,Low Earth Orbit,LEO,Space Launch Complex 4E,"Vandenberg SFB, CA, USA",USA
8cfa00a5-a72e-48b7-80bd-944664688f59,Delta IV Heavy | NROL-68,2023-06-22 09:18:00+00:00,Launch Successful,,United Launch Alliance,Commercial,Delta IV Heavy,Delta,Government/Top Secret,Geostationary Orbit,Direct-GEO,Space Launch Complex 37B,"Cape Canaveral SFS, FL, USA",USA
168f4cf5-35e9-4e4c-90c3-61f1dcd6975e,Falcon 9 Block 5 | Starlink Group 5-12,2023-06-23 15:35:10+00:00,Launch Successful,,SpaceX,Commercial,Falcon 9,Falcon,Communications,Low Earth Orbit,LEO,Space Launch Complex 40,"Cape Canaveral SFS, FL, USA",USA
6e5725b3-d0e9-4484-9d79-514fe8b978be,Soyuz 2.1b/Fregat-M | Meteor-M No.2-3 & others,2023-06-27 11:34:49+00:00,Launch Successful,,Russian Federal Space Agency (ROSCOSMOS),Government,Soyuz 2.1b/Fregat-M,Soyuz,Earth Science,Sun-Synchronous Orbit,SSO,Cosmodrome Site 1S,"Vostochny Cosmodrome, Siberia, Russian Federation",RUS
6109337b-0ac2-4a89-a5fe-dba37cb107fe,SpaceShipTwo | Galactic 01,2023-06-29 15:28:38+00:00,Launch Successful,,Virgin Galactic,Private,SpaceShipTwo,,Biology,Suborbital,Sub,Spaceport America,Air launch to Suborbital flight,???
49d20d1b-18dd-4da6-a061-eacd0156fcc4,Falcon 9 Block 5 | Euclid,2023-07-01 15:12:00+00:00,Launch Successful,,SpaceX,Commercial,Falcon 9,Falcon,Astrophysics,Sun-Earth L2,L2,Space Launch Complex 40,"Cape Canaveral SFS, FL, USA",USA
e3f8e755-0867-413a-a05a-15ca06ce7fa3,Ariane 5 ECA+ | Syracuse 4B & Heinrich Hertz (H2Sat),2023-07-05 22:00:07+00:00,Launch Successful,,Arianespace,Commercial,Ariane 5 ECA+,Ariane,Communications,Geostationary Transfer Orbit,GTO,Ariane Launch Area 3,"Guiana Space Centre, French Guiana",GUF
5d3e11d7-5d13-4c8c-b94a-c73da97c39a5,Falcon 9 Block 5 | Starlink Group 5-13,2023-07-07 19:29:50+00:00,Launch Successful,,SpaceX,Commercial,Falcon 9,Falcon,Communications,Low Earth Orbit,LEO,Space Launch Complex 4E,"Vandenberg SFB, CA, USA",USA
6de92f44-d5c2-47b8-b115-f6cf28d522d9,Long March 2C/YZ-1S | 2 x SatNet test satellites,2023-07-09 11:00:00+00:00,Launch Successful,,China Aerospace Science and Technology Corporation,Government,Long March 2C/YZ-1S,Long March,Communications,Polar Orbit,PO,Launch Area 94 (SLS-2 / 603),"Jiuquan Satellite Launch Center, People's Republic of China",CHN
6f4ed2b9-918d-44e3-a8a9-cfdafc8cf8ce,Falcon 9 Block 5 | Starlink Group 6-5,2023-07-10 03:58:50+00:00,Launch Successful,,SpaceX,Commercial,Falcon 9,Falcon,Communications,Low Earth Orbit,LEO,Space Launch Complex 40,"Cape Canaveral SFS, FL, USA",USA
d454be53-3a0c-4b7f-82b9-50ee4a4b48b0,Zhuque-2 | Flight 2,2023-07-12 01:00:00+00:00,Launch Successful,,LandSpace,Commercial,Zhuque-2,Zhuque,Test Flight,Sun-Synchronous Orbit,SSO,Launch Area 96A,"Jiuquan Satellite Launch Center, People's Republic of China",CHN
78f7c31d-4f29-482a-96d1-390b460a0a02,LVM-3 | Chandrayaan-3,2023-07-14 09:05:17+00:00,Launch Successful,,Indian Space Research Organization,Government,LVM-3 (GSLV Mk III),GSLV,Lunar Exploration,Lunar Orbit,LO,Satish Dhawan Space Centre Second Launch Pad,"Satish Dhawan Space Centre, India",IND
885ceb2a-bdf3-427b-9e98-ecfbd04d4e01,Falcon 9 Block 5 | Starlink Group 5-15,2023-07-16 03:50:00+00:00,Launch Successful,,SpaceX,Commercial,Falcon 9,Falcon,Communications,Low Earth Orbit,LEO,Space Launch Complex 40,"Cape Canaveral SFS, FL, USA",USA
e2651bb4-c42c-4fd8-b11a-bf7df7036c89,Electron | Baby Come Back (Rideshare),2023-07-18 01:27:00+00:00,Launch Successful,,Rocket Lab,Commercial,Electron,,Dedicated Rideshare,Low Earth Orbit,LEO,Rocket Lab Launch Complex 1B,"Rocket Lab Launch Complex 1, Mahia Peninsula, New Zealand",NZL
c2a0e237-5fb8-4cca-aadd-c0aefda2c12e,Kuaizhou 1A | Tianmu-1 07-10,2023-07-20 03:20:00+00:00,Launch Successful,,ExPace,Commercial,Kuaizhou 1A,Kuaizhou,Earth Science,Sun-Synchronous Orbit,SSO,Launch Area 95A,"Jiuquan Satellite Launch Center, People's Republic of China",CHN
9e94b0b7-d88b-4cdf-9793-acdec5850613,Falcon 9 Block 5 | Starlink Group 6-15,2023-07-20 04:09:30+00:00,Launch Successful,,SpaceX,Commercial,Falcon 9,Falcon,Communications,Low Earth Orbit,LEO,Space Launch Complex 4E,"Vandenberg SFB, CA, USA",USA
160d6bd1-4ac6-43bd-8284-12e457cde9d7,Ceres-1 | Qiankun-1 & Xingshidai‐16,2023-07-22 05:07:00+00:00,Launch Successful,,Galactic Energy,Commercial,Ceres-1,Ceres-1,Earth Science,Sun-Synchronous Orbit,SSO,Launch Area 95A,"Jiuquan Satellite Launch Center, People's Republic of China",CHN
22a6f1ed-afcd-455d-9316-5aaf8f39e864,Long March 2D | Skysight AS-01 to 03 & Lingxi-03,2023-07-23 02:50:00+00:00,Launch Successful,,China Aerospace Science and Technology Corporation,Government,Long March 2D,Long March,Earth Science,Sun-Synchronous Orbit,SSO,Launch Complex 9,"Taiyuan Satellite Launch Center, People's Republic of China",CHN
c407b340-49e6-447a-b872-8441618f0ec7,Falcon 9 Block 5 | Starlink Group 6-6,2023-07-24 00:50:30+00:00,Launch Successful,,SpaceX,Commercial,Falcon 9,Falcon,Communications,Low Earth Orbit,LEO,Space Launch Complex 40,"Cape Canaveral SFS, FL, USA",USA
9da1b09b-d448-43a2-b6f1-720756c4e960,Long March 2D | Yaogan 36 Group 05,2023-07-26 20:02:00+00:00,Launch Successful,,China Aerospace Science and Technology Corporation,Government,Long March 2D,Long March,Government/Top Secret,Low Earth Orbit,LEO,Launch Complex 3 (LC-3/LA-1),"Xichang Satellite Launch Center, People's Republic of China",CHN
ce5f4f47-c54d-4014-84f2-17a556892420,Falcon 9 Block 5 | Starlink Group 6-7,2023-07-28 04:01:10+00:00,Launch Successful,,SpaceX,Commercial,Falcon 9,Falcon,Communications,Low Earth Orbit,LEO,Space Launch Complex 40,"Cape Canaveral SFS, FL, USA",USA
72491a20-315d-4aea-b6df-d1202930bd60,Falcon Heavy | EchoStar 24/Jupiter-3,2023-07-29 03:04:00+00:00,Launch Successful,,SpaceX,Commercial,Falcon Heavy,Falcon,Communications,Geostationary Transfer Orbit,GTO,Launch Complex 39A,"Kennedy Space Center, FL, USA",USA
af626de1-88f7-418b-8801-a4e897f067a4,PSLV-CA | DS-SAR,2023-07-30 01:01:00+00:00,Launch Successful,,Indian Space Research Organization,Government,PSLV,PSLV,Earth Science,Low Earth Orbit,LEO,Satish Dhawan Space Centre First Launch Pad,"Satish Dhawan Space Centre, India",IND
7c126e4f-4afd-4c25-bf6f-9017666b56ee,Antares 230+ | Cygnus CRS-2 NG-19 (S.S. Laurel Clark),2023-08-02 00:31:14+00:00,Launch Successful,,Northrop Grumman Space Systems,Commercial,Antares 230+,Antares,Resupply,Low Earth Orbit,LEO,Launch Area 0 A,"Wallops Flight Facility, Virginia, USA",USA
5749ccdb-a743-49e9-b7d0-3c018dc68ae3,Long March 4C | Fengyun-3F,2023-08-03 03:47:47+00:00,Launch Successful,,China Aerospace Science and Technology Corporation,Government,Long March 4C,Long March,Earth Science,Sun-Synchronous Orbit,SSO,Launch Area 94 (SLS-2 / 603),"Jiuquan Satellite Launch Center, People's Republic of China",CHN
afc772a3-6ea7-4550-a4e9-35c70c22ebba,Falcon 9 Block 5 | Galaxy 37,2023-08-03 05:00:00+00:00,Launch Successful,,SpaceX,Commercial,Falcon 9,Falcon,Communications,Geostationary Transfer Orbit,GTO,Space Launch Complex 40,"Cape Canaveral SFS, FL, USA",USA
ce0089c7-c61c-46a2-a9c1-10f2d6d066f0,Falcon 9 Block 5 | Starlink Group 6-8,2023-08-07 02:41:10+00:00,Launch Successful,,SpaceX,Commercial,Falcon 9,Falcon,Communications,Low Earth Orbit,LEO,Space Launch Complex 40,"Cape Canaveral SFS, FL, USA",USA
e694f57c-dba0-44ed-9c7b-abbeab437382,Soyuz 2.1b/Fregat-M | Glonass-K2 No. 13 (Kosmos 2569),2023-08-07 13:19:25+00:00,Launch Successful,,Russian Space Forces,Government,Soyuz 2.1b/Fregat-M,Soyuz,Navigation,Medium Earth Orbit,MEO,43/3 (43L),"Plesetsk Cosmodrome, Russian Federation",RUS
31df6182-f50d-401b-9144-86b9d01911df,Falcon 9 Block 5 | Starlink Group 6-20,2023-08-08 03:57:00+00:00,Launch Successful,,SpaceX,Commercial,Falcon 9,Falcon,Communications,Low Earth Orbit,LEO,Space Launch Complex 4E,"Vandenberg SFB, CA, USA",USA
681f8ff2-07c1-477e-903b-fd187438f678,Long March 2C | 5 m S-SAR-02 (Huanjing-2F),2023-08-08 22:53:00+00:00,Launch Successful,,China Aerospace Science and Technology Corporation,Government,Long March 2C,Long March,Earth Science,Sun-Synchronous Orbit,SSO,Launch Complex 9,"Taiyuan Satellite Launch Center, People's Republic of China",CHN
d7131f47-a962-4832-ae68-52a57bb0b684,Ceres-1 | 7 satellites,2023-08-10 04:03:50+00:00,Launch Successful,,Galactic Energy,Commercial,Ceres-1,Ceres-1,Earth Science,Sun-Synchronous Orbit,SSO,Launch Area 95A,"Jiuquan Satellite Launch Center, People's Republic of China",CHN
6229654f-e7ea-4d97-80f7-0195161e8645,SpaceShipTwo | Galactic 02,2023-08-10 15:17:00+00:00,Launch Successful,,Virgin Galactic,Private,SpaceShipTwo,,Tourism,Suborbital,Sub,Spaceport America,Air launch to Suborbital flight,???
2277b184-5a07-4a71-90ce-367f41420eaa,Soyuz 2.1b/Fregat-M | Luna 25,2023-08-10 23:10:57+00:00,Launch Successful,,Russian Federal Space Agency (ROSCOSMOS),Government,Soyuz 2.1b/Fregat-M,Soyuz,Lunar Exploration,Lunar Orbit,LO,Cosmodrome Site 1S,"Vostochny Cosmodrome, Siberia, Russian Federation",RUS
12e9acca-5aee-4751-9083-5e205d9528c8,Falcon 9 Block 5 | Starlink Group 6-9,2023-08-11 05:17:40+00:00,Launch Successful,,SpaceX,Commercial,Falcon 9,Falcon,Communications,Low Earth Orbit,LEO,Space Launch Complex 40,"Cape Canaveral SFS, FL, USA",USA
715392d7-2ecb-4caf-81b1-ba5ba6b985ff,Long March 3B/E | L-SAR4-01 (LTDC-4A),2023-08-12 17:26:00+00:00,Launch Successful,,China Aerospace Science and Technology Corporation,Government,Long March 3B/E,Long March,Earth Science,Geosynchronous Transfer Orbit,GSTO,Launch Complex 2 (LC-2),"Xichang Satellite Launch Center, People's Republic of China",CHN
72106fe5-8908-47f0-9f63-e18f386d3b76,Kuaizhou 1A | HEAD-3A/B/C/D/E,2023-08-14 05:32:00+00:00,Launch Successful,,ExPace,Commercial,Kuaizhou 1A,Kuaizhou,Communications,Low Earth Orbit,LEO,Mobile Launcher Pad,"Xichang Satellite Launch Center, People's Republic of China",CHN
09642682-60f3-4470-a802-18788601c5a5,Falcon 9 Block 5 | Starlink Group 6-10,2023-08-17 03:36:50+00:00,Launch Successful,,SpaceX,Commercial,Falcon 9,Falcon,Communications,Low Earth Orbit,LEO,Space Launch Complex 40,"Cape Canaveral SFS, FL, USA",USA
3eeecfa0-4246-4301-9017-014970538463,Long March 4C | Gaofen-12 04,2023-08-20 17:45:00+00:00,Launch Successful,,China Aerospace Science and Technology Corporation,Government,Long March 4C,Long March,Earth Science,Sun-Synchronous Orbit,SSO,Launch Area 94 (SLS-2 / 603),"Jiuquan Satellite Launch Center, People's Republic of China",CHN
15699687-3fb1-4749-9680-fc858e5e7081,Falcon 9 Block 5 | Starlink Group 7-1,2023-08-22 09:37:30+00:00,Launch Successful,,SpaceX,Commercial,Falcon 9,Falcon,Communications,Low Earth Orbit,LEO,Space Launch Complex 4E,"Vandenberg SFB, CA, USA",USA
92bf99cd-2469-4500-864a-40a9dfc65332,Soyuz 2.1a | Progress MS-24 (85P),2023-08-23 01:08:10+00:00,Launch Successful,,Russian Federal Space Agency (ROSCOSMOS),Government,Soyuz 2.1a,Soyuz,Resupply,Low Earth Orbit,LEO,31/6,"Baikonur Cosmodrome, Republic of Kazakhstan",KAZ
b3950eeb-e69a-465a-8c73-78dd2180028c,Chollima-1 | Malligyong-1b,2023-08-23 18:54:00+00:00,Launch Failure,,National Aerospace Development Administration,Government,Chollima-1,Taepodong,Government/Top Secret,Low Earth Orbit,LEO,Malligyong-1 Pad,"Sohae Satellite Launching Station,  Cholsan County, North Pyongan Province, Democratic People's Republic of Korea",PRK
7975274c-81c5-48a5-82e1-9b8d982cd533,Electron | We Love the Nightlife (Capella Acadia 1),2023-08-23 23:45:00+00:00,Launch Successful,,Rocket Lab,Commercial,Electron,,Earth Science,Low Earth Orbit,LEO,Rocket Lab Launch Complex 1B,"Rocket Lab Launch Complex 1, Mahia Peninsula, New Zealand",NZL
01d8012e-0b59-4b75-8875-b9e44b673078,Ceres-1 | Jilin-1 Wideband-02A,2023-08-25 04:59:00+00:00,Launch Successful,,Galactic Energy,Commercial,Ceres-1,Ceres-1,Earth Science,Sun-Synchronous Orbit,SSO,Launch Area 95A,"Jiuquan Satellite Launch Center, People's Republic of China",CHN
1caacff9-837e-493b-afd4-4da54eeccdf2,Falcon 9 Block 5 | Crew-7,2023-08-26 07:27:27+00:00,Launch Successful,,SpaceX,Commercial,Falcon 9,Falcon,Human Exploration,Low Earth Orbit,LEO,Launch Complex 39A,"Kennedy Space Center, FL, USA",USA
87fba73c-f085-4abf-830d-fae92c599977,Falcon 9 Block 5 | Starlink Group 6-11,2023-08-27 01:05:40+00:00,Launch Successful,,SpaceX,Commercial,Falcon 9,Falcon,Communications,Low Earth Orbit,LEO,Space Launch Complex 40,"Cape Canaveral SFS, FL, USA",USA
a39f9054-ff9d-4d40-a106-ea3f1042dda7,Long March 2D | Yaogan 39 Group 01,2023-08-31 07:36:00+00:00,Launch Successful,,China Aerospace Science and Technology Corporation,Government,Long March 2D,Long March,Government/Top Secret,Low Earth Orbit,LEO,Launch Complex 3 (LC-3/LA-1),"Xichang Satellite Launch Center, People's Republic of China",CHN
83dccf61-8e2a-4492-8784-d67252e0ff53,Falcon 9 Block 5 | Starlink Group 6-13,2023-09-01 02:21:50+00:00,Launch Successful,,SpaceX,Commercial,Falcon 9,Falcon,Communications,Low Earth Orbit,LEO,Space Launch Complex 40,"Cape Canaveral SFS, FL, USA",USA
769470b6-7cac-41ab-9dd2-69c7e9504b1a,PSLV-XL | Aditya-L1,2023-09-02 06:20:00+00:00,Launch Successful,,Indian Space Research Organization,Government,PSLV-XL,PSLV,Heliophysics,Heliocentric L1,L1-point,Satish Dhawan Space Centre Second Launch Pad,"Satish Dhawan Space Centre, India",IND
9248a1d0-393f-469a-b9c6-19470247e6fd,Falcon 9 Block 5 | SDA Tranche 0B,2023-09-02 14:25:00+00:00,Launch Successful,,SpaceX,Commercial,Falcon 9,Falcon,Government/Top Secret,Polar Orbit,PO,Space Launch Complex 4E,"Vandenberg SFB, CA, USA",USA
f66687a3-d1f2-427d-8fe1-0454dc1fe9bd,Falcon 9 Block 5 | Starlink Group 6-12,2023-09-04 02:47:20+00:00,Launch Successful,,SpaceX,Commercial,Falcon 9,Falcon,Communications,Low Earth Orbit,LEO,Launch Complex 39A,"Kennedy Space Center, FL, USA",USA
2f255496-16b0-4ae6-ac9e-8e24f5deae7a,Ceres-1S | Tianqi 21-24,2023-09-05 09:34:46+00:00,Launch Successful,,Galactic Energy,Commercial,Ceres-1S,Ceres-1,Communications,Low Earth Orbit,LEO,Haiyang offshore launch location,Haiyang Oriental Spaceport,CHN
ecdfa281-834c-4419-bed6-92d0d635a3cf,Long March 4C | Yaogan 33-03,2023-09-06 18:14:00+00:00,Launch Successful,,China Aerospace Science and Technology Corporation,Government,Long March 4C,Long March,Government/Top Secret,Sun-Synchronous Orbit,SSO,Launch Area 94 (SLS-2 / 603),"Jiuquan Satellite Launch Center, People's Republic of China",CHN
2ba0b63c-e5f6-4899-b588-387c7c8e71ca,H-IIA 202 | XRISM & SLIM,2023-09-06 23:42:11+00:00,Launch Successful,,Japan Aerospace Exploration Agency,Government,H-IIA,H-II,Astrophysics,Lunar Orbit,LO,Yoshinobu Launch Complex LP-1,"Tanegashima Space Center, Japan",JPN
3a26da85-1135-4784-b55a-6c5185e0aab6,SpaceShipTwo | Galactic 03,2023-09-08 15:22:00+00:00,Launch Successful,,Virgin Galactic,Private,SpaceShipTwo,,Tourism,Suborbital,Sub,Spaceport America,Air launch to Suborbital flight,???
4fcf9157-faa0-4d63-8853-c9454f75f864,Falcon 9 Block 5 | Starlink Group 6-14,2023-09-09 03:12:50+00:00,Launch Successful,,SpaceX,Commercial,Falcon 9,Falcon,Communications,Low Earth Orbit,LEO,Space Launch Complex 40,"Cape Canaveral SFS, FL, USA",USA
da7dd4f0-82d3-419e-ab14-2a02789b473a,Long March 6A | Yaogan 40,2023-09-10 04:30:00+00:00,Launch Successful,,China Aerospace Science and Technology Corporation,Government,Long March 6A,Long March,Government/Top Secret,Polar Orbit,PO,Launch Complex 9A,"Taiyuan Satellite Launch Center, People's Republic of China",CHN
e9a5015d-aa12-4f65-9888-1248ff67ba6e,Atlas V 551 | NROL-107 (Silent Barker),2023-09-10 12:47:00+00:00,Launch Successful,,United Launch Alliance,Commercial,Atlas V 551,Atlas,Government/Top Secret,Geostationary Orbit,Direct-GEO,Space Launch Complex 41,"Cape Canaveral SFS, FL, USA",USA
8ab7d138-f248-450f-94a6-0e957c1b19f2,Falcon 9 Block 5 | Starlink Group 7-2,2023-09-12 06:57:50+00:00,Launch Successful,,SpaceX,Commercial,Falcon 9,Falcon,Communications,Low Earth Orbit,LEO,Space Launch Complex 4E,"Vandenberg SFB, CA, USA",USA
b8f2e028-285c-457d-b807-a6749cfc3af6,Firefly Alpha | FLTA003 (VICTUS NOX),2023-09-15 02:28:00+00:00,Launch Successful,,Firefly Aerospace,Commercial,Firefly Alpha,Firefly Alpha,Government/Top Secret,Low Earth Orbit,LEO,Space Launch Complex 2W,"Vandenberg SFB, CA, USA",USA
2a052554-35be-4e6c-8d60-b2b9072de17c,Soyuz 2.1a | Soyuz MS-24,2023-09-15 15:44:35+00:00,Launch Successful,,Russian Federal Space Agency (ROSCOSMOS),Government,Soyuz 2.1a,Soyuz,Human Exploration,Low Earth Orbit,LEO,31/6,"Baikonur Cosmodrome, Republic of Kazakhstan",KAZ
470bac70-cd8c-45fd-9a54-08f8f8f05049,Falcon 9 Block 5 | Starlink Group 6-16,2023-09-16 03:38:20+00:00,Launch Successful,,SpaceX,Commercial,Falcon 9,Falcon,Communications,Low Earth Orbit,LEO,Space Launch Complex 40,"Cape Canaveral SFS, FL, USA",USA
1c09bb7e-5d7c-4ca7-a4a8-81db7004c66f,Long March 2D | Yaogan 39 Group 02,2023-09-17 04:13:00+00:00,Launch Successful,,China Aerospace Science and Technology Corporation,Government,Long March 2D,Long March,Government/Top Secret,Low Earth Orbit,LEO,Launch Complex 3 (LC-3/LA-1),"Xichang Satellite Launch Center, People's Republic of China",CHN
08f52ca7-9aba-41d1-a5c7-092cab7aca92,Electron | We Will Never Desert You (Capella Acadia 2),2023-09-19 06:55:00+00:00,Launch Failure,Ignition failure of the 2nd stage after separation.,Rocket Lab,Commercial,Electron,,Earth Science,Low Earth Orbit,LEO,Rocket Lab Launch Complex 1B,"Rocket Lab Launch Complex 1, Mahia Peninsula, New Zealand",NZL
7fc31961-b46f-4a45-9b1d-3caece884f61,Falcon 9 Block 5 | Starlink Group 6-17,2023-09-20 03:38:10+00:00,Launch Successful,,SpaceX,Commercial,Falcon 9,Falcon,Communications,Low Earth Orbit,LEO,Space Launch Complex 40,"Cape Canaveral SFS, FL, USA",USA
6eef3c8d-90a9-499c-96cd-e42326722d12,Ceres-1 | Jilin-1 High Resolution 04B,2023-09-21 04:59:10+00:00,Launch Failure,Vehicle lost attitude control at T+67.5 s after suffering 1st stage motor nozzle expansion burn-through. Failure was traced to improper drilling of screw holes that caused damage in the inner carbon fiber layers.,Galactic Energy,Commercial,Ceres-1,Ceres-1,Earth Science,Sun-Synchronous Orbit,SSO,Launch Area 95A,"Jiuquan Satellite Launch Center, People's Republic of China",CHN
1c099ba2-9b8f-4364-8ba0-0c26f7993dd5,Falcon 9 Block 5 | Starlink Group 6-18,2023-09-24 03:38:30+00:00,Launch Successful,,SpaceX,Commercial,Falcon 9,Falcon,Communications,Low Earth Orbit,LEO,Space Launch Complex 40,"Cape Canaveral SFS, FL, USA",USA
1da29c40-6c7d-4cda-9b3b-d2c12c78c82b,Falcon 9 Block 5 | Starlink Group 7-3,2023-09-25 08:48:20+00:00,Launch Successful,,SpaceX,Commercial,Falcon 9,Falcon,Communications,Low Earth Orbit,LEO,Space Launch Complex 4E,"Vandenberg SFB, CA, USA",USA
41141d58-0df9-49ff-a33d-b296aa864ec8,Long March 4C | Yaogan 33-04,2023-09-26 20:15:00+00:00,Launch Successful,,China Aerospace Science and Technology Corporation,Government,Long March 4C,Long March,Government/Top Secret,Sun-Synchronous Orbit,SSO,Launch Area 94 (SLS-2 / 603),"Jiuquan Satellite Launch Center, People's Republic of China",CHN
44709d2b-78a2-4a58-a7ad-a964545e63f0,Qased | Noor-3,2023-09-27 06:00:00+00:00,Launch Successful,,Islamic Revolutionary Guard Corps Aerospace Force,Government,Qased,,Government/Top Secret,Low Earth Orbit,LEO,Launch Platform,"Shahrud Missile Test Site, Islamic Republic of Iran",IRN
1c75cf8f-7097-46cc-9fe3-28c4886df4a6,Falcon 9 Block 5 | Starlink Group 6-19,2023-09-30 02:00:00+00:00,Launch Successful,,SpaceX,Commercial,Falcon 9,Falcon,Communications,Low Earth Orbit,LEO,Space Launch Complex 40,"Cape Canaveral SFS, FL, USA",USA
60ff25f7-ef7e-4203-8f10-9b6874332856,Long March 2D | Yaogan 39 Group 03,2023-10-05 00:24:00+00:00,Launch Successful,,China Aerospace Science and Technology Corporation,Government,Long March 2D,Long March,Government/Top Secret,Low Earth Orbit,LEO,Launch Complex 3 (LC-3/LA-1),"Xichang Satellite Launch Center, People's Republic of China",CHN
16c2eec5-df98-4f84-8bf1-813f5fccf3f0,Falcon 9 Block 5 | Starlink Group 6-21,2023-10-05 05:36:30+00:00,Launch Successful,,SpaceX,Commercial,Falcon 9,Falcon,Communications,Low Earth Orbit,LEO,Space Launch Complex 40,"Cape Canaveral SFS, FL, USA",USA
b17abaa1-ef18-4c29-9ed9-a02eb4967bfa,SpaceShipTwo | Galactic 04,2023-10-06 16:10:30+00:00,Launch Successful,,Virgin Galactic,Private,SpaceShipTwo,,Tourism,Suborbital,Sub,Spaceport America,Air launch to Suborbital flight,???
9086bd21-5422-41b9-a492-963aababd8fd,Atlas V 501 | Amazon Leo (Project Kuiper) Protoflight Mission,2023-10-06 18:06:00+00:00,Launch Successful,,United Launch Alliance,Commercial,Atlas V 501,Atlas,Communications,Low Earth Orbit,LEO,Space Launch Complex 41,"Cape Canaveral SFS, FL, USA",USA
b9fe915a-4359-4cc4-a23e-a9a5d8cf7856,Miura 1 | SN1 Test Flight,2023-10-07 00:19:00+00:00,Launch Successful,,Payload Aerospace S.L.,Commercial,Miura 1,Miura,Test Flight,Suborbital,Sub,Médano del Loro,El Arenosillo Test Centre,ESP
355ab4b9-504c-49ce-84bf-a6df31a0aadf,"Vega | THEOS-2, TRITON & others",2023-10-09 01:36:25+00:00,Launch Successful,,Arianespace,Commercial,Vega,Vega,Dedicated Rideshare,Sun-Synchronous Orbit,SSO,Ariane Launch Area 1 (ELV),"Guiana Space Centre, French Guiana",GUF
432bc342-753e-4efe-8e3e-bd7158274b97,Falcon 9 Block 5 | Starlink Group 7-4,2023-10-09 07:43:00+00:00,Launch Successful,,SpaceX,Commercial,Falcon 9,Falcon,Communications,Low Earth Orbit,LEO,Space Launch Complex 4E,"Vandenberg SFB, CA, USA",USA
66133437-db31-4098-8e3e-cf34c8125f9b,Falcon Heavy | Psyche,2023-10-13 14:19:43+00:00,Launch Successful,,SpaceX,Commercial,Falcon Heavy,Falcon,Planetary Science,Heliocentric N/A,Helio-N/A,Launch Complex 39A,"Kennedy Space Center, FL, USA",USA
2da96504-8be7-4feb-bd8f-8aed5229a342,Falcon 9 Block 5 | Starlink Group 6-22,2023-10-13 23:01:10+00:00,Launch Successful,,SpaceX,Commercial,Falcon 9,Falcon,Communications,Low Earth Orbit,LEO,Space Launch Complex 40,"Cape Canaveral SFS, FL, USA",USA
703279c5-c667-43ca-9947-bddba3f91efe,Long March 2D | Yunhai-1-04,2023-10-15 00:54:00+00:00,Launch Successful,,China Aerospace Science and Technology Corporation,Government,Long March 2D,Long March,Earth Science,Sun-Synchronous Orbit,SSO,Launch Area 94 (SLS-2 / 603),"Jiuquan Satellite Launch Center, People's Republic of China",CHN
396524c2-aecc-4dca-9b82-e4a3e1c01ee5,Falcon 9 Block 5 | Starlink Group 6-23,2023-10-18 00:39:00+00:00,Launch Successful,,SpaceX,Commercial,Falcon 9,Falcon,Communications,Low Earth Orbit,LEO,Space Launch Complex 40,"Cape Canaveral SFS, FL, USA",USA
8a186c70-5b9e-4e29-95dd-d2c82873fa8e,Gaganyaan Abort Test Booster | TV-D1,2023-10-21 04:30:00+00:00,Launch Successful,,Indian Space Research Organization,Government,Gaganyaan Abort Test Booster,,Test Flight,Suborbital,Sub,Satish Dhawan Space Centre First Launch Pad,"Satish Dhawan Space Centre, India",IND
327a3fa6-8144-4e4a-8398-709ddfac7291,Falcon 9 Block 5 | Starlink Group 7-5,2023-10-21 08:23:00+00:00,Launch Successful,,SpaceX,Commercial,Falcon 9,Falcon,Communications,Low Earth Orbit,LEO,Space Launch Complex 4E,"Vandenberg SFB, CA, USA",USA
b46768df-d372-489f-9419-ff4f0057e025,Falcon 9 Block 5 | Starlink Group 6-24,2023-10-22 02:17:00+00:00,Launch Successful,,SpaceX,Commercial,Falcon 9,Falcon,Communications,Low Earth Orbit,LEO,Space Launch Complex 40,"Cape Canaveral SFS, FL, USA",USA
430000f8-ada7-4ced-999e-1ee93d50c0af,Long March 2D | Yaogan 39 Group 04,2023-10-23 20:03:00+00:00,Launch Successful,,China Aerospace Science and Technology Corporation,Government,Long March 2D,Long March,Government/Top Secret,Low Earth Orbit,LEO,Launch Complex 3 (LC-3/LA-1),"Xichang Satellite Launch Center, People's Republic of China",CHN
45bd2cb8-05d1-4080-8c50-602c9f43971e,Long March 2F/G | Shenzhou 17,2023-10-26 03:14:02+00:00,Launch Successful,,China Aerospace Science and Technology Corporation,Government,Long March 2F/G,Long March,Human Exploration,Low Earth Orbit,LEO,Launch Area 91 (SLS-1 / 921),"Jiuquan Satellite Launch Center, People's Republic of China",CHN
10650ea2-29f0-4632-bde0-152418964e00,Soyuz 2.1b | Kosmos 2570 (Lotos-S1 #8),2023-10-27 06:04:43+00:00,Launch Successful,,Russian Space Forces,Government,Soyuz 2.1b,Soyuz,Government/Top Secret,Low Earth Orbit,LEO,43/3 (43L),"Plesetsk Cosmodrome, Russian Federation",RUS
9bfd7559-da1a-4286-baf8-e2342d55ef52,Falcon 9 Block 5 | Starlink Group 7-6,2023-10-29 09:00:00+00:00,Launch Successful,,SpaceX,Commercial,Falcon 9,Falcon,Communications,Low Earth Orbit,LEO,Space Launch Complex 4E,"Vandenberg SFB, CA, USA",USA
ec6b5681-566f-465e-a164-97cfe48b6172,Falcon 9 Block 5 | Starlink Group 6-25,2023-10-30 23:20:30+00:00,Launch Successful,,SpaceX,Commercial,Falcon 9,Falcon,Communications,Low Earth Orbit,LEO,Space Launch Complex 40,"Cape Canaveral SFS, FL, USA",USA
938bc342-1fb9-4747-8012-30878a237d81,Long March 6A | Tianhui 5,2023-10-31 22:50:00+00:00,Launch Successful,,China Aerospace Science and Technology Corporation,Government,Long March 6A,Long March,Government/Top Secret,Sun-Synchronous Orbit,SSO,Launch Complex 9A,"Taiyuan Satellite Launch Center, People's Republic of China",CHN
577b4557-1291-4f26-8642-2f075490d580,SpaceShipTwo | Galactic 05,2023-11-02 15:44:00+00:00,Launch Successful,,Virgin Galactic,Private,SpaceShipTwo,,Tourism,Suborbital,Sub,Spaceport America,Air launch to Suborbital flight,???
4798f190-87fd-4d96-9c37-6f701a1f5a89,Long March 7A | TJSW-10,2023-11-03 14:54:00+00:00,Launch Successful,,China Aerospace Science and Technology Corporation,Government,Long March 7A,Long March,Government/Top Secret,Geostationary Transfer Orbit,GTO,201,"Wenchang Space Launch Site, People's Republic of China",CHN
48f71d70-4df8-4b8d-a3c5-8b5f08ab9858,Falcon 9 Block 5 | Starlink Group 6-26,2023-11-04 00:37:20+00:00,Launch Successful,,SpaceX,Commercial,Falcon 9,Falcon,Communications,Low Earth Orbit,LEO,Space Launch Complex 40,"Cape Canaveral SFS, FL, USA",USA
6159729f-70fd-4817-9223-b250dca18f5f,Falcon 9 Block 5 | Starlink Group 6-27,2023-11-08 05:05:30+00:00,Launch Successful,,SpaceX,Commercial,Falcon 9,Falcon,Communications,Low Earth Orbit,LEO,Space Launch Complex 40,"Cape Canaveral SFS, FL, USA",USA
b9022a14-f0a3-4bf6-88eb-f1de046b903c,Long March 3B/E | ChinaSat 6E,2023-11-09 11:23:00+00:00,Launch Successful,,China Aerospace Science and Technology Corporation,Government,Long March 3B/E,Long March,Communications,Geostationary Transfer Orbit,GTO,Launch Complex 2 (LC-2),"Xichang Satellite Launch Center, People's Republic of China",CHN
63076c5e-d16c-4f16-a6ac-2709fd5fab01,Falcon 9 Block 5 | Dragon CRS-2 SpX-29,2023-11-10 01:28:14+00:00,Launch Successful,,SpaceX,Commercial,Falcon 9,Falcon,Resupply,Low Earth Orbit,LEO,Launch Complex 39A,"Kennedy Space Center, FL, USA",USA
a4a7fa7f-f3d9-467e-ac58-6e577155a969,Falcon 9 Block 5 | Transporter 9 (Dedicated SSO Rideshare),2023-11-11 18:49:00+00:00,Launch Successful,,SpaceX,Commercial,Falcon 9,Falcon,Dedicated Rideshare,Sun-Synchronous Orbit,SSO,Space Launch Complex 4E,"Vandenberg SFB, CA, USA",USA
0be2e9d6-50d5-49dc-b56c-a919b7e0dfd8,Falcon 9 Block 5 | O3b mPower 5 & 6,2023-11-12 21:08:00+00:00,Launch Successful,,SpaceX,Commercial,Falcon 9,Falcon,Communications,Medium Earth Orbit,MEO,Space Launch Complex 40,"Cape Canaveral SFS, FL, USA",USA
05200b45-25bf-44b9-aafc-1ab77d80bb17,Long March 2C/YZ-1S | Haiyang 3-01,2023-11-16 03:55:00+00:00,Launch Successful,,China Aerospace Science and Technology Corporation,Government,Long March 2C/YZ-1S,Long March,Earth Science,Sun-Synchronous Orbit,SSO,Launch Area 94 (SLS-2 / 603),"Jiuquan Satellite Launch Center, People's Republic of China",CHN
dc5c0513-9c1e-416d-8675-6e83187a4c07,Falcon 9 Block 5 | Starlink Group 6-28,2023-11-18 05:05:50+00:00,Launch Successful,,SpaceX,Commercial,Falcon 9,Falcon,Communications,Low Earth Orbit,LEO,Space Launch Complex 40,"Cape Canaveral SFS, FL, USA",USA
04b91bb8-38a7-4868-b025-4bbe05d1fbfe,Starship | Integrated Flight Test 2,2023-11-18 13:02:50+00:00,Launch was a Partial Failure,"Flight termination system activated on Starship after T+8 minutes, seconds before planned SECO, due to a leak of liquid oxygen causing a combustion event and fires which led to a loss of communication. Booster was destroyed during the boost-back burn. most likely due to a filter blockage on a liquid oxygen line supplying the engines. Most planned primary objectives achieved.",SpaceX,Commercial,Starship,Starship,Test Flight,Suborbital,Sub,Orbital Launch Pad 1,"SpaceX Starbase, TX, USA",USA
a6e6b618-51f7-41ba-a8d3-0d375ba4530a,Falcon 9 Block 5 | Starlink Group 7-7,2023-11-20 10:30:40+00:00,Launch Successful,,SpaceX,Commercial,Falcon 9,Falcon,Communications,Low Earth Orbit,LEO,Space Launch Complex 4E,"Vandenberg SFB, CA, USA",USA
b16513d8-1821-4418-8d06-dc821ec1808c,Chollima-1 | Malligyong-1c,2023-11-21 13:42:58+00:00,Launch Successful,,National Aerospace Development Administration,Government,Chollima-1,Taepodong,Government/Top Secret,Sun-Synchronous Orbit,SSO,Malligyong-1 Pad,"Sohae Satellite Launching Station,  Cholsan County, North Pyongan Province, Democratic People's Republic of Korea",PRK
fe91ad95-fd2a-4a13-a7d1-842624ec6be3,Falcon 9 Block 5 | Starlink Group 6-29,2023-11-22 07:47:40+00:00,Launch Successful,,SpaceX,Commercial,Falcon 9,Falcon,Communications,Low Earth Orbit,LEO,Space Launch Complex 40,"Cape Canaveral SFS, FL, USA",USA
936a4871-997f-404c-ae52-58082da75303,Long March 2D/YZ-3 | 3 x SatNet test satellites,2023-11-23 10:00:04+00:00,Launch Successful,,China Aerospace Science and Technology Corporation,Government,Long March 2D/YZ-3,Long March,Communications,Low Earth Orbit,LEO,Launch Complex 3 (LC-3/LA-1),"Xichang Satellite Launch Center, People's Republic of China",CHN
8b0d00c6-731a-43c3-a333-3336e6c9f061,Soyuz 2.1b | Kosmos 2572 (Razdan No. 1?),2023-11-25 20:58:06+00:00,Launch Successful,,Russian Space Forces,Government,Soyuz 2.1b,Soyuz,Government/Top Secret,Polar Orbit,PO,43/4 (43R),"Plesetsk Cosmodrome, Russian Federation",RUS
7bf22b01-938a-4b64-ad1e-d3f372f78a34,Falcon 9 Block 5 | Starlink Group 6-30,2023-11-28 04:20:00+00:00,Launch Successful,,SpaceX,Commercial,Falcon 9,Falcon,Communications,Low Earth Orbit,LEO,Space Launch Complex 40,"Cape Canaveral SFS, FL, USA",USA
717751b2-4dae-4fa2-a1a0-73dcb68d24d6,Soyuz 2.1a | Progress MS-25 (86P),2023-12-01 09:25:11+00:00,Launch Successful,,Russian Federal Space Agency (ROSCOSMOS),Government,Soyuz 2.1a,Soyuz,Resupply,Low Earth Orbit,LEO,31/6,"Baikonur Cosmodrome, Republic of Kazakhstan",KAZ
fd2a9c7e-7cad-45d1-94db-3b6bb3bfadb2,Falcon 9 Block 5 | 425 Project Flight 1 & rideshare,2023-12-01 18:19:00+00:00,Launch Successful,,SpaceX,Commercial,Falcon 9,Falcon,Government/Top Secret,Sun-Synchronous Orbit,SSO,Space Launch Complex 4E,"Vandenberg SFB, CA, USA",USA
8cf1015d-3fe5-40c4-8436-2f79c1f3ff2e,Falcon 9 Block 5 | Starlink Group 6-31,2023-12-03 04:00:50+00:00,Launch Successful,,SpaceX,Commercial,Falcon 9,Falcon,Communications,Low Earth Orbit,LEO,Space Launch Complex 40,"Cape Canaveral SFS, FL, USA",USA
56fdc480-baaf-4287-a922-19009e06b71b,Long March 2C | MisrSat-2,2023-12-04 04:10:00+00:00,Launch Successful,,China Aerospace Science and Technology Corporation,Government,Long March 2C,Long March,Earth Science,Sun-Synchronous Orbit,SSO,Launch Area 94 (SLS-2 / 603),"Jiuquan Satellite Launch Center, People's Republic of China",CHN
ec053d2b-acfc-4cf8-ba16-874bd8533651,Mir (3 stage) | S-STEP,2023-12-04 05:00:00+00:00,Launch Successful,,Agency for Defense Development,Government,Mir (3 stage),Mir,Earth Science,Low Earth Orbit,LEO,ADD Offshore launch platform,Sea Launch,???
85a274e3-f171-4f6b-9469-3bd8ab9f2fe6,Ceres-1 | Tianyan-16 & Starpool-01A,2023-12-04 23:33:00+00:00,Launch Successful,,Galactic Energy,Commercial,Ceres-1,Ceres-1,Earth Science,Sun-Synchronous Orbit,SSO,Launch Area 95A,"Jiuquan Satellite Launch Center, People's Republic of China",CHN
fc495db8-543e-4b3b-b831-79f5c8be3032,Smart Dragon 3 | SatNet test satellite,2023-12-05 19:24:00+00:00,Launch Successful,,China Rocket Co. Ltd.,Commercial,Smart Dragon 3,Smart Dragon,Communications,Polar Orbit,PO,South China Sea (launch location 1),Haiyang Oriental Spaceport,CHN
b666d809-7a76-4b4d-98bd-6c471cd7e4a8,Falcon 9 Block 5 | Starlink Group 6-33,2023-12-07 05:07:30+00:00,Launch Successful,,SpaceX,Commercial,Falcon 9,Falcon,Communications,Low Earth Orbit,LEO,Space Launch Complex 40,"Cape Canaveral SFS, FL, USA",USA
2008dbb3-a1ce-4677-ad95-abaf9773a7cf,Falcon 9 Block 5 | Starlink Group 7-8,2023-12-08 08:03:40+00:00,Launch Successful,,SpaceX,Commercial,Falcon 9,Falcon,Communications,Low Earth Orbit,LEO,Space Launch Complex 4E,"Vandenberg SFB, CA, USA",USA
f62556c2-41e5-4746-b0a1-5cd751b9ec96,Zhuque-2 | Flight 3,2023-12-08 23:39:03+00:00,Launch Successful,,LandSpace,Commercial,Zhuque-2,Zhuque,Technology,Sun-Synchronous Orbit,SSO,Launch Area 96A,"Jiuquan Satellite Launch Center, People's Republic of China",CHN
37262865-9752-4d2e-9dbb-23ae0d5e11f0,Long March 2D | Yaogan 39 Group 05,2023-12-10 01:58:00+00:00,Launch Successful,,China Aerospace Science and Technology Corporation,Government,Long March 2D,Long March,Government/Top Secret,Low Earth Orbit,LEO,Launch Complex 3 (LC-3/LA-1),"Xichang Satellite Launch Center, People's Republic of China",CHN
ea4825db-6866-40dd-932d-bacdb1c705ab,Long March 2F/G | Chinese Reusable Space Vehicle,2023-12-14 14:12:00+00:00,Launch Successful,,China Aerospace Science and Technology Corporation,Government,Long March 2F/G,Long March,Government/Top Secret,Low Earth Orbit,LEO,Launch Area 91 (SLS-1 / 921),"Jiuquan Satellite Launch Center, People's Republic of China",CHN
2918b5f6-1340-4c73-bb75-4f9b5e16999f,Electron | The Moon God Awakens (QPS-SAR-5),2023-12-15 04:05:54+00:00,Launch Successful,,Rocket Lab,Commercial,Electron,,Earth Science,Low Earth Orbit,LEO,Rocket Lab Launch Complex 1B,"Rocket Lab Launch Complex 1, Mahia Peninsula, New Zealand",NZL
ebefa135-366c-4a21-afdf-af4d18ea360b,Long March 5 | Yaogan 41,2023-12-15 13:41:00+00:00,Launch Successful,,China Aerospace Science and Technology Corporation,Government,Long March 5,Long March,Government/Top Secret,Geostationary Transfer Orbit,GTO,101,"Wenchang Space Launch Site, People's Republic of China",CHN
d524b397-7670-4183-b807-03a4c0d705de,Soyuz 2.1b/Fregat-M | Arktika-M No.2,2023-12-16 09:17:48+00:00,Launch Successful,,Russian Federal Space Agency (ROSCOSMOS),Government,Soyuz 2.1b/Fregat-M,Soyuz,Earth Science,Elliptical Orbit,Elliptical,31/6,"Baikonur Cosmodrome, Republic of Kazakhstan",KAZ
0a399298-8e59-4ad3-80bd-3e211dff7596,Hyperbola-1 | DEAR-1,2023-12-17 07:00:00+00:00,Launch Successful,,i-Space,Commercial,Hyperbola-1,,Technology,Sun-Synchronous Orbit,SSO,Launch Area 95A,"Jiuquan Satellite Launch Center, People's Republic of China",CHN
7e34bf07-7031-4dd7-844f-7067107489a3,Falcon 9 Block 5 | Starlink Group 6-34,2023-12-19 04:01:00+00:00,Launch Successful,,SpaceX,Commercial,Falcon 9,Falcon,Communications,Low Earth Orbit,LEO,Space Launch Complex 40,"Cape Canaveral SFS, FL, USA",USA
c326f57f-defb-410d-92a8-6776b63521c8,New Shepard | NS-24,2023-12-19 16:42:28+00:00,Launch Successful,,Blue Origin,Commercial,New Shepard,,Suborbital,Suborbital,Sub,West Texas Suborbital Launch Site/ Corn Ranch,"Corn Ranch, Van Horn, TX, USA",USA
ccc493aa-d739-470c-af1a-4f1005317760,Soyuz 2.1b | Kosmos 2573 (Bars-M No. 5?),2023-12-21 08:48:39+00:00,Launch Successful,,Russian Space Forces,Government,Soyuz 2.1b,Soyuz,Government/Top Secret,Sun-Synchronous Orbit,SSO,43/4 (43R),"Plesetsk Cosmodrome, Russian Federation",RUS
1c322288-e79c-4975-a76a-c2e83908903e,Firefly Alpha | FLTA004 (Fly the Lightning),2023-12-22 17:32:30+00:00,Launch was a Partial Failure,Stage 2 2nd burn suffered problems and did not deliver the payload to its precise target orbit. Communication to the spacecraft has been established and mission operations are now underway.,Firefly Aerospace,Commercial,Firefly Alpha,Firefly Alpha,Technology,Low Earth Orbit,LEO,Space Launch Complex 2W,"Vandenberg SFB, CA, USA",USA
3a88fa72-ad1d-4174-99c4-926596354b2a,Falcon 9 Block 5 | Starlink Group 6-32,2023-12-23 05:33:00+00:00,Launch Successful,,SpaceX,Commercial,Falcon 9,Falcon,Communications,Low Earth Orbit,LEO,Space Launch Complex 40,"Cape Canaveral SFS, FL, USA",USA
dff32800-585f-443f-b82b-4fdc4a3fddb4,Falcon 9 Block 5 | SARah 2 & 3,2023-12-24 13:11:00+00:00,Launch Successful,,SpaceX,Commercial,Falcon 9,Falcon,Government/Top Secret,Polar Orbit,PO,Space Launch Complex 4E,"Vandenberg SFB, CA, USA",USA
a65732e4-5ace-4bd7-a7c2-48bf0f29a8f9,Kuaizhou 1A | Tianmu-1 11-14,2023-12-25 01:00:00+00:00,Launch Successful,,ExPace,Commercial,Kuaizhou 1A,Kuaizhou,Earth Science,Sun-Synchronous Orbit,SSO,Launch Area 95A,"Jiuquan Satellite Launch Center, People's Republic of China",CHN
79556b71-ae2d-4cfe-b4e1-76e02359bc26,Long March 11 | Shiyan 24C,2023-12-25 22:39:00+00:00,Launch Successful,,China Aerospace Science and Technology Corporation,Government,Long March 11,Long March,Government/Top Secret,Sun-Synchronous Orbit,SSO,South China Sea (launch location 1),Haiyang Oriental Spaceport,CHN
a9aa98bf-d58f-45b7-a259-f2470b20d5f5,Long March 3B/YZ-1 | Beidou-3 M26 & M28,2023-12-26 03:26:00+00:00,Launch Successful,,China Aerospace Science and Technology Corporation,Government,Long March 3B/YZ-1,Long March,Navigation,Medium Earth Orbit,MEO,Launch Complex 2 (LC-2),"Xichang Satellite Launch Center, People's Republic of China",CHN
d6e5241f-c55d-4469-ab80-1a1f59ec6064,Kuaizhou 1A | Tianmu-1 19-22,2023-12-27 06:50:00+00:00,Launch Successful,,ExPace,Commercial,Kuaizhou 1A,Kuaizhou,Earth Science,Sun-Synchronous Orbit,SSO,Launch Area 95A,"Jiuquan Satellite Launch Center, People's Republic of China",CHN
55202dac-be54-4791-a0d1-b40f770d9943,Soyuz 2.1v | Kosmos 2574,2023-12-27 07:03:44+00:00,Launch Successful,,Russian Space Forces,Government,Soyuz,Soyuz,Government/Top Secret,Sun-Synchronous Orbit,SSO,43/4 (43R),"Plesetsk Cosmodrome, Russian Federation",RUS
0098c032-73de-4c6f-8d73-5d68b9a12fdf,Falcon Heavy | OTV-7 (X-37B) (USSF-52),2023-12-29 01:07:00+00:00,Launch Successful,,SpaceX,Commercial,Falcon Heavy,Falcon,Government/Top Secret,Elliptical Orbit,Elliptical,Launch Complex 39A,"Kennedy Space Center, FL, USA",USA
d92ecdac-af22-411c-8fc8-1d4b2578cfff,Falcon 9 Block 5 | Starlink Group 6-36,2023-12-29 04:01:40+00:00,Launch Successful,,SpaceX,Commercial,Falcon 9,Falcon,Communications,Low Earth Orbit,LEO,Space Launch Complex 40,"Cape Canaveral SFS, FL, USA",USA
e65702cc-6ccd-4700-87df-20f9befe6b72,Long March 2C/YZ-1S | 3 x SatNet test satellites,2023-12-30 00:13:00+00:00,Launch Successful,,China Aerospace Science and Technology Corporation,Government,Long March 2C/YZ-1S,Long March,Communications,Low Earth Orbit,LEO,Launch Area 94 (SLS-2 / 603),"Jiuquan Satellite Launch Center, People's Republic of China",CHN
2a29a629-f28c-4fc4-8e5f-48e959e0a5b1,PSLV-DL | XPoSat,2024-01-01 03:40:00+00:00,Launch Successful,,Indian Space Research Organization,Government,PSLV-DL,PSLV,Astrophysics,Low Earth Orbit,LEO,Satish Dhawan Space Centre First Launch Pad,"Satish Dhawan Space Centre, India",IND
161dbc75-e973-44f7-a346-6254aec99900,Falcon 9 Block 5 | Starlink Group 7-9,2024-01-03 03:44:20+00:00,Launch Successful,,SpaceX,Commercial,Falcon 9,Falcon,Communications,Low Earth Orbit,LEO,Space Launch Complex 4E,"Vandenberg SFB, CA, USA",USA
1d374bef-0e4e-4b3f-b45b-25c14aaa2b0e,Falcon 9 Block 5 | Ovzon-3,2024-01-03 23:04:00+00:00,Launch Successful,,SpaceX,Commercial,Falcon 9,Falcon,Communications,Geostationary Transfer Orbit,GTO,Space Launch Complex 40,"Cape Canaveral SFS, FL, USA",USA
7ec40d08-8efd-470a-907e-bb9d34fac5af,Kuaizhou 1A | Tianmu-1 15-18,2024-01-05 11:20:00+00:00,Launch Successful,,ExPace,Commercial,Kuaizhou 1A,Kuaizhou,Earth Science,Sun-Synchronous Orbit,SSO,Launch Area 95A,"Jiuquan Satellite Launch Center, People's Republic of China",CHN
60634a63-633d-42b3-b87e-710e7e0d4282,Falcon 9 Block 5 | Starlink Group 6-35,2024-01-07 22:35:40+00:00,Launch Successful,,SpaceX,Commercial,Falcon 9,Falcon,Communications,Low Earth Orbit,LEO,Space Launch Complex 40,"Cape Canaveral SFS, FL, USA",USA
b973e965-3901-4bda-9236-b0afee33f388,Vulcan VC2S | Peregrine lunar lander (Maiden flight),2024-01-08 07:18:38+00:00,Launch Successful,,United Launch Alliance,Commercial,Vulcan VC2S,Vulcan,Lunar Exploration,Lunar Orbit,LO,Space Launch Complex 41,"Cape Canaveral SFS, FL, USA",USA
1977a934-90e5-4ea6-ab2f-7ed17c03c30a,Long March 2C | Einstein Probe,2024-01-09 07:03:00+00:00,Launch Successful,,China Aerospace Science and Technology Corporation,Government,Long March 2C,Long March,Astrophysics,Low Earth Orbit,LEO,Launch Complex 3 (LC-3/LA-1),"Xichang Satellite Launch Center, People's Republic of China",CHN
5df41f2a-0cf1-4634-92f9-c815086d8d45,Kuaizhou 1A | Tianxing-1-02,2024-01-11 03:52:00+00:00,Launch Successful,,ExPace,Commercial,Kuaizhou 1A,Kuaizhou,Technology,Sun-Synchronous Orbit,SSO,Launch Area 95A,"Jiuquan Satellite Launch Center, People's Republic of China",CHN
e4d243bc-153c-454f-a426-69100b0daedc,Gravity-1 | Maiden flight,2024-01-11 05:30:00+00:00,Launch Successful,,Orienspace Technology,Commercial,Gravity-1,,Earth Science,Low Earth Orbit,LEO,Haiyang offshore launch location,Haiyang Oriental Spaceport,CHN
46f4ff24-443b-46e3-b90d-ebae5dcdef37,H-IIA 202 | IGS Optical 8,2024-01-12 04:44:26+00:00,Launch Successful,,Mitsubishi Heavy Industries,Commercial,H-IIA,H-II,Government/Top Secret,Sun-Synchronous Orbit,SSO,Yoshinobu Launch Complex LP-1,"Tanegashima Space Center, Japan",JPN
429277e6-dc65-4166-a556-44edc39d71ea,Falcon 9 Block 5 | Starlink Group 7-10,2024-01-14 08:59:30+00:00,Launch Successful,,SpaceX,Commercial,Falcon 9,Falcon,Communications,Low Earth Orbit,LEO,Space Launch Complex 4E,"Vandenberg SFB, CA, USA",USA
839c1427-45db-4b88-ae41-bb666c1dd097,Falcon 9 Block 5 | Starlink Group 6-37,2024-01-15 01:52:00+00:00,Launch Successful,,SpaceX,Commercial,Falcon 9,Falcon,Communications,Low Earth Orbit,LEO,Space Launch Complex 40,"Cape Canaveral SFS, FL, USA",USA
e11c7aee-b185-49d5-8596-65959d2e009b,Long March 7 | Tianzhou-7,2024-01-17 14:27:30+00:00,Launch Successful,,China Aerospace Science and Technology Corporation,Government,Long March 7,Long March,Resupply,Low Earth Orbit,LEO,201,"Wenchang Space Launch Site, People's Republic of China",CHN
da48063e-b50f-4602-adab-ad7331ee6d82,Falcon 9 Block 5 | Axiom Space Mission 3,2024-01-18 21:49:11+00:00,Launch Successful,,SpaceX,Commercial,Falcon 9,Falcon,Tourism,Low Earth Orbit,LEO,Launch Complex 39A,"Kennedy Space Center, FL, USA",USA
3f01529e-c4e9-4e56-9820-f42d360dd1b3,Qaem 100 | Soraya,2024-01-20 06:28:34+00:00,Launch Successful,,Islamic Revolutionary Guard Corps Aerospace Force,Government,Qaem 100,,Government/Top Secret,Low Earth Orbit,LEO,Launch Platform,"Shahrud Missile Test Site, Islamic Republic of Iran",IRN
23ba3860-a7e8-4a81-8f41-9c9958e34e38,Kinetica 1 | Flight 3,2024-01-23 04:03:00+00:00,Launch Successful,,CAS Space,Commercial,Kinetica 1,,Earth Science,Sun-Synchronous Orbit,SSO,Launch Area 130,"Jiuquan Satellite Launch Center, People's Republic of China",CHN
f8f2a91e-0d76-46f0-9110-8c45d85fab86,Falcon 9 Block 5 | Starlink Group 7-11,2024-01-24 00:35:00+00:00,Launch Successful,,SpaceX,Commercial,Falcon 9,Falcon,Communications,Low Earth Orbit,LEO,Space Launch Complex 4E,"Vandenberg SFB, CA, USA",USA
206ec3ec-d265-4f74-b7c1-40ef231ef1d2,SpaceShipTwo | Galactic 06,2024-01-26 17:42:05+00:00,Launch Successful,,Virgin Galactic,Private,SpaceShipTwo,,Tourism,Suborbital,Sub,Spaceport America,Air launch to Suborbital flight,???
3e3b4557-1f4f-46c3-9c6d-ed6fd0f66ef7,"Simorgh | Mahda, Keyhan-2 & Hatef-1",2024-01-28 00:04:00+00:00,Launch Successful,,Iranian Space Agency,Government,Simorgh,,Technology,Low Earth Orbit,LEO,Imam Khomeini Spaceport,"Semnan Space Center, Islamic Republic of Iran",IRN
378bd440-63df-48a6-97f7-c528a9a1968c,Falcon 9 Block 5 | Starlink Group 6-38,2024-01-29 01:10:00+00:00,Launch Successful,,SpaceX,Commercial,Falcon 9,Falcon,Communications,Low Earth Orbit,LEO,Launch Complex 39A,"Kennedy Space Center, FL, USA",USA
20f597cc-eb98-4c7d-b137-87e048493c3e,Falcon 9 Block 5 | Starlink Group 7-12,2024-01-29 05:57:20+00:00,Launch Successful,,SpaceX,Commercial,Falcon 9,Falcon,Communications,Low Earth Orbit,LEO,Space Launch Complex 4E,"Vandenberg SFB, CA, USA",USA
665678b9-8b91-45de-9e9c-5063622bcca1,Falcon 9 Block 5 | Cygnus CRS-2 NG-20 (S.S. Patricia “Patty” Hilliard Robertson),2024-01-30 17:07:21+00:00,Launch Successful,,SpaceX,Commercial,Falcon 9,Falcon,Resupply,Low Earth Orbit,LEO,Space Launch Complex 40,"Cape Canaveral SFS, FL, USA",USA
89f9600b-b250-4b0f-a713-99b123bb58d8,Electron | Four Of A Kind (NorthStar 1),2024-01-31 06:34:00+00:00,Launch Successful,,Rocket Lab,Commercial,Electron,,Space Situational Awareness,Low Earth Orbit,LEO,Rocket Lab Launch Complex 1B,"Rocket Lab Launch Complex 1, Mahia Peninsula, New Zealand",NZL
1ade54b0-32dc-4e3f-86df-8b5aaa0e377b,Long March 2C | Geely Constellation Group 02,2024-02-02 23:37:00+00:00,Launch Successful,,China Aerospace Science and Technology Corporation,Government,Long March 2C,Long March,Communications,Low Earth Orbit,LEO,Launch Complex 3 (LC-3/LA-1),"Xichang Satellite Launch Center, People's Republic of China",CHN
5a30129a-8ec6-4189-999e-b9fa22fc4688,Smart Dragon 3 | 9 satellites,2024-02-03 03:06:00+00:00,Launch Successful,,China Rocket Co. Ltd.,Commercial,Smart Dragon 3,Smart Dragon,Technology,Sun-Synchronous Orbit,SSO,South China Sea (launch location 2),Haiyang Oriental Spaceport,CHN
549f26ed-a5f7-49fb-97a7-fb2ffa26e3e8,"Falcon 9 Block 5 | PACE (Plankton, Aerosol, Cloud, ocean Ecosystem)",2024-02-08 06:33:36+00:00,Launch Successful,,SpaceX,Commercial,Falcon 9,Falcon,Earth Science,Sun-Synchronous Orbit,SSO,Space Launch Complex 40,"Cape Canaveral SFS, FL, USA",USA
92fe7bb1-4003-446d-86e0-ffdc9794665e,Soyuz 2.1v | Kosmos 2575,2024-02-09 07:03:44+00:00,Launch Successful,,Russian Space Forces,Government,Soyuz,Soyuz,Government/Top Secret,Sun-Synchronous Orbit,SSO,43/4 (43R),"Plesetsk Cosmodrome, Russian Federation",RUS
3fe9e0be-183a-4e14-8193-516219fb37e4,Falcon 9 Block 5 | Starlink Group 7-13,2024-02-10 00:34:00+00:00,Launch Successful,,SpaceX,Commercial,Falcon 9,Falcon,Communications,Low Earth Orbit,LEO,Space Launch Complex 4E,"Vandenberg SFB, CA, USA",USA
d8fead19-b792-4e77-8c93-03a953958005,Falcon 9 Block 5 | USSF-124,2024-02-14 22:30:00+00:00,Launch Successful,,SpaceX,Commercial,Falcon 9,Falcon,Government/Top Secret,Low Earth Orbit,LEO,Space Launch Complex 40,"Cape Canaveral SFS, FL, USA",USA
b2710940-dc12-4cce-aef7-e862307785b7,Soyuz 2.1a | Progress MS-26 (87P),2024-02-15 03:25:06+00:00,Launch Successful,,Russian Federal Space Agency (ROSCOSMOS),Government,Soyuz 2.1a,Soyuz,Resupply,Low Earth Orbit,LEO,31/6,"Baikonur Cosmodrome, Republic of Kazakhstan",KAZ
942a1814-c237-41de-9970-d27bb9630f3b,Falcon 9 Block 5 | Nova-C IM-1,2024-02-15 06:05:37+00:00,Launch Successful,,SpaceX,Commercial,Falcon 9,Falcon,Lunar Exploration,Lunar Orbit,LO,Launch Complex 39A,"Kennedy Space Center, FL, USA",USA
9603b3c2-da94-41c6-8012-30e990fdc999,Falcon 9 Block 5 | Starlink Group 7-14,2024-02-15 21:34:30+00:00,Launch Successful,,SpaceX,Commercial,Falcon 9,Falcon,Communications,Low Earth Orbit,LEO,Space Launch Complex 4E,"Vandenberg SFB, CA, USA",USA
71514e1b-5411-40b9-a0bf-a711f7e335d8,"H3-22 | VEP 4, CE-SAT-1E & TIRSAT",2024-02-17 00:22:55+00:00,Launch Successful,,Mitsubishi Heavy Industries,Commercial,H3-22,H3,Test Flight,Sun-Synchronous Orbit,SSO,Yoshinobu Launch Complex LP-2,"Tanegashima Space Center, Japan",JPN
d9a3c8e1-bc0d-4fab-a04c-218ffe44a026,GSLV Mk II | INSAT-3DS,2024-02-17 12:05:00+00:00,Launch Successful,,Indian Space Research Organization,Government,GSLV Mk II,GSLV,Earth Science,Geostationary Transfer Orbit,GTO,Satish Dhawan Space Centre Second Launch Pad,"Satish Dhawan Space Centre, India",IND
3d959fa3-5a10-4b54-a603-4cfc7c414fb2,Electron | On Closer Inspection (ADRAS-J),2024-02-18 14:52:00+00:00,Launch Successful,,Rocket Lab,Commercial,Electron,,Earth Science,Sun-Synchronous Orbit,SSO,Rocket Lab Launch Complex 1B,"Rocket Lab Launch Complex 1, Mahia Peninsula, New Zealand",NZL
ffd29f94-06b4-49f7-b5f9-b21a928e6eaa,Falcon 9 Block 5 | HTS-113BT (Merah Putih 2),2024-02-20 20:11:00+00:00,Launch Successful,,SpaceX,Commercial,Falcon 9,Falcon,Communications,Geostationary Transfer Orbit,GTO,Space Launch Complex 40,"Cape Canaveral SFS, FL, USA",USA
43edc89d-bba0-49ce-85d3-be350104a29c,Falcon 9 Block 5 | Starlink Group 7-15,2024-02-23 04:11:50+00:00,Launch Successful,,SpaceX,Commercial,Falcon 9,Falcon,Communications,Low Earth Orbit,LEO,Space Launch Complex 4E,"Vandenberg SFB, CA, USA",USA
57b661ae-5250-40a2-ae90-7dcaf845d1e7,Long March 5 | TJSW-11,2024-02-23 11:30:00+00:00,Launch Successful,,China Aerospace Science and Technology Corporation,Government,Long March 5,Long March,Government/Top Secret,Geostationary Transfer Orbit,GTO,101,"Wenchang Space Launch Site, People's Republic of China",CHN
0c61bd06-0bd9-40a8-8be3-1d46368ae094,Falcon 9 Block 5 | Starlink Group 6-39,2024-02-25 22:06:00+00:00,Launch Successful,,SpaceX,Commercial,Falcon 9,Falcon,Communications,Low Earth Orbit,LEO,Space Launch Complex 40,"Cape Canaveral SFS, FL, USA",USA
acfabc86-77bb-4844-bf05-f79fcec4f2e3,Soyuz 2.1b/Fregat-M | Meteor-M No.2-4 & others,2024-02-29 05:43:26+00:00,Launch Successful,,Russian Federal Space Agency (ROSCOSMOS),Government,Soyuz 2.1b/Fregat-M,Soyuz,Earth Science,Sun-Synchronous Orbit,SSO,Cosmodrome Site 1S,"Vostochny Cosmodrome, Siberia, Russian Federation",RUS
9fbf5cff-3198-455e-af3e-e88240d92925,Long March 3B/E | WHG-01,2024-02-29 13:03:00+00:00,Launch Successful,,China Aerospace Science and Technology Corporation,Government,Long March 3B/E,Long March,Communications,Geostationary Transfer Orbit,GTO,Launch Complex 2 (LC-2),"Xichang Satellite Launch Center, People's Republic of China",CHN
a9388d6a-a9cb-440c-8dc8-647a77833fe1,Falcon 9 Block 5 | Starlink Group 6-40,2024-02-29 15:30:00+00:00,Launch Successful,,SpaceX,Commercial,Falcon 9,Falcon,Communications,Low Earth Orbit,LEO,Space Launch Complex 40,"Cape Canaveral SFS, FL, USA",USA
2f101902-03dd-4b23-8546-d25ea514b36f,Falcon 9 Block 5 | Crew-8,2024-03-04 03:53:38+00:00,Launch Successful,,SpaceX,Commercial,Falcon 9,Falcon,Human Exploration,Low Earth Orbit,LEO,Launch Complex 39A,"Kennedy Space Center, FL, USA",USA
2f10c861-8c07-4af1-8873-cdba6d2566ba,Falcon 9 Block 5 | Transporter 10 (Dedicated SSO Rideshare),2024-03-04 22:05:00+00:00,Launch Successful,,SpaceX,Commercial,Falcon 9,Falcon,Dedicated Rideshare,Sun-Synchronous Orbit,SSO,Space Launch Complex 4E,"Vandenberg SFB, CA, USA",USA
42b2c850-ecee-4ec9-8496-cc304f4353f5,Falcon 9 Block 5 | Starlink Group 6-41,2024-03-04 23:56:00+00:00,Launch Successful,,SpaceX,Commercial,Falcon 9,Falcon,Communications,Low Earth Orbit,LEO,Space Launch Complex 40,"Cape Canaveral SFS, FL, USA",USA
ed3aa4cd-ebd2-4871-a541-968a1b08afb1,Falcon 9 Block 5 | Starlink Group 6-43,2024-03-10 23:05:00+00:00,Launch Successful,,SpaceX,Commercial,Falcon 9,Falcon,Communications,Low Earth Orbit,LEO,Space Launch Complex 40,"Cape Canaveral SFS, FL, USA",USA
8b703f3e-2758-466b-a899-7c1b463c2f31,Falcon 9 Block 5 | Starlink Group 7-17,2024-03-11 04:09:00+00:00,Launch Successful,,SpaceX,Commercial,Falcon 9,Falcon,Communications,Low Earth Orbit,LEO,Space Launch Complex 4E,"Vandenberg SFB, CA, USA",USA
c16c61fb-fd2c-482b-8904-bc3db306d747,Electron | Owl Night Long (StriX-3),2024-03-12 15:03:00+00:00,Launch Successful,,Rocket Lab,Commercial,Electron,,Earth Science,Sun-Synchronous Orbit,SSO,Rocket Lab Launch Complex 1B,"Rocket Lab Launch Complex 1, Mahia Peninsula, New Zealand",NZL
9633c43d-c951-4e6d-be7a-dadd74f99734,KAIROS | Maiden Flight,2024-03-13 02:01:12+00:00,Launch Failure,Vehicle disintegrated several seconds after liftoff with Autonomous Flight Termination System (AFTS) triggered.,Space One,Commercial,KAIROS,,Test Flight,Sun-Synchronous Orbit,SSO,Space One Launch Pad,"Spaceport Kii, Japan",JPN
85235d3c-55c8-494c-9fcc-03037b4158a9,Long March 2C/YZ-1S | DRO-A/B,2024-03-13 12:51:00+00:00,Launch was a Partial Failure,Upper stage problem; payload deployed to wrong orbit.,China Aerospace Science and Technology Corporation,Government,Long March 2C/YZ-1S,Long March,Technology,Lunar Orbit,LO,Launch Complex 3 (LC-3/LA-1),"Xichang Satellite Launch Center, People's Republic of China",CHN
c0d90c60-4961-470a-a6d7-804b3bf4b012,Starship | Integrated Flight Test 3,2024-03-14 13:25:00+00:00,Launch Successful,,SpaceX,Commercial,Starship,Starship,Test Flight,Suborbital,Sub,Orbital Launch Pad 1,"SpaceX Starbase, TX, USA",USA
827fac66-147f-4afc-9489-1b1d736ee989,Falcon 9 Block 5 | Starlink Group 6-44,2024-03-16 00:21:00+00:00,Launch Successful,,SpaceX,Commercial,Falcon 9,Falcon,Communications,Low Earth Orbit,LEO,Launch Complex 39A,"Kennedy Space Center, FL, USA",USA
2323baef-19f9-45fc-bc3d-3d34f7821f82,Falcon 9 Block 5 | Starlink Group 7-16,2024-03-19 02:28:00+00:00,Launch Successful,,SpaceX,Commercial,Falcon 9,Falcon,Communications,Low Earth Orbit,LEO,Space Launch Complex 4E,"Vandenberg SFB, CA, USA",USA
aed6a40f-012e-4b97-b701-d7a8c73edcfd,Long March 8 | Queqiao-2,2024-03-20 00:31:28+00:00,Launch Successful,,China Aerospace Science and Technology Corporation,Government,Long March 8,Long March,Planetary Science,Lunar Orbit,LO,201,"Wenchang Space Launch Site, People's Republic of China",CHN
38a33be3-8000-4789-9ea5-659945a6d259,Long March 2D/YZ-3 | Yunhai-2 Group 02,2024-03-21 05:27:00+00:00,Launch Successful,,China Aerospace Science and Technology Corporation,Government,Long March 2D/YZ-3,Long March,Earth Science,Low Earth Orbit,LEO,Launch Area 94 (SLS-2 / 603),"Jiuquan Satellite Launch Center, People's Republic of China",CHN
7f854a08-ea51-4470-9b80-84fb2252c9fe,Electron | Live and Let Fly (NROL-123),2024-03-21 07:25:00+00:00,Launch Successful,,Rocket Lab,Commercial,Electron,,Government/Top Secret,Low Earth Orbit,LEO,Rocket Lab Launch Complex 2 (Launch Area 0 C),"Wallops Flight Facility, Virginia, USA",USA
604e4aa8-73f8-4f1c-bf4c-5a130625cac7,Falcon 9 Block 5 | Dragon CRS-2 SpX-30,2024-03-21 20:55:09+00:00,Launch Successful,,SpaceX,Commercial,Falcon 9,Falcon,Resupply,Low Earth Orbit,LEO,Space Launch Complex 40,"Cape Canaveral SFS, FL, USA",USA
96ac7396-cba9-4548-b574-3a65fd6aa4ac,Soyuz 2.1a | Soyuz MS-25,2024-03-23 12:36:10+00:00,Launch Successful,,Russian Federal Space Agency (ROSCOSMOS),Government,Soyuz 2.1a,Soyuz,Human Exploration,Low Earth Orbit,LEO,31/6,"Baikonur Cosmodrome, Republic of Kazakhstan",KAZ
e7b297d1-3312-4264-b802-f9d6ea11b3b2,Falcon 9 Block 5 | Starlink Group 6-42,2024-03-24 03:09:00+00:00,Launch Successful,,SpaceX,Commercial,Falcon 9,Falcon,Communications,Low Earth Orbit,LEO,Launch Complex 39A,"Kennedy Space Center, FL, USA",USA
5acc8f72-bde2-4466-b64e-f580bc71ae2f,Falcon 9 Block 5 | Starlink Group 6-46,2024-03-25 23:42:00+00:00,Launch Successful,,SpaceX,Commercial,Falcon 9,Falcon,Communications,Low Earth Orbit,LEO,Space Launch Complex 40,"Cape Canaveral SFS, FL, USA",USA
e260c584-2b55-4b6b-a8b9-b9a9848312e4,Long March 6A | Yunhai 3-02,2024-03-26 22:51:00+00:00,Launch Successful,,China Aerospace Science and Technology Corporation,Government,Long March 6A,Long March,Government/Top Secret,Sun-Synchronous Orbit,SSO,Launch Complex 9A,"Taiyuan Satellite Launch Center, People's Republic of China",CHN
ba739b7f-9bdd-487c-9742-d76182af49f8,Falcon 9 Block 5 | Eutelsat 36D,2024-03-30 21:52:00+00:00,Launch Successful,,SpaceX,Commercial,Falcon 9,Falcon,Communications,Geostationary Transfer Orbit,GTO,Launch Complex 39A,"Kennedy Space Center, FL, USA",USA
3f61f099-5176-49f2-8e77-41c02ce80e5a,Falcon 9 Block 5 | Starlink Group 6-45,2024-03-31 01:30:00+00:00,Launch Successful,,SpaceX,Commercial,Falcon 9,Falcon,Communications,Low Earth Orbit,LEO,Space Launch Complex 40,"Cape Canaveral SFS, FL, USA",USA
eab593aa-ba0b-4191-91b4-406b22ad8d74,Soyuz 2.1b | Resurs-P No.4,2024-03-31 09:36:45+00:00,Launch Successful,,Russian Federal Space Agency (ROSCOSMOS),Government,Soyuz 2.1b,Soyuz,Earth Science,Sun-Synchronous Orbit,SSO,31/6,"Baikonur Cosmodrome, Republic of Kazakhstan",KAZ
8bb37c47-eefc-4a37-80c5-03b760cc99fc,Falcon 9 Block 5 | Starlink Group 7-18,2024-04-02 02:30:00+00:00,Launch Successful,,SpaceX,Commercial,Falcon 9,Falcon,Communications,Low Earth Orbit,LEO,Space Launch Complex 4E,"Vandenberg SFB, CA, USA",USA
464384ba-7a9a-455a-9d90-1053e9bc453c,Long March 2D | Yaogan 42-01,2024-04-02 22:56:00+00:00,Launch Successful,,China Aerospace Science and Technology Corporation,Government,Long March 2D,Long March,Government/Top Secret,Low Earth Orbit,LEO,Launch Complex 3 (LC-3/LA-1),"Xichang Satellite Launch Center, People's Republic of China",CHN
d90ac995-1d5d-48d6-8339-7ab42c567449,Falcon 9 Block 5 | Starlink Group 6-47,2024-04-05 09:12:00+00:00,Launch Successful,,SpaceX,Commercial,Falcon 9,Falcon,Communications,Low Earth Orbit,LEO,Space Launch Complex 40,"Cape Canaveral SFS, FL, USA",USA
b76b836f-8e88-4bc3-a3bc-36bb8ee4bb3c,Falcon 9 Block 5 | Starlink Group 8-1,2024-04-07 02:25:00+00:00,Launch Successful,,SpaceX,Commercial,Falcon 9,Falcon,Communications,Low Earth Orbit,LEO,Space Launch Complex 4E,"Vandenberg SFB, CA, USA",USA
c6344720-1266-4697-90ab-943a6f1760a5,Falcon 9 Block 5 | Bandwagon 1 (Dedicated Mid-Inclination Rideshare),2024-04-07 23:16:57+00:00,Launch Successful,,SpaceX,Commercial,Falcon 9,Falcon,Dedicated Rideshare,Low Earth Orbit,LEO,Launch Complex 39A,"Kennedy Space Center, FL, USA",USA
a32fa9ec-7925-4698-bbc7-a7ed1ad12621,Delta IV Heavy | NROL-70,2024-04-09 16:53:00+00:00,Launch Successful,,United Launch Alliance,Commercial,Delta IV Heavy,Delta,Government/Top Secret,Geostationary Orbit,Direct-GEO,Space Launch Complex 37B,"Cape Canaveral SFS, FL, USA",USA
706b81df-c365-4a6d-89f0-c52126dc91e1,Falcon 9 Block 5 | Starlink Group 6-48,2024-04-10 05:40:00+00:00,Launch Successful,,SpaceX,Commercial,Falcon 9,Falcon,Communications,Low Earth Orbit,LEO,Space Launch Complex 40,"Cape Canaveral SFS, FL, USA",USA
1b8e6f37-c703-4e48-b160-470ffe5ecb26,Angara A5/Blok DM-03 | Vostochny Angara Test Flight,2024-04-11 09:00:00+00:00,Launch Successful,,Khrunichev State Research and Production Space Center,Government,Angara A5/Blok DM-03,Angara,Test Flight,Geostationary Orbit,Direct-GEO,Cosmodrome Site 1A,"Vostochny Cosmodrome, Siberia, Russian Federation",RUS
a2e723fe-c893-4eaa-9dd3-63533a703091,Falcon 9 Block 5 | USSF-62,2024-04-11 14:25:00+00:00,Launch Successful,,SpaceX,Commercial,Falcon 9,Falcon,Earth Science,Polar Orbit,PO,Space Launch Complex 4E,"Vandenberg SFB, CA, USA",USA
08508c47-42ea-44c8-9da6-9e2e21742994,Falcon 9 Block 5 | Starlink Group 6-49,2024-04-13 01:40:00+00:00,Launch Successful,,SpaceX,Commercial,Falcon 9,Falcon,Communications,Low Earth Orbit,LEO,Space Launch Complex 40,"Cape Canaveral SFS, FL, USA",USA
3e464c4a-8222-401c-b2e3-9c90a43f4703,Long March 2D | SuperView Neo 3-01,2024-04-15 04:12:00+00:00,Launch Successful,,China Aerospace Science and Technology Corporation,Government,Long March 2D,Long March,Earth Science,Sun-Synchronous Orbit,SSO,Launch Area 94 (SLS-2 / 603),"Jiuquan Satellite Launch Center, People's Republic of China",CHN
c42e2d5f-f869-44d2-9f70-77d6e8d8482f,Falcon 9 Block 5 | Starlink Group 6-51,2024-04-17 21:26:00+00:00,Launch Successful,,SpaceX,Commercial,Falcon 9,Falcon,Communications,Low Earth Orbit,LEO,Launch Complex 39A,"Kennedy Space Center, FL, USA",USA
b1098e0e-35c3-4cda-b0ec-01c70b0114e1,Falcon 9 Block 5 | Starlink Group 6-52,2024-04-18 22:40:00+00:00,Launch Successful,,SpaceX,Commercial,Falcon 9,Falcon,Communications,Low Earth Orbit,LEO,Space Launch Complex 40,"Cape Canaveral SFS, FL, USA",USA
6dba3175-a942-41b9-baf2-9d1a92edaed2,Long March 2D | Yaogan 42-02,2024-04-20 23:45:00+00:00,Launch Successful,,China Aerospace Science and Technology Corporation,Government,Long March 2D,Long March,Government/Top Secret,Low Earth Orbit,LEO,Launch Complex 3 (LC-3/LA-1),"Xichang Satellite Launch Center, People's Republic of China",CHN
63e1a1f2-c5cd-4d73-8c16-302f9d8ad72f,Falcon 9 Block 5 | Starlink Group 6-53,2024-04-23 22:17:00+00:00,Launch Successful,,SpaceX,Commercial,Falcon 9,Falcon,Communications,Low Earth Orbit,LEO,Space Launch Complex 40,"Cape Canaveral SFS, FL, USA",USA
607135c8-8090-4f5e-8bd3-d69bef2f2618,Electron | Beginning Of The Swarm (ACS3 & NeonSat-1),2024-04-23 22:32:00+00:00,Launch Successful,,Rocket Lab,Commercial,Electron,,Dedicated Rideshare,Sun-Synchronous Orbit,SSO,Rocket Lab Launch Complex 1B,"Rocket Lab Launch Complex 1, Mahia Peninsula, New Zealand",NZL
12978b64-816d-4ab1-b15f-44f237a0c083,Long March 2F/G | Shenzhou 18,2024-04-25 12:59:00+00:00,Launch Successful,,China Aerospace Science and Technology Corporation,Government,Long March 2F/G,Long March,Human Exploration,Low Earth Orbit,LEO,Launch Area 91 (SLS-1 / 921),"Jiuquan Satellite Launch Center, People's Republic of China",CHN
974b4774-cda7-4373-abfc-40c1a1859cba,Falcon 9 Block 5 | Galileo L12 (FOC FM25 & FM27),2024-04-28 00:34:00+00:00,Launch Successful,,SpaceX,Commercial,Falcon 9,Falcon,Navigation,Medium Earth Orbit,MEO,Launch Complex 39A,"Kennedy Space Center, FL, USA",USA
242a5669-7d52-4cab-8a03-72af4aa08f12,Falcon 9 Block 5 | Starlink Group 6-54,2024-04-28 22:08:00+00:00,Launch Successful,,SpaceX,Commercial,Falcon 9,Falcon,Communications,Low Earth Orbit,LEO,Space Launch Complex 40,"Cape Canaveral SFS, FL, USA",USA
629f10e4-93cc-4b1b-9b2f-53f7d3944fc1,Falcon 9 Block 5 | WorldView Legion 1 & 2,2024-05-02 18:36:00+00:00,Launch Successful,,SpaceX,Commercial,Falcon 9,Falcon,Earth Science,Sun-Synchronous Orbit,SSO,Space Launch Complex 4E,"Vandenberg SFB, CA, USA",USA
638eca04-7e89-4254-8770-4ae1da538004,Falcon 9 Block 5 | Starlink Group 6-55,2024-05-03 02:37:00+00:00,Launch Successful,,SpaceX,Commercial,Falcon 9,Falcon,Communications,Low Earth Orbit,LEO,Space Launch Complex 40,"Cape Canaveral SFS, FL, USA",USA
e6834392-f1ad-4bc2-997a-b08252f37181,SR75 | Maiden Flight,2024-05-03 05:10:00+00:00,Launch Successful,,HyImpulse,Private,SR75,,Test Flight,Suborbital,Sub,Pad 1,"Koonibba Test Range, South Australia",AUS
9e857a6e-3b00-48db-859c-658c5bfe8b47,Long March 5 | Chang'e 6,2024-05-03 09:27:29+00:00,Launch Successful,,China Aerospace Science and Technology Corporation,Government,Long March 5,Long March,Planetary Science,Lunar Orbit,LO,101,"Wenchang Space Launch Site, People's Republic of China",CHN
40e91ca4-bcd3-43bd-b856-0236d4beca45,Falcon 9 Block 5 | Starlink Group 6-57,2024-05-06 18:14:00+00:00,Launch Successful,,SpaceX,Commercial,Falcon 9,Falcon,Communications,Low Earth Orbit,LEO,Space Launch Complex 40,"Cape Canaveral SFS, FL, USA",USA
2f30b8e8-9262-41d5-a10c-3feb5729b13b,Long March 6C | Maiden Flight,2024-05-07 03:21:00+00:00,Launch Successful,,China Aerospace Science and Technology Corporation,Government,Long March 6C,Long March,Earth Science,Sun-Synchronous Orbit,SSO,Launch Complex 9A,"Taiyuan Satellite Launch Center, People's Republic of China",CHN
37b23feb-be70-4011-bb3b-ccf4d333edd4,Falcon 9 Block 5 | Starlink Group 6-56,2024-05-08 18:42:00+00:00,Launch Successful,,SpaceX,Commercial,Falcon 9,Falcon,Communications,Low Earth Orbit,LEO,Launch Complex 39A,"Kennedy Space Center, FL, USA",USA
e4b75787-a85d-4401-94a5-2f3c28605ec9,Long March 3B/E | ZHTW 1-01,2024-05-09 01:43:00+00:00,Launch Successful,,China Aerospace Science and Technology Corporation,Government,Long March 3B/E,Long March,Communications,Medium Earth Orbit,MEO,Launch Complex 2 (LC-2),"Xichang Satellite Launch Center, People's Republic of China",CHN
b7767100-2fd3-4df6-9f23-cd6817f9972e,Falcon 9 Block 5 | Starlink Group 8-2,2024-05-10 04:30:00+00:00,Launch Successful,,SpaceX,Commercial,Falcon 9,Falcon,Communications,Low Earth Orbit,LEO,Space Launch Complex 4E,"Vandenberg SFB, CA, USA",USA
a7627624-e1e9-41c3-8096-d11dad956c3d,Long March 4C | Shiyan 23,2024-05-11 23:43:00+00:00,Launch Successful,,China Aerospace Science and Technology Corporation,Government,Long March 4C,Long March,Government/Top Secret,Sun-Synchronous Orbit,SSO,Launch Area 94 (SLS-2 / 603),"Jiuquan Satellite Launch Center, People's Republic of China",CHN
67152d83-c689-4cff-8330-b42c166049c9,Falcon 9 Block 5 | Starlink Group 6-58,2024-05-13 00:53:00+00:00,Launch Successful,,SpaceX,Commercial,Falcon 9,Falcon,Communications,Low Earth Orbit,LEO,Space Launch Complex 40,"Cape Canaveral SFS, FL, USA",USA
63bb93ea-d77a-4b7e-aca7-325b514e270d,Falcon 9 Block 5 | Starlink Group 8-7,2024-05-14 18:39:00+00:00,Launch Successful,,SpaceX,Commercial,Falcon 9,Falcon,Communications,Low Earth Orbit,LEO,Space Launch Complex 4E,"Vandenberg SFB, CA, USA",USA
8bf5f603-cdb5-456c-b266-bbe53f24891d,Soyuz 2.1b/Fregat-M | Kosmos 2576,2024-05-16 21:21:39+00:00,Launch Successful,,Russian Space Forces,Government,Soyuz 2.1b/Fregat-M,Soyuz,Government/Top Secret,Sun-Synchronous Orbit,SSO,43/4 (43R),"Plesetsk Cosmodrome, Russian Federation",RUS
791ef5c4-d0f1-4a35-b362-f87aef03621d,Falcon 9 Block 5 | Starlink Group 6-59,2024-05-18 00:32:00+00:00,Launch Successful,,SpaceX,Commercial,Falcon 9,Falcon,Communications,Low Earth Orbit,LEO,Space Launch Complex 40,"Cape Canaveral SFS, FL, USA",USA
58e993d9-0819-41a3-a737-9178a93ae840,New Shepard | NS-25,2024-05-19 14:35:09+00:00,Launch Successful,,Blue Origin,Commercial,New Shepard,,Tourism,Suborbital,Sub,West Texas Suborbital Launch Site/ Corn Ranch,"Corn Ranch, Van Horn, TX, USA",USA
b2357203-b193-4882-b899-6fabf697f1bd,Long March 2D | Beijing 3C,2024-05-20 03:06:00+00:00,Launch Successful,,China Aerospace Science and Technology Corporation,Government,Long March 2D,Long March,Earth Science,Sun-Synchronous Orbit,SSO,Launch Complex 9,"Taiyuan Satellite Launch Center, People's Republic of China",CHN
e4fc3a94-8772-4f1b-bac7-8355e188ee13,Kuaizhou 11 | Wuhan-1 and others,2024-05-21 04:15:00+00:00,Launch Successful,,ExPace,Commercial,Kuaizhou 11,Kuaizhou,Earth Science,Sun-Synchronous Orbit,SSO,Launch Area 95A,"Jiuquan Satellite Launch Center, People's Republic of China",CHN
bcab98e3-3650-4733-9d32-47d5870a2151,Falcon 9 Block 5 | NROL-146,2024-05-22 08:00:00+00:00,Launch Successful,,SpaceX,Commercial,Falcon 9,Falcon,Government/Top Secret,Low Earth Orbit,LEO,Space Launch Complex 4E,"Vandenberg SFB, CA, USA",USA
1e84545e-add0-42be-bcd2-c78eb2d982e5,Falcon 9 Block 5 | Starlink Group 6-62,2024-05-23 02:35:00+00:00,Launch Successful,,SpaceX,Commercial,Falcon 9,Falcon,Communications,Low Earth Orbit,LEO,Space Launch Complex 40,"Cape Canaveral SFS, FL, USA",USA
d51da9b0-7251-4345-9708-934ba4c23c78,Falcon 9 Block 5 | Starlink Group 6-63,2024-05-24 02:45:00+00:00,Launch Successful,,SpaceX,Commercial,Falcon 9,Falcon,Communications,Low Earth Orbit,LEO,Launch Complex 39A,"Kennedy Space Center, FL, USA",USA
1369f2f0-98db-4b34-b44e-47ddf0628b43,"Electron | Ready, Aim, PREFIRE (PREFIRE 1)",2024-05-25 07:41:00+00:00,Launch Successful,,Rocket Lab,Commercial,Electron,,Earth Science,Polar Orbit,PO,Rocket Lab Launch Complex 1B,"Rocket Lab Launch Complex 1, Mahia Peninsula, New Zealand",NZL
431324cc-16cb-4608-bfa2-d6fcaee73684,Chollima-1 | Malligyong-1-1,2024-05-27 13:44:00+00:00,Launch Failure,,National Aerospace Development Administration,Government,Chollima-1,Taepodong,Government/Top Secret,Sun-Synchronous Orbit,SSO,Malligyong-1 Pad,"Sohae Satellite Launching Station,  Cholsan County, North Pyongan Province, Democratic People's Republic of Korea",PRK
345131f6-a96a-45e0-9b83-f11aeec8bab6,Falcon 9 Block 5 | Starlink Group 6-60,2024-05-28 14:24:00+00:00,Launch Successful,,SpaceX,Commercial,Falcon 9,Falcon,Communications,Low Earth Orbit,LEO,Space Launch Complex 40,"Cape Canaveral SFS, FL, USA",USA
c98dabc0-2391-48bd-aad7-02bfb1795ec3,Falcon 9 Block 5 | EarthCARE,2024-05-28 22:20:10+00:00,Launch Successful,,SpaceX,Commercial,Falcon 9,Falcon,Earth Science,Sun-Synchronous Orbit,SSO,Space Launch Complex 4E,"Vandenberg SFB, CA, USA",USA
8591d62b-496b-4cd7-85a7-6ec261266309,Ceres-1S | Tianqi 25-28,2024-05-29 08:12:27+00:00,Launch Successful,,Galactic Energy,Commercial,Ceres-1S,Ceres-1,Communications,Low Earth Orbit,LEO,Rizhao offshore launch location,Haiyang Oriental Spaceport,CHN
ea952239-e9d1-49e6-a813-7912a1d9c54c,Soyuz 2.1a | Progress MS-27 (88P),2024-05-30 09:42:59+00:00,Launch Successful,,Russian Federal Space Agency (ROSCOSMOS),Government,Soyuz 2.1a,Soyuz,Resupply,Low Earth Orbit,LEO,31/6,"Baikonur Cosmodrome, Republic of Kazakhstan",KAZ
d9c33a3d-3a6c-4e02-97d0-527c884035c3,Long March 3B/E | Paksat MM1(R),2024-05-30 12:12:04+00:00,Launch Successful,,China Aerospace Science and Technology Corporation,Government,Long March 3B/E,Long March,Communications,Geostationary Transfer Orbit,GTO,Launch Complex 2 (LC-2),"Xichang Satellite Launch Center, People's Republic of China",CHN
2994e64d-0261-4a88-a15c-f9bdef6a3f35,Ceres-1 | 5 satellites,2024-05-30 23:39:00+00:00,Launch Successful,,Galactic Energy,Commercial,Ceres-1,Ceres-1,Technology,Sun-Synchronous Orbit,SSO,Launch Area 95A,"Jiuquan Satellite Launch Center, People's Republic of China",CHN
cefe475a-fe70-4e46-9075-9c44c856975b,Falcon 9 Block 5 | Starlink Group 6-64,2024-06-01 02:37:00+00:00,Launch Successful,,SpaceX,Commercial,Falcon 9,Falcon,Communications,Low Earth Orbit,LEO,Space Launch Complex 40,"Cape Canaveral SFS, FL, USA",USA
587cba9a-2a6c-46c9-9b06-630a1bf86fe3,Falcon 9 Block 5 | Starlink Group 8-5,2024-06-05 02:16:00+00:00,Launch Successful,,SpaceX,Commercial,Falcon 9,Falcon,Communications,Low Earth Orbit,LEO,Space Launch Complex 40,"Cape Canaveral SFS, FL, USA",USA
0bcda9f1-a347-408d-88cd-b8b5bd6fffc2,Electron | PREFIRE And Ice (PREFIRE 2),2024-06-05 03:15:00+00:00,Launch Successful,,Rocket Lab,Commercial,Electron,,Earth Science,Polar Orbit,PO,Rocket Lab Launch Complex 1B,"Rocket Lab Launch Complex 1, Mahia Peninsula, New Zealand",NZL
968067d1-8c12-4018-9854-b7b7d4bddc6b,Atlas V N22 | CST-100 Starliner Crewed Flight Test,2024-06-05 14:52:15+00:00,Launch Successful,,United Launch Alliance,Commercial,Atlas V N22,Atlas,Test Flight,Low Earth Orbit,LEO,Space Launch Complex 41,"Cape Canaveral SFS, FL, USA",USA
f88c4d51-e65a-4c58-bf53-291ad8c2bbfc,Ceres-1 | 3 satellites,2024-06-06 05:00:00+00:00,Launch Successful,,Galactic Energy,Commercial,Ceres-1,Ceres-1,Earth Science,Sun-Synchronous Orbit,SSO,Launch Area 95A,"Jiuquan Satellite Launch Center, People's Republic of China",CHN
2b1b756f-7207-4781-a874-aed61b38463d,Starship | Integrated Flight Test 4,2024-06-06 12:50:00+00:00,Launch Successful,,SpaceX,Commercial,Starship,Starship,Test Flight,Suborbital,Sub,Orbital Launch Pad 1,"SpaceX Starbase, TX, USA",USA
cdc8274b-932e-48d6-9e8d-691969da4ad0,Falcon 9 Block 5 | Starlink Group 10-1,2024-06-08 01:56:00+00:00,Launch Successful,,SpaceX,Commercial,Falcon 9,Falcon,Communications,Low Earth Orbit,LEO,Space Launch Complex 40,"Cape Canaveral SFS, FL, USA",USA
32f98a5d-b605-4e18-9b92-9dbd59f0681f,Falcon 9 Block 5 | Starlink Group 8-8,2024-06-08 12:58:00+00:00,Launch Successful,,SpaceX,Commercial,Falcon 9,Falcon,Communications,Low Earth Orbit,LEO,Space Launch Complex 4E,"Vandenberg SFB, CA, USA",USA
c4a4f111-dd24-491a-bc44-8bcaf2e08351,SpaceShipTwo | Galactic 07,2024-06-08 15:26:00+00:00,Launch Successful,,Virgin Galactic,Private,SpaceShipTwo,,Tourism,Suborbital,Sub,Spaceport America,Air launch to Suborbital flight,???
86600b01-7621-4106-9ae1-d7510328c29a,Falcon 9 Block 5 | Starlink Group 9-1,2024-06-19 03:40:00+00:00,Launch Successful,,SpaceX,Commercial,Falcon 9,Falcon,Communications,Low Earth Orbit,LEO,Space Launch Complex 4E,"Vandenberg SFB, CA, USA",USA
1d6c8ff3-aa61-4ecc-8f79-355bba274868,Electron | No Time Toulouse (Kinéis 1-5),2024-06-20 18:13:00+00:00,Launch Successful,,Rocket Lab,Commercial,Electron,,Communications,Sun-Synchronous Orbit,SSO,Rocket Lab Launch Complex 1B,"Rocket Lab Launch Complex 1, Mahia Peninsula, New Zealand",NZL
e59f9e0b-fed2-4b12-a21b-ceda262bca5e,Falcon 9 Block 5 | Astra 1P/SES-24,2024-06-20 21:35:00+00:00,Launch Successful,,SpaceX,Commercial,Falcon 9,Falcon,Communications,Geostationary Transfer Orbit,GTO,Space Launch Complex 40,"Cape Canaveral SFS, FL, USA",USA
341c544e-d3b7-41fd-b5d4-7ffacc7ccaac,Long March 2C | Space Variable Objects Monitor (SVOM),2024-06-22 07:00:00+00:00,Launch Successful,,China Aerospace Science and Technology Corporation,Government,Long March 2C,Long March,Astrophysics,Low Earth Orbit,LEO,Launch Complex 3 (LC-3/LA-1),"Xichang Satellite Launch Center, People's Republic of China",CHN
63a205d7-ea27-4fd0-9fb7-f09f744433a3,Falcon 9 Block 5 | Starlink Group 10-2,2024-06-23 17:15:00+00:00,Launch Successful,,SpaceX,Commercial,Falcon 9,Falcon,Communications,Low Earth Orbit,LEO,Space Launch Complex 40,"Cape Canaveral SFS, FL, USA",USA
53b0220d-25b1-47d7-9d68-956063c54d86,Falcon 9 Block 5 | Starlink Group 9-2,2024-06-24 03:47:00+00:00,Launch Successful,,SpaceX,Commercial,Falcon 9,Falcon,Communications,Low Earth Orbit,LEO,Space Launch Complex 4E,"Vandenberg SFB, CA, USA",USA
ad53f165-a118-43a6-ad46-6021accdaabd,Falcon Heavy | GOES-U,2024-06-25 21:26:00+00:00,Launch Successful,,SpaceX,Commercial,Falcon Heavy,Falcon,Earth Science,Geostationary Transfer Orbit,GTO,Launch Complex 39A,"Kennedy Space Center, FL, USA",USA
89961315-355e-469d-af7a-b447ea70bce9,Falcon 9 Block 5 | Starlink Group 10-3,2024-06-27 11:14:00+00:00,Launch Successful,,SpaceX,Commercial,Falcon 9,Falcon,Communications,Low Earth Orbit,LEO,Space Launch Complex 40,"Cape Canaveral SFS, FL, USA",USA
bc2c6103-a426-41e0-875d-700dc92dc131,Falcon 9 Block 5 | NROL-186,2024-06-29 03:14:00+00:00,Launch Successful,,SpaceX,Commercial,Falcon 9,Falcon,Government/Top Secret,Low Earth Orbit,LEO,Space Launch Complex 4E,"Vandenberg SFB, CA, USA",USA
065fee4a-8c84-4167-a105-5bf0b0d8ed0f,Long March 7A | ChinaSat 3A,2024-06-29 11:57:00+00:00,Launch Successful,,China Aerospace Science and Technology Corporation,Government,Long March 7A,Long March,Communications,Geostationary Transfer Orbit,GTO,201,"Wenchang Space Launch Site, People's Republic of China",CHN
a89737b0-4c09-4b4d-92f5-98730664eade,H3-22 | Advanced Land Observing Satellite-4 (ALOS-4),2024-07-01 03:06:42+00:00,Launch Successful,,Mitsubishi Heavy Industries,Commercial,H3-22,H3,Earth Science,Sun-Synchronous Orbit,SSO,Yoshinobu Launch Complex LP-2,"Tanegashima Space Center, Japan",JPN
37d99477-d60a-486a-9fa0-3c533fe19fd9,Falcon 9 Block 5 | Starlink Group 8-9,2024-07-03 08:55:00+00:00,Launch Successful,,SpaceX,Commercial,Falcon 9,Falcon,Communications,Low Earth Orbit,LEO,Space Launch Complex 40,"Cape Canaveral SFS, FL, USA",USA
67c0e594-72df-4cb4-8db3-3f94e96a7ecc,Firefly Alpha | FLTA005 (Noise of Summer),2024-07-04 04:04:00+00:00,Launch Successful,,Firefly Aerospace,Commercial,Firefly Alpha,Firefly Alpha,Technology,Sun-Synchronous Orbit,SSO,Space Launch Complex 2W,"Vandenberg SFB, CA, USA",USA
3c89db1e-82d7-413d-8e34-bbc01bbc5eaa,Long March 6A | Tianhui 5 Group 02,2024-07-04 22:49:00+00:00,Launch Successful,,China Aerospace Science and Technology Corporation,Government,Long March 6A,Long March,Government/Top Secret,Sun-Synchronous Orbit,SSO,Launch Complex 9A,"Taiyuan Satellite Launch Center, People's Republic of China",CHN
ae5db3d2-1162-41b3-8f19-697150f483a3,Falcon 9 Block 5 | Türksat 6A,2024-07-08 23:30:00+00:00,Launch Successful,,SpaceX,Commercial,Falcon 9,Falcon,Communications,Geostationary Transfer Orbit,GTO,Space Launch Complex 40,"Cape Canaveral SFS, FL, USA",USA
3e461ec0-8b64-4804-b9aa-e1e1f066065a,Ariane 62 | Maiden Flight,2024-07-09 19:00:00+00:00,Launch Successful,,European Space Agency,Multinational,Ariane 62,Ariane,Test Flight,Low Earth Orbit,LEO,Ariane Launch Area 4,"Guiana Space Centre, French Guiana",GUF
155e61ba-4957-4b6d-ac2c-02fd02c9bcd6,Hyperbola-1 | Yunyao-1 15-17,2024-07-10 23:40:00+00:00,Launch Failure,4th stage failure; failed to reach orbit.,i-Space,Commercial,Hyperbola-1,,Earth Science,Sun-Synchronous Orbit,SSO,Launch Area 95A,"Jiuquan Satellite Launch Center, People's Republic of China",CHN
9ddacbab-cb89-4fb1-85c8-56b4222af744,Falcon 9 Block 5 | Starlink Group 9-3,2024-07-12 02:35:00+00:00,Launch Failure,An oxygen leak caused a failure of the second stage engine during its second burn leading to the loss of all Starlink satellites.,SpaceX,Commercial,Falcon 9,Falcon,Communications,Low Earth Orbit,LEO,Space Launch Complex 4E,"Vandenberg SFB, CA, USA",USA
e2d43a8e-6b36-40ac-a671-de35edca331a,Long March 4B | Gaofen-11-05,2024-07-19 03:03:00+00:00,Launch Successful,,China Aerospace Science and Technology Corporation,Government,Long March 4B,Long March,Earth Science,Sun-Synchronous Orbit,SSO,Launch Complex 9,"Taiyuan Satellite Launch Center, People's Republic of China",CHN
0f63b33d-1a83-4eb2-8c2e-d4157bf71230,Falcon 9 Block 5 | Starlink Group 10-9,2024-07-27 05:45:00+00:00,Launch Successful,,SpaceX,Commercial,Falcon 9,Falcon,Communications,Low Earth Orbit,LEO,Launch Complex 39A,"Kennedy Space Center, FL, USA",USA
a059955d-baf8-436d-9a2f-e4746be5a636,Falcon 9 Block 5 | Starlink Group 10-4,2024-07-28 05:09:00+00:00,Launch Successful,,SpaceX,Commercial,Falcon 9,Falcon,Communications,Low Earth Orbit,LEO,Space Launch Complex 40,"Cape Canaveral SFS, FL, USA",USA
2aa76cd0-b1e0-4826-827e-1e69d1cc387d,Falcon 9 Block 5 | Starlink Group 9-4,2024-07-28 09:22:00+00:00,Launch Successful,,SpaceX,Commercial,Falcon 9,Falcon,Communications,Low Earth Orbit,LEO,Space Launch Complex 4E,"Vandenberg SFB, CA, USA",USA
f7b56f6c-4ff8-4569-bacb-d752fece8450,Atlas V 551 | USSF-51,2024-07-30 10:45:00+00:00,Launch Successful,,United Launch Alliance,Commercial,Atlas V 551,Atlas,Government/Top Secret,Unknown,N/A,Space Launch Complex 41,"Cape Canaveral SFS, FL, USA",USA
d4ab0770-45ea-4dae-b44b-b0be66c6a71d,Long March 3B/E | WHG-02,2024-08-01 13:14:00+00:00,Launch Successful,,China Aerospace Science and Technology Corporation,Government,Long March 3B/E,Long March,Communications,Geostationary Transfer Orbit,GTO,Launch Complex 2 (LC-2),"Xichang Satellite Launch Center, People's Republic of China",CHN
172111f8-35c3-413e-9f6e-06676a462895,Falcon 9 Block 5 | Starlink Group 10-6,2024-08-02 05:01:00+00:00,Launch Successful,,SpaceX,Commercial,Falcon 9,Falcon,Communications,Low Earth Orbit,LEO,Launch Complex 39A,"Kennedy Space Center, FL, USA",USA
8db4129c-513e-4258-bbde-c66f63c0c7ee,"Electron | Owl for One, One for Owl (StriX Launch 5)",2024-08-02 16:39:00+00:00,Launch Successful,,Rocket Lab,Commercial,Electron,,Earth Science,Low Earth Orbit,LEO,Rocket Lab Launch Complex 1B,"Rocket Lab Launch Complex 1, Mahia Peninsula, New Zealand",NZL
86139b24-aed8-47b0-a385-5ed28cca6409,Falcon 9 Block 5 | Starlink Group 11-1,2024-08-04 07:24:00+00:00,Launch Successful,,SpaceX,Commercial,Falcon 9,Falcon,Communications,Low Earth Orbit,LEO,Space Launch Complex 4E,"Vandenberg SFB, CA, USA",USA
59426ed2-57ff-4f61-8f62-9794b6dbb9ad,Falcon 9 Block 5 | Cygnus CRS-2 NG-21 (S.S. Francis R. “Dick” Scobee),2024-08-04 15:02:53+00:00,Launch Successful,,SpaceX,Commercial,Falcon 9,Falcon,Resupply,Low Earth Orbit,LEO,Space Launch Complex 40,"Cape Canaveral SFS, FL, USA",USA
46ca9221-6628-459b-91e7-0e8098edb575,Long March 6A | SpaceSail Polar Group #1,2024-08-06 06:42:00+00:00,Launch Successful,,China Aerospace Science and Technology Corporation,Government,Long March 6A,Long March,Communications,Polar Orbit,PO,Launch Complex 9A,"Taiyuan Satellite Launch Center, People's Republic of China",CHN
c34d9c5e-c11a-4066-84d9-d026ceaafcf3,Falcon 9 Block 5 | Starlink Group 8-3,2024-08-10 12:50:00+00:00,Launch Successful,,SpaceX,Commercial,Falcon 9,Falcon,Communications,Low Earth Orbit,LEO,Space Launch Complex 40,"Cape Canaveral SFS, FL, USA",USA
848b8e10-e5a4-4e46-9896-0c2299360588,Electron | A Sky Full of SARs (Capella Acadia 3),2024-08-11 13:18:00+00:00,Launch Successful,,Rocket Lab,Commercial,Electron,,Earth Science,Low Earth Orbit,LEO,Rocket Lab Launch Complex 1B,"Rocket Lab Launch Complex 1, Mahia Peninsula, New Zealand",NZL
670b2644-8952-484d-a402-8a75b7f907ae,Falcon 9 Block 5 | Arctic Satellite Broadband Mission (ASBM),2024-08-12 02:02:00+00:00,Launch Successful,,SpaceX,Commercial,Falcon 9,Falcon,Communications,Elliptical Orbit,Elliptical,Space Launch Complex 4E,"Vandenberg SFB, CA, USA",USA
34aa9340-c97e-4609-a872-e2adc8d9de13,Falcon 9 Block 5 | Starlink Group 10-7,2024-08-12 10:37:00+00:00,Launch Successful,,SpaceX,Commercial,Falcon 9,Falcon,Communications,Low Earth Orbit,LEO,Launch Complex 39A,"Kennedy Space Center, FL, USA",USA
fa14deb0-bd6f-4318-922e-4cbe11773e54,Soyuz 2.1a | Progress MS-28 (89P),2024-08-15 03:20:18+00:00,Launch Successful,,Russian Federal Space Agency (ROSCOSMOS),Government,Soyuz 2.1a,Soyuz,Resupply,Low Earth Orbit,LEO,31/6,"Baikonur Cosmodrome, Republic of Kazakhstan",KAZ
3ecc1d59-470f-49a3-9508-35f0b6797454,Falcon 9 Block 5 | WorldView Legion 3 & 4,2024-08-15 13:00:00+00:00,Launch Successful,,SpaceX,Commercial,Falcon 9,Falcon,Earth Science,Low Earth Orbit,LEO,Space Launch Complex 40,"Cape Canaveral SFS, FL, USA",USA
daf0e1a3-fa5d-4523-9f46-3a41e5527da6,SSLV | EOS-08/Microsat-2C,2024-08-16 03:47:00+00:00,Launch Successful,,Indian Space Research Organization,Government,SSLV,,Earth Science,Low Earth Orbit,LEO,Satish Dhawan Space Centre First Launch Pad,"Satish Dhawan Space Centre, India",IND
72652fdb-542b-4f46-9657-d18149bd06e5,Long March 4B | Yaogan 43 Group 01,2024-08-16 07:35:00+00:00,Launch Successful,,China Aerospace Science and Technology Corporation,Government,Long March 4B,Long March,Government/Top Secret,Low Earth Orbit,LEO,Launch Complex 3 (LC-3/LA-1),"Xichang Satellite Launch Center, People's Republic of China",CHN
d61c53c4-669a-44cd-a905-cea38e8e21d6,Falcon 9 Block 5 | Transporter 11 (Dedicated SSO Rideshare),2024-08-16 18:56:00+00:00,Launch Successful,,SpaceX,Commercial,Falcon 9,Falcon,Dedicated Rideshare,Sun-Synchronous Orbit,SSO,Space Launch Complex 4E,"Vandenberg SFB, CA, USA",USA
1458b11c-c0ed-4486-9d51-5b574db36f71,Falcon 9 Block 5 | Starlink Group 10-5,2024-08-20 13:20:00+00:00,Launch Successful,,SpaceX,Commercial,Falcon 9,Falcon,Communications,Low Earth Orbit,LEO,Space Launch Complex 40,"Cape Canaveral SFS, FL, USA",USA
a09a8f72-cbb7-4f1e-b0c5-cd3fd2735a71,Long March 7A | ChinaSat 4A,2024-08-22 12:25:00+00:00,Launch Successful,,China Aerospace Science and Technology Corporation,Government,Long March 7A,Long March,Communications,Geostationary Transfer Orbit,GTO,201,"Wenchang Space Launch Site, People's Republic of China",CHN
1da9d898-e591-444b-84bf-4bb949b81c62,Falcon 9 Block 5 | Starlink Group 8-6,2024-08-28 07:48:00+00:00,Launch Successful,,SpaceX,Commercial,Falcon 9,Falcon,Communications,Low Earth Orbit,LEO,Space Launch Complex 40,"Cape Canaveral SFS, FL, USA",USA
9a5fe2ad-1089-4b16-bf94-273b0f426741,Ceres-1S | 6 satellites,2024-08-29 05:22:00+00:00,Launch Successful,,Galactic Energy,Commercial,Ceres-1S,Ceres-1,Earth Science,Sun-Synchronous Orbit,SSO,Haiyang offshore launch location,Haiyang Oriental Spaceport,CHN
cd042f6b-1b91-4783-b953-79a4a572219d,New Shepard | NS-26,2024-08-29 13:07:03+00:00,Launch Successful,,Blue Origin,Commercial,New Shepard,,Tourism,Suborbital,Sub,West Texas Suborbital Launch Site/ Corn Ranch,"Corn Ranch, Van Horn, TX, USA",USA
95bff87b-38c6-4db0-8b2f-e3952c95f383,Falcon 9 Block 5 | Starlink Group 8-10,2024-08-31 07:43:00+00:00,Launch Successful,,SpaceX,Commercial,Falcon 9,Falcon,Communications,Low Earth Orbit,LEO,Space Launch Complex 40,"Cape Canaveral SFS, FL, USA",USA
1bf11245-99d7-4178-8bf8-408730e21b36,Falcon 9 Block 5 | Starlink Group 9-5,2024-08-31 08:48:00+00:00,Launch Successful,,SpaceX,Commercial,Falcon 9,Falcon,Communications,Low Earth Orbit,LEO,Space Launch Complex 4E,"Vandenberg SFB, CA, USA",USA
3b1cf9b2-3616-49f8-9681-a743a596df76,Long March 4B | Yaogan 43 Group 02,2024-09-03 01:22:00+00:00,Launch Successful,,China Aerospace Science and Technology Corporation,Government,Long March 4B,Long March,Government/Top Secret,Low Earth Orbit,LEO,Launch Complex 3 (LC-3/LA-1),"Xichang Satellite Launch Center, People's Republic of China",CHN
6fc4b696-240a-4619-9462-a9149d8bd2ee,Vega | Sentinel-2C,2024-09-05 01:50:15+00:00,Launch Successful,,Arianespace,Commercial,Vega,Vega,Earth Science,Sun-Synchronous Orbit,SSO,Ariane Launch Area 1 (ELV),"Guiana Space Centre, French Guiana",GUF
46ddb5ee-30ac-4d70-9cbe-0342b253ee6c,Falcon 9 Block 5 | Starlink Group 8-11,2024-09-05 15:33:00+00:00,Launch Successful,,SpaceX,Commercial,Falcon 9,Falcon,Communications,Low Earth Orbit,LEO,Space Launch Complex 40,"Cape Canaveral SFS, FL, USA",USA
95b8b4e3-b648-4693-a0ea-749bedd69c4f,Long March 6 | Geely Constellation Group 03,2024-09-05 18:30:00+00:00,Launch Successful,,China Aerospace Science and Technology Corporation,Government,Long March 6,Long March,Communications,Low Earth Orbit,LEO,Launch Complex 16,"Taiyuan Satellite Launch Center, People's Republic of China",CHN
e8c62aa0-6bef-48ac-8ef6-b8589479c6be,Falcon 9 Block 5 | NROL-113,2024-09-06 03:20:00+00:00,Launch Successful,,SpaceX,Commercial,Falcon 9,Falcon,Government/Top Secret,Low Earth Orbit,LEO,Space Launch Complex 4E,"Vandenberg SFB, CA, USA",USA
b69cfada-3320-4331-89e1-aaa8b49e6a9c,Falcon 9 Block 5 | Polaris Dawn,2024-09-10 09:23:49+00:00,Launch Successful,,SpaceX,Commercial,Falcon 9,Falcon,Human Exploration,Low Earth Orbit,LEO,Launch Complex 39A,"Kennedy Space Center, FL, USA",USA
cb26e9e5-0d72-44e8-b1e3-5ec5e3b44e9d,Soyuz 2.1a | Soyuz MS-26,2024-09-11 16:23:12+00:00,Launch Successful,,Russian Federal Space Agency (ROSCOSMOS),Government,Soyuz 2.1a,Soyuz,Human Exploration,Low Earth Orbit,LEO,31/6,"Baikonur Cosmodrome, Republic of Kazakhstan",KAZ
11f32024-8382-4b7a-9f75-c211820b9e2d,Falcon 9 Block 5 | BlueBird Block 1,2024-09-12 08:52:00+00:00,Launch Successful,,SpaceX,Commercial,Falcon 9,Falcon,Communications,Low Earth Orbit,LEO,Space Launch Complex 40,"Cape Canaveral SFS, FL, USA",USA
f53462c6-7e3a-41a9-b5a4-d884582ef0fa,Falcon 9 Block 5 | Starlink Group 9-6,2024-09-13 01:45:00+00:00,Launch Successful,,SpaceX,Commercial,Falcon 9,Falcon,Communications,Low Earth Orbit,LEO,Space Launch Complex 4E,"Vandenberg SFB, CA, USA",USA
e0d5b592-ae3c-4586-b840-b717d269ba22,Qaem 100 | Chamran-1,2024-09-14 05:58:00+00:00,Launch Successful,,Islamic Revolutionary Guard Corps Aerospace Force,Government,Qaem 100,,Technology,Low Earth Orbit,LEO,Launch Platform,"Shahrud Missile Test Site, Islamic Republic of Iran",IRN
40b7cb3e-4418-4cdf-a274-d01709706b86,Angara 1.2 | Kosmos 2577 & 2578,2024-09-17 07:01:00+00:00,Launch Successful,,Russian Space Forces,Government,Angara 1.2,Angara,Government/Top Secret,Sun-Synchronous Orbit,SSO,35/1,"Plesetsk Cosmodrome, Russian Federation",RUS
b9c44ac9-e201-4042-9f08-bd517cd2e6a5,Falcon 9 Block 5 | Galileo L13 (FOC FM26 & FM32),2024-09-17 22:50:49+00:00,Launch Successful,,SpaceX,Commercial,Falcon 9,Falcon,Navigation,Medium Earth Orbit,MEO,Space Launch Complex 40,"Cape Canaveral SFS, FL, USA",USA
01032968-e280-4306-b44c-f39ddf5bf1ab,Long March 3B/YZ-1 | Beidou-3 M25 & M27,2024-09-19 01:14:00+00:00,Launch Successful,,China Aerospace Science and Technology Corporation,Government,Long March 3B/YZ-1,Long March,Navigation,Medium Earth Orbit,MEO,Launch Complex 2 (LC-2),"Xichang Satellite Launch Center, People's Republic of China",CHN
acc6cddc-0c34-4d64-9cbe-1d8fa1833544,Long March 2D | Jilin-1 Wideband 02B-01 to 06,2024-09-20 04:11:00+00:00,Launch Successful,,China Aerospace Science and Technology Corporation,Government,Long March 2D,Long March,Earth Science,Sun-Synchronous Orbit,SSO,Launch Complex 9,"Taiyuan Satellite Launch Center, People's Republic of China",CHN
f9c16ec7-7592-4ec0-ab1e-f753b96d23fb,Kuaizhou 1A | Tianqi 29-32,2024-09-20 09:43:00+00:00,Launch Successful,,ExPace,Commercial,Kuaizhou 1A,Kuaizhou,Communications,Low Earth Orbit,LEO,Mobile Launcher Pad,"Xichang Satellite Launch Center, People's Republic of China",CHN
facd46c6-5197-4c27-939a-2b6b3f08d39d,Falcon 9 Block 5 | Starlink Group 9-17,2024-09-20 13:50:00+00:00,Launch Successful,,SpaceX,Commercial,Falcon 9,Falcon,Communications,Low Earth Orbit,LEO,Space Launch Complex 4E,"Vandenberg SFB, CA, USA",USA
1fae2781-87aa-4a0a-a023-af689a9c5d79,Electron | Kinéis Killed the RadIoT Star (Kinéis 6-10),2024-09-20 23:01:00+00:00,Launch Successful,,Rocket Lab,Commercial,Electron,,Communications,Sun-Synchronous Orbit,SSO,Rocket Lab Launch Complex 1A,"Rocket Lab Launch Complex 1, Mahia Peninsula, New Zealand",NZL
78224ca7-278d-4410-a1ac-eddb3cc018ca,Smart Dragon 3 | 8 satellites,2024-09-24 02:31:00+00:00,Launch Successful,,China Rocket Co. Ltd.,Commercial,Smart Dragon 3,Smart Dragon,Technology,Sun-Synchronous Orbit,SSO,Haiyang offshore launch location,Haiyang Oriental Spaceport,CHN
4df73c3a-3bd8-4ea9-bb8c-1fe306564b53,Kinetica 1 | 5 satellites,2024-09-24 23:33:00+00:00,Launch Successful,,CAS Space,Commercial,Kinetica 1,,Earth Science,Sun-Synchronous Orbit,SSO,Launch Area 130,"Jiuquan Satellite Launch Center, People's Republic of China",CHN
f97e9181-c9cd-4e68-9c19-68ddb5e80763,Falcon 9 Block 5 | Starlink Group 9-8,2024-09-25 04:01:20+00:00,Launch Successful,,SpaceX,Commercial,Falcon 9,Falcon,Communications,Low Earth Orbit,LEO,Space Launch Complex 4E,"Vandenberg SFB, CA, USA",USA
ca78b818-63d5-4280-853e-478db107b022,H-IIA 202 | IGS Radar 8,2024-09-26 05:24:20+00:00,Launch Successful,,Mitsubishi Heavy Industries,Commercial,H-IIA,H-II,Government/Top Secret,Sun-Synchronous Orbit,SSO,Yoshinobu Launch Complex LP-1,"Tanegashima Space Center, Japan",JPN
bdfd3337-621d-4fc1-965f-1844638a3204,Long March 2D | Shijian 19,2024-09-27 10:30:00+00:00,Launch Successful,,China Aerospace Science and Technology Corporation,Government,Long March 2D,Long March,Biology,Low Earth Orbit,LEO,Launch Area 94 (SLS-2 / 603),"Jiuquan Satellite Launch Center, People's Republic of China",CHN
0102940a-4a60-4686-b34d-ced3fed6c595,Falcon 9 Block 5 | Crew-9,2024-09-28 17:17:21+00:00,Launch Successful,,SpaceX,Commercial,Falcon 9,Falcon,Human Exploration,Low Earth Orbit,LEO,Space Launch Complex 40,"Cape Canaveral SFS, FL, USA",USA
cd199e27-63cd-409c-817c-5c38039b17cd,Vulcan VC2S | Certification Flight 2,2024-10-04 11:25:00+00:00,Launch Successful,,United Launch Alliance,Commercial,Vulcan VC2S,Vulcan,Test Flight,Heliocentric N/A,Helio-N/A,Space Launch Complex 41,"Cape Canaveral SFS, FL, USA",USA
e1ffdd01-c146-44d0-a250-b845dc2eb20d,Falcon 9 Block 5 | Hera,2024-10-07 14:52:11+00:00,Launch Successful,,SpaceX,Commercial,Falcon 9,Falcon,Robotic Exploration,Asteroid,Asteroid,Space Launch Complex 40,"Cape Canaveral SFS, FL, USA",USA
3fcc3bea-dd86-4818-96e2-71ca0f24fd5b,Long March 3B/E | WHG-03,2024-10-10 13:50:00+00:00,Launch Successful,,China Aerospace Science and Technology Corporation,Government,Long March 3B/E,Long March,Communications,Geostationary Transfer Orbit,GTO,Launch Complex 2 (LC-2),"Xichang Satellite Launch Center, People's Republic of China",CHN
83ba001e-9bca-48ac-84cb-ccea96bfe9c1,Starship | Integrated Flight Test 5,2024-10-13 12:25:00+00:00,Launch Successful,,SpaceX,Commercial,Starship,Starship,Test Flight,Suborbital,Sub,Orbital Launch Pad 1,"SpaceX Starbase, TX, USA",USA
59548105-347d-4477-8747-7fc3f91016c5,Falcon Heavy | Europa Clipper,2024-10-14 16:06:00+00:00,Launch Successful,,SpaceX,Commercial,Falcon Heavy,Falcon,Planetary Science,Heliocentric N/A,Helio-N/A,Launch Complex 39A,"Kennedy Space Center, FL, USA",USA
9d576892-dcf0-472b-92d1-37053ff549ab,Falcon 9 Block 5 | Starlink Group 10-10,2024-10-15 06:10:00+00:00,Launch Successful,,SpaceX,Commercial,Falcon 9,Falcon,Communications,Low Earth Orbit,LEO,Space Launch Complex 40,"Cape Canaveral SFS, FL, USA",USA
e2a88842-5e57-468a-b151-92324df9c17e,Falcon 9 Block 5 | Starlink Group 9-7,2024-10-15 08:21:00+00:00,Launch Successful,,SpaceX,Commercial,Falcon 9,Falcon,Communications,Low Earth Orbit,LEO,Space Launch Complex 4E,"Vandenberg SFB, CA, USA",USA
11533922-1fc5-4505-b309-1c20652b63e0,Long March 6A | SpaceSail Polar Group #2,2024-10-15 11:06:00+00:00,Launch Successful,,China Aerospace Science and Technology Corporation,Government,Long March 6A,Long March,Communications,Polar Orbit,PO,Launch Complex 9A,"Taiyuan Satellite Launch Center, People's Republic of China",CHN
b640ae22-876c-41c9-909b-44dfd82f69a5,Long March 4C | Gaofen-12 05,2024-10-15 23:45:00+00:00,Launch Successful,,China Aerospace Science and Technology Corporation,Government,Long March 4C,Long March,Earth Science,Sun-Synchronous Orbit,SSO,Launch Area 94 (SLS-2 / 603),"Jiuquan Satellite Launch Center, People's Republic of China",CHN
5f9fa9b2-e6f4-4e68-b4c8-2b1586cc5fba,Falcon 9 Block 5 | Starlink Group 8-19,2024-10-18 23:31:00+00:00,Launch Successful,,SpaceX,Commercial,Falcon 9,Falcon,Communications,Low Earth Orbit,LEO,Space Launch Complex 40,"Cape Canaveral SFS, FL, USA",USA
525ed290-dd97-4187-9118-d71f0b8285be,Falcon 9 Block 5 | OneWeb 20,2024-10-20 05:13:00+00:00,Launch Successful,,SpaceX,Commercial,Falcon 9,Falcon,Communications,Polar Orbit,PO,Space Launch Complex 4E,"Vandenberg SFB, CA, USA",USA
ebbcd4d7-d36d-427b-858a-98d06e686bec,Long March 6 | Tianping-3,2024-10-22 00:10:00+00:00,Launch Successful,,China Aerospace Science and Technology Corporation,Government,Long March 6,Long March,Technology,Sun-Synchronous Orbit,SSO,Launch Complex 16,"Taiyuan Satellite Launch Center, People's Republic of China",CHN
7cee7744-de69-4271-b2f4-205fb3b4bf87,Long March 2C | Yaogan 43 Group 03,2024-10-23 01:09:00+00:00,Launch Successful,,China Aerospace Science and Technology Corporation,Government,Long March 2C,Long March,Government/Top Secret,Low Earth Orbit,LEO,Launch Complex 3 (LC-3/LA-1),"Xichang Satellite Launch Center, People's Republic of China",CHN
828095e3-1c38-4700-9dd2-a700162fbd15,New Shepard | NS-27,2024-10-23 15:27:00+00:00,Launch Successful,,Blue Origin,Commercial,New Shepard,,Suborbital,Suborbital,Sub,West Texas Suborbital Launch Site/ Corn Ranch,"Corn Ranch, Van Horn, TX, USA",USA
beb6bfff-c584-42d9-9fea-e3e82a5fd32a,Falcon 9 Block 5 | Starlink Group 6-61,2024-10-23 21:47:00+00:00,Launch Successful,,SpaceX,Commercial,Falcon 9,Falcon,Communications,Low Earth Orbit,LEO,Space Launch Complex 40,"Cape Canaveral SFS, FL, USA",USA
9048f0e1-c1b7-40f1-9555-c021b0b94283,Falcon 9 Block 5 | NROL-167,2024-10-24 17:14:00+00:00,Launch Successful,,SpaceX,Commercial,Falcon 9,Falcon,Government/Top Secret,Low Earth Orbit,LEO,Space Launch Complex 4E,"Vandenberg SFB, CA, USA",USA
d20c9252-f257-48a8-8d95-443188267c57,Falcon 9 Block 5 | Starlink Group 10-8,2024-10-26 21:47:00+00:00,Launch Successful,,SpaceX,Commercial,Falcon 9,Falcon,Communications,Low Earth Orbit,LEO,Space Launch Complex 40,"Cape Canaveral SFS, FL, USA",USA
28c2b327-bb20-452d-b1df-c100265d6aa5,Long March 2F/G | Shenzhou 19,2024-10-29 20:27:34+00:00,Launch Successful,,China Aerospace Science and Technology Corporation,Government,Long March 2F/G,Long March,Human Exploration,Low Earth Orbit,LEO,Launch Area 91 (SLS-1 / 921),"Jiuquan Satellite Launch Center, People's Republic of China",CHN
eed1132a-d5aa-4c9c-bc38-c8ccb98829b6,Falcon 9 Block 5 | Starlink Group 9-9,2024-10-30 12:07:00+00:00,Launch Successful,,SpaceX,Commercial,Falcon 9,Falcon,Communications,Low Earth Orbit,LEO,Space Launch Complex 4E,"Vandenberg SFB, CA, USA",USA
48284305-279a-4118-9ae4-e2139db038b4,Falcon 9 Block 5 | Starlink Group 10-13,2024-10-30 21:10:00+00:00,Launch Successful,,SpaceX,Commercial,Falcon 9,Falcon,Communications,Low Earth Orbit,LEO,Space Launch Complex 40,"Cape Canaveral SFS, FL, USA",USA
95a9c95c-1a30-4b34-8b11-16e765a26eb6,Soyuz 2.1a | Kosmos 2579 (Bars-M No. 6),2024-10-31 07:51:31+00:00,Launch Successful,,Russian Space Forces,Government,Soyuz 2.1a,Soyuz,Government/Top Secret,Sun-Synchronous Orbit,SSO,43/4 (43R),"Plesetsk Cosmodrome, Russian Federation",RUS
aa429cd7-a947-430a-9956-72dff1ab9c60,H3-22 | DSN 3 (Kirameki 3),2024-11-04 06:48:00+00:00,Launch Successful,,Mitsubishi Heavy Industries,Commercial,H3-22,H3,Communications,Geostationary Transfer Orbit,GTO,Yoshinobu Launch Complex LP-2,"Tanegashima Space Center, Japan",JPN
a27cba79-7c56-40c8-8af1-eb9f871b43ad,Soyuz 2.1b/Fregat-M | Ionosfera-M 1 & 2,2024-11-04 23:18:40+00:00,Launch Successful,,Russian Federal Space Agency (ROSCOSMOS),Government,Soyuz 2.1b/Fregat-M,Soyuz,Earth Science,Sun-Synchronous Orbit,SSO,Cosmodrome Site 1S,"Vostochny Cosmodrome, Siberia, Russian Federation",RUS
f97bce95-052e-4fa9-80e8-dbedf16bc516,Falcon 9 Block 5 | Dragon CRS-2 SpX-31,2024-11-05 02:29:31+00:00,Launch Successful,,SpaceX,Commercial,Falcon 9,Falcon,Resupply,Low Earth Orbit,LEO,Launch Complex 39A,"Kennedy Space Center, FL, USA",USA
3dfcd148-b684-447a-acde-e6195dbd12f1,"Electron | Changes In Latitudes, Changes In Attitudes (Protosat-1)",2024-11-05 10:54:00+00:00,Launch Successful,,Rocket Lab,Commercial,Electron,,Communications,Sun-Synchronous Orbit,SSO,Rocket Lab Launch Complex 1B,"Rocket Lab Launch Complex 1, Mahia Peninsula, New Zealand",NZL
507a6df7-1c52-464a-a003-19aad7f6113e,Falcon 9 Block 5 | Starlink Group 6-77,2024-11-07 20:19:00+00:00,Launch Successful,,SpaceX,Commercial,Falcon 9,Falcon,Communications,Low Earth Orbit,LEO,Space Launch Complex 40,"Cape Canaveral SFS, FL, USA",USA
903e6655-670e-45e8-900e-dcfe8c870d22,Long March 2C | PIESAT-2 01-04,2024-11-09 03:39:00+00:00,Launch Successful,,China Aerospace Science and Technology Corporation,Government,Long March 2C,Long March,Earth Science,Sun-Synchronous Orbit,SSO,Launch Area 94 (SLS-2 / 603),"Jiuquan Satellite Launch Center, People's Republic of China",CHN
be86d592-5eb7-4565-ac7b-02de845d838e,Falcon 9 Block 5 | Starlink Group 9-10,2024-11-09 06:14:00+00:00,Launch Successful,,SpaceX,Commercial,Falcon 9,Falcon,Communications,Low Earth Orbit,LEO,Space Launch Complex 4E,"Vandenberg SFB, CA, USA",USA
d771b35f-0a6a-4967-bff0-9a94286c31bb,Kinetica 1 | 15 satellites,2024-11-11 04:03:00+00:00,Launch Successful,,CAS Space,Commercial,Kinetica 1,,Technology,Sun-Synchronous Orbit,SSO,Launch Area 130,"Jiuquan Satellite Launch Center, People's Republic of China",CHN
a9fa3ed5-4988-4a72-b262-454e7b03ab50,Falcon 9 Block 5 | Koreasat 6A,2024-11-11 17:22:00+00:00,Launch Successful,,SpaceX,Commercial,Falcon 9,Falcon,Communications,Geostationary Transfer Orbit,GTO,Launch Complex 39A,"Kennedy Space Center, FL, USA",USA
ce986507-bfc1-43fb-953d-3f30e7c5f48f,Falcon 9 Block 5 | Starlink Group 6-69,2024-11-11 21:28:00+00:00,Launch Successful,,SpaceX,Commercial,Falcon 9,Falcon,Communications,Low Earth Orbit,LEO,Space Launch Complex 40,"Cape Canaveral SFS, FL, USA",USA
1d186a4d-734e-4d45-a4cd-ae8da62f0c5c,Long March 4B | Haiyang 4-01,2024-11-13 22:42:00+00:00,Launch Successful,,China Aerospace Science and Technology Corporation,Government,Long March 4B,Long March,Earth Science,Sun-Synchronous Orbit,SSO,Launch Complex 9,"Taiyuan Satellite Launch Center, People's Republic of China",CHN
32727766-26b9-41b1-bdc4-1e7241806c92,Falcon 9 Block 5 | Starlink Group 9-11,2024-11-14 05:23:00+00:00,Launch Successful,,SpaceX,Commercial,Falcon 9,Falcon,Communications,Low Earth Orbit,LEO,Space Launch Complex 4E,"Vandenberg SFB, CA, USA",USA
aa398317-710b-460b-837f-7fbb7f00ccfa,Falcon 9 Block 5 | Starlink Group 6-68,2024-11-14 13:21:00+00:00,Launch Successful,,SpaceX,Commercial,Falcon 9,Falcon,Communications,Low Earth Orbit,LEO,Space Launch Complex 40,"Cape Canaveral SFS, FL, USA",USA
1b411bfa-86b8-4b88-8f01-6e97ca4b90d7,Long March 7 | Tianzhou-8,2024-11-15 15:13:18+00:00,Launch Successful,,China Aerospace Science and Technology Corporation,Government,Long March 7,Long March,Resupply,Low Earth Orbit,LEO,201,"Wenchang Space Launch Site, People's Republic of China",CHN
4509981c-8f3f-41aa-8235-d08f5c79c6c0,Falcon 9 Block 5 | Optus-X/TD7,2024-11-17 22:28:00+00:00,Launch Successful,,SpaceX,Commercial,Falcon 9,Falcon,Communications,Geostationary Transfer Orbit,GTO,Launch Complex 39A,"Kennedy Space Center, FL, USA",USA
eddda4b4-c9af-4383-a97e-17372a0f39fc,Falcon 9 Block 5 | Starlink Group 9-12,2024-11-18 05:53:30+00:00,Launch Successful,,SpaceX,Commercial,Falcon 9,Falcon,Communications,Low Earth Orbit,LEO,Space Launch Complex 4E,"Vandenberg SFB, CA, USA",USA
a0809bf8-a2f2-48e1-92da-1d8c21180e25,Falcon 9 Block 5 | GSAT-20 (GSAT-N2),2024-11-18 18:31:00+00:00,Launch Successful,,SpaceX,Commercial,Falcon 9,Falcon,Communications,Geostationary Transfer Orbit,GTO,Space Launch Complex 40,"Cape Canaveral SFS, FL, USA",USA
da9a0172-062c-4b29-81d8-acf777d3777f,Starship | Integrated Flight Test 6,2024-11-19 22:00:00+00:00,Launch Successful,,SpaceX,Commercial,Starship,Starship,Test Flight,Suborbital,Sub,Orbital Launch Pad 1,"SpaceX Starbase, TX, USA",USA
71751e1c-92ff-4484-b299-eb9dab7a4020,Soyuz 2.1a | Progress MS-29 (90P),2024-11-21 12:22:23+00:00,Launch Successful,,Russian Federal Space Agency (ROSCOSMOS),Government,Soyuz 2.1a,Soyuz,Resupply,Low Earth Orbit,LEO,31/6,"Baikonur Cosmodrome, Republic of Kazakhstan",KAZ
168b41aa-14bd-4001-a47d-bfe69c4c20e6,Falcon 9 Block 5 | Starlink Group 6-66,2024-11-21 16:07:50+00:00,Launch Successful,,SpaceX,Commercial,Falcon 9,Falcon,Communications,Low Earth Orbit,LEO,Space Launch Complex 40,"Cape Canaveral SFS, FL, USA",USA
1631e31c-70cc-42b5-9737-31e5f243a563,New Shepard | NS-28,2024-11-22 15:30:00+00:00,Launch Successful,,Blue Origin,Commercial,New Shepard,,Tourism,Suborbital,Sub,West Texas Suborbital Launch Site/ Corn Ranch,"Corn Ranch, Van Horn, TX, USA",USA
f2e861e9-f956-4bad-8318-3d669ba5aedb,Falcon 9 Block 5 | Starlink Group 9-13,2024-11-24 05:25:30+00:00,Launch Successful,,SpaceX,Commercial,Falcon 9,Falcon,Communications,Low Earth Orbit,LEO,Space Launch Complex 4E,"Vandenberg SFB, CA, USA",USA
f82304b2-5f3c-4753-b8ee-aee69323f7fb,HASTE | HASTE A La Vista (MACH-TB),2024-11-24 06:00:00+00:00,Launch Successful,,Rocket Lab,Commercial,Electron,,Government/Top Secret,Suborbital,Sub,Rocket Lab Launch Complex 2 (Launch Area 0 C),"Wallops Flight Facility, Virginia, USA",USA
2b9719f8-91ea-46b0-bfbd-5793f7a4abea,Long March 2C | SuperView Neo 2-03 & 04,2024-11-24 23:39:00+00:00,Launch Successful,,China Aerospace Science and Technology Corporation,Government,Long March 2C,Long March,Earth Science,Sun-Synchronous Orbit,SSO,Launch Area 94 (SLS-2 / 603),"Jiuquan Satellite Launch Center, People's Republic of China",CHN
5d63efa7-7cb4-4a00-ad96-9929cf027041,Electron | Ice AIS Baby (Kinéis 11-15),2024-11-25 03:55:00+00:00,Launch Successful,,Rocket Lab,Commercial,Electron,,Communications,Sun-Synchronous Orbit,SSO,Rocket Lab Launch Complex 1B,"Rocket Lab Launch Complex 1, Mahia Peninsula, New Zealand",NZL
0e6efb5d-045a-4f4c-a79a-f6889f1cc960,Falcon 9 Block 5 | Starlink Group 12-1,2024-11-25 10:02:20+00:00,Launch Successful,,SpaceX,Commercial,Falcon 9,Falcon,Communications,Low Earth Orbit,LEO,Space Launch Complex 40,"Cape Canaveral SFS, FL, USA",USA
b9d13dc2-3e87-4fa7-be01-32b2cb546595,Zhuque-2E | Guangchuan-01 & 02,2024-11-27 02:00:00+00:00,Launch Successful,,LandSpace,Commercial,Zhuque-2E,Zhuque,Technology,Low Earth Orbit,LEO,Launch Area 96A,"Jiuquan Satellite Launch Center, People's Republic of China",CHN
ffc148dc-76cc-4c5e-95b6-c2c78d6f0ba6,Falcon 9 Block 5 | Starlink Group 6-76,2024-11-27 04:41:30+00:00,Launch Successful,,SpaceX,Commercial,Falcon 9,Falcon,Communications,Low Earth Orbit,LEO,Launch Complex 39A,"Kennedy Space Center, FL, USA",USA
f9834e80-9578-4095-9db8-67f5ec6ef5af,Soyuz 2.1a/Fregat-M | Kondor-FKA No.2,2024-11-29 21:50:25+00:00,Launch Successful,,Russian Federal Space Agency (ROSCOSMOS),Government,Soyuz 2.1a/Fregat-M,Soyuz,Earth Science,Sun-Synchronous Orbit,SSO,Cosmodrome Site 1S,"Vostochny Cosmodrome, Siberia, Russian Federation",RUS
7beb2fcf-acb3-4cf1-b31b-f2655416d1ed,Falcon 9 Block 5 | Starlink Group 6-65,2024-11-30 05:00:00+00:00,Launch Successful,,SpaceX,Commercial,Falcon 9,Falcon,Communications,Low Earth Orbit,LEO,Space Launch Complex 40,"Cape Canaveral SFS, FL, USA",USA
fed1b36f-965c-46ac-bb4d-8154930c4492,Falcon 9 Block 5 | NROL-126,2024-11-30 08:10:00+00:00,Launch Successful,,SpaceX,Commercial,Falcon 9,Falcon,Government/Top Secret,Low Earth Orbit,LEO,Space Launch Complex 4E,"Vandenberg SFB, CA, USA",USA
87c8453f-8428-4acd-bbbe-9f37493f674f,Long March 12 | Maiden Flight,2024-11-30 14:25:00+00:00,Launch Successful,,China Aerospace Science and Technology Corporation,Government,Long March 12,Long March,Test Flight,Low Earth Orbit,LEO,Commercial LC-2,"Wenchang Space Launch Site, People's Republic of China",CHN
351bf216-4cae-49df-82d0-9afaeb5df0f2,Long March 3B/E | TJSW-13,2024-12-03 05:56:00+00:00,Launch Successful,,China Aerospace Science and Technology Corporation,Government,Long March 3B/E,Long March,Government/Top Secret,Elliptical Orbit,Elliptical,Launch Complex 3 (LC-3/LA-1),"Xichang Satellite Launch Center, People's Republic of China",CHN
fb9a85a6-209d-4433-a1a3-906e5cbceaf0,Kuaizhou 1A | Haishao-1,2024-12-04 04:46:00+00:00,Launch Successful,,ExPace,Commercial,Kuaizhou 1A,Kuaizhou,Earth Science,Low Earth Orbit,LEO,Mobile Launcher Pad,"Xichang Satellite Launch Center, People's Republic of China",CHN
f50d89cf-7c9a-4b7e-bc6e-f7e59950995d,Falcon 9 Block 5 | Starlink Group 6-70,2024-12-04 10:13:10+00:00,Launch Successful,,SpaceX,Commercial,Falcon 9,Falcon,Communications,Low Earth Orbit,LEO,Space Launch Complex 40,"Cape Canaveral SFS, FL, USA",USA
66475296-048d-480b-b886-3644c1a1b6a4,Soyuz 2.1b | Kosmos 2580 (Lotos-S1 #9),2024-12-04 18:03:13+00:00,Launch Successful,,Russian Space Forces,Government,Soyuz 2.1b,Soyuz,Government/Top Secret,Low Earth Orbit,LEO,43/4 (43R),"Plesetsk Cosmodrome, Russian Federation",RUS
a757f8b0-4e5c-4223-bc27-361a8206a3bf,Falcon 9 Block 5 | Starlink Group 9-14,2024-12-05 03:05:00+00:00,Launch Successful,,SpaceX,Commercial,Falcon 9,Falcon,Communications,Low Earth Orbit,LEO,Space Launch Complex 4E,"Vandenberg SFB, CA, USA",USA
81fe0bdd-6a33-4976-9bad-4a1268400b1e,Long March 6A | SpaceSail Polar Group #3,2024-12-05 04:41:00+00:00,Launch Successful,,China Aerospace Science and Technology Corporation,Government,Long March 6A,Long March,Communications,Polar Orbit,PO,Launch Complex 9A,"Taiyuan Satellite Launch Center, People's Republic of China",CHN
2a780cb9-9bf9-4537-927e-389f1659a709,PSLV-XL | Proba-3,2024-12-05 10:34:00+00:00,Launch Successful,,Indian Space Research Organization,Government,PSLV-XL,PSLV,Technology,Elliptical Orbit,Elliptical,Satish Dhawan Space Centre First Launch Pad,"Satish Dhawan Space Centre, India",IND
ae15ed89-63fa-4256-8b71-cb3c30e23e31,Falcon 9 Block 5 | Sirius SXM-9,2024-12-05 16:10:00+00:00,Launch Successful,,SpaceX,Commercial,Falcon 9,Falcon,Communications,Geostationary Transfer Orbit,GTO,Launch Complex 39A,"Kennedy Space Center, FL, USA",USA
aa79ad61-9276-4c14-8d01-40fd348d641e,Vega-C | Sentinel-1C,2024-12-05 21:20:33+00:00,Launch Successful,,Arianespace,Commercial,Vega-C,Vega,Earth Science,Sun-Synchronous Orbit,SSO,Ariane Launch Area 1 (ELV),"Guiana Space Centre, French Guiana",GUF
4dfd2e8d-8c43-4cd2-944a-85844419e409,Simorgh | Fakhr-1 & Saman-1,2024-12-06 03:14:00+00:00,Launch Successful,,Iranian Space Agency,Government,Simorgh,,Technology,Low Earth Orbit,LEO,Imam Khomeini Spaceport,"Semnan Space Center, Islamic Republic of Iran",IRN
d1b5f507-66a9-450a-86ac-b7b86c34eee4,Falcon 9 Block 5 | Starlink Group 12-5,2024-12-08 05:12:30+00:00,Launch Successful,,SpaceX,Commercial,Falcon 9,Falcon,Communications,Low Earth Orbit,LEO,Space Launch Complex 40,"Cape Canaveral SFS, FL, USA",USA
2de44368-01af-448f-b0fb-d7aacdd86c0e,Long March 2D/YZ-3 | High Speed Laser Diamond Constellation Test System,2024-12-12 07:17:00+00:00,Launch Successful,,China Aerospace Science and Technology Corporation,Government,Long March 2D/YZ-3,Long March,Communications,Low Earth Orbit,LEO,Launch Area 94 (SLS-2 / 603),"Jiuquan Satellite Launch Center, People's Republic of China",CHN
c0da2601-59db-4529-bb05-b3908e964890,Falcon 9 Block 5 | Starlink Group 11-2,2024-12-13 21:55:40+00:00,Launch Successful,,SpaceX,Commercial,Falcon 9,Falcon,Communications,Low Earth Orbit,LEO,Space Launch Complex 4E,"Vandenberg SFB, CA, USA",USA
0fcf4d4c-6400-4587-b7a3-341e8e87c36e,HASTE | Stonehenge,2024-12-14 01:00:00+00:00,Launch Successful,,Rocket Lab,Commercial,Electron,,Government/Top Secret,Suborbital,Sub,Rocket Lab Launch Complex 2 (Launch Area 0 C),"Wallops Flight Facility, Virginia, USA",USA
fa0a0d60-44a0-4a59-8828-d3407d520a42,Long March 5B/YZ-2 | SatNet LEO Group 01,2024-12-16 10:00:00+00:00,Launch Successful,,China Aerospace Science and Technology Corporation,Government,Long March 5B/YZ-2,Long March,Communications,Polar Orbit,PO,101,"Wenchang Space Launch Site, People's Republic of China",CHN
3f28ecb9-a83d-4424-882d-3710c686d69f,Long March 2D | PIESAT-2 09-12,2024-12-16 18:50:00+00:00,Launch Successful,,China Aerospace Science and Technology Corporation,Government,Long March 2D,Long March,Earth Science,Sun-Synchronous Orbit,SSO,Launch Complex 9,"Taiyuan Satellite Launch Center, People's Republic of China",CHN
99570ecf-f7e4-40ec-b84a-5758425a6d99,Falcon 9 Block 5 | GPS III SV07 (RRT-1),2024-12-17 00:52:00+00:00,Launch Successful,,SpaceX,Commercial,Falcon 9,Falcon,Navigation,Medium Earth Orbit,MEO,Space Launch Complex 40,"Cape Canaveral SFS, FL, USA",USA
a889a7d1-844f-40c5-adcc-4bc54f43a51d,Falcon 9 Block 5 | NROL-149,2024-12-17 13:19:00+00:00,Launch Successful,,SpaceX,Commercial,Falcon 9,Falcon,Government/Top Secret,Low Earth Orbit,LEO,Space Launch Complex 4E,"Vandenberg SFB, CA, USA",USA
8ee42a39-0851-4674-9815-95b62e9a2c4b,Falcon 9 Block 5 | O3b mPower 7 & 8,2024-12-17 22:26:00+00:00,Launch Successful,,SpaceX,Commercial,Falcon 9,Falcon,Communications,Medium Earth Orbit,MEO,Launch Complex 39A,"Kennedy Space Center, FL, USA",USA
2baf1b13-6159-4640-864d-7959f9bfe978,KAIROS | Flight 2,2024-12-18 02:00:00+00:00,Launch Failure,Vehicle lost attitude control after first stage motor nozzle thrust vector control (TVC) failure at T+80s.,Space One,Commercial,KAIROS,,Test Flight,Sun-Synchronous Orbit,SSO,Space One Launch Pad,"Spaceport Kii, Japan",JPN
b4777dca-7194-4f97-a6c2-addbb7bb4381,Ceres-1S | Tianqi 33-36,2024-12-19 10:18:00+00:00,Launch Successful,,Galactic Energy,Commercial,Ceres-1S,Ceres-1,Communications,Low Earth Orbit,LEO,Rizhao offshore launch location,Haiyang Oriental Spaceport,CHN
bf8f8957-5e45-4139-99bc-652af890341b,Long March 3B/E | TJSW-12,2024-12-20 15:12:00+00:00,Launch Successful,,China Aerospace Science and Technology Corporation,Government,Long March 3B/E,Long March,Government/Top Secret,Geostationary Transfer Orbit,GTO,Launch Complex 2 (LC-2),"Xichang Satellite Launch Center, People's Republic of China",CHN
50a1337c-db6f-4bf4-b7b0-919c9fca906e,Falcon 9 Block 5 | Bandwagon 2 (Dedicated Mid-Inclination Rideshare),2024-12-21 11:34:24+00:00,Launch Successful,,SpaceX,Commercial,Falcon 9,Falcon,Dedicated Rideshare,Low Earth Orbit,LEO,Space Launch Complex 4E,"Vandenberg SFB, CA, USA",USA
af1466bb-289b-40b3-b83c-102b3a7af047,Electron | Owl The Way Up (StriX Launch 6),2024-12-21 14:17:00+00:00,Launch Successful,,Rocket Lab,Commercial,Electron,,Earth Science,Sun-Synchronous Orbit,SSO,Rocket Lab Launch Complex 1B,"Rocket Lab Launch Complex 1, Mahia Peninsula, New Zealand",NZL
9ba9d2de-f94b-4cca-b395-ee83b4b46b28,Falcon 9 Block 5 | Starlink Group 12-2,2024-12-23 05:35:30+00:00,Launch Successful,,SpaceX,Commercial,Falcon 9,Falcon,Communications,Low Earth Orbit,LEO,Launch Complex 39A,"Kennedy Space Center, FL, USA",USA
37ebb629-0999-46af-84c4-ae7b2584ac38,Soyuz 2.1b | Resurs-P No.5,2024-12-25 07:45:42+00:00,Launch Successful,,Russian Federal Space Agency (ROSCOSMOS),Government,Soyuz 2.1b,Soyuz,Earth Science,Sun-Synchronous Orbit,SSO,31/6,"Baikonur Cosmodrome, Republic of Kazakhstan",KAZ
18b49918-d2e0-4899-be7a-6c216952b8f3,Kinetica 1 | DEAR-3 & 10 other satellites,2024-12-27 01:03:31+00:00,Launch Failure,"3rd stage loss of attitude control 3 seconds after ignition due to damage of the power supply wire to the 3rd stage motor Thrust Vector Control (TVC) mechanism during installation, then subsequent breaking due to vibration while in powered flight.",CAS Space,Commercial,Kinetica 1,,Technology,Sun-Synchronous Orbit,SSO,Launch Area 130,"Jiuquan Satellite Launch Center, People's Republic of China",CHN
eea43b3f-eddc-437a-ada5-8e23286f1eef,Falcon 9 Block 5 | Starlink Group 11-3,2024-12-29 01:58:30+00:00,Launch Successful,,SpaceX,Commercial,Falcon 9,Falcon,Communications,Low Earth Orbit,LEO,Space Launch Complex 4E,"Vandenberg SFB, CA, USA",USA
33bf462e-796f-441c-bc36-206ba52bb90e,Falcon 9 Block 5 | Astranis: From One to Many (4x Astranis MicroGEO),2024-12-29 05:00:00+00:00,Launch Successful,,SpaceX,Commercial,Falcon 9,Falcon,Communications,Geostationary Transfer Orbit,GTO,Space Launch Complex 40,"Cape Canaveral SFS, FL, USA",USA
644eaa0e-7c09-4be1-980c-ab5c2a07acce,PSLV-CA | SPADEX (Space Docking Experiment),2024-12-30 16:30:15+00:00,Launch Successful,,Indian Space Research Organization,Government,PSLV,PSLV,Technology,Low Earth Orbit,LEO,Satish Dhawan Space Centre First Launch Pad,"Satish Dhawan Space Centre, India",IND
58e080d1-90cd-42ac-8152-9f56fc580f8d,Falcon 9 Block 5 | Starlink Group 12-6,2024-12-31 05:39:10+00:00,Launch Successful,,SpaceX,Commercial,Falcon 9,Falcon,Communications,Low Earth Orbit,LEO,Launch Complex 39A,"Kennedy Space Center, FL, USA",USA
0a9a511a-7ea1-4402-8555-e087f580a5c4,Falcon 9 Block 5 | Thuraya 4-NGS,2025-01-04 01:27:00+00:00,Launch Successful,,SpaceX,Commercial,Falcon 9,Falcon,Communications,Geostationary Transfer Orbit,GTO,Space Launch Complex 40,"Cape Canaveral SFS, FL, USA",USA
797939fd-480c-4e5a-8c0a-53b36b2695fe,Long March 3B/E | Shijian 25,2025-01-06 20:00:00+00:00,Launch Successful,,China Aerospace Science and Technology Corporation,Government,Long March 3B/E,Long March,Technology,Geostationary Transfer Orbit,GTO,Launch Complex 3 (LC-3/LA-1),"Xichang Satellite Launch Center, People's Republic of China",CHN
957f00c7-bcb4-4fe6-ac14-c35f11874104,Falcon 9 Block 5 | Starlink Group 6-71,2025-01-06 20:43:59+00:00,Launch Successful,,SpaceX,Commercial,Falcon 9,Falcon,Communications,Low Earth Orbit,LEO,Space Launch Complex 40,"Cape Canaveral SFS, FL, USA",USA
02a67327-807e-483f-ac6c-963a3fa22a5b,Falcon 9 Block 5 | Starlink Group 12-11,2025-01-08 15:27:00+00:00,Launch Successful,,SpaceX,Commercial,Falcon 9,Falcon,Communications,Low Earth Orbit,LEO,Launch Complex 39A,"Kennedy Space Center, FL, USA",USA
f9308f6c-9576-4543-b2df-f5c0304c6a90,Falcon 9 Block 5 | NROL-153,2025-01-10 03:53:49+00:00,Launch Successful,,SpaceX,Commercial,Falcon 9,Falcon,Government/Top Secret,Unknown,N/A,Space Launch Complex 4E,"Vandenberg SFB, CA, USA",USA
b56beca9-d106-4fde-8614-906ad04bef9a,Falcon 9 Block 5 | Starlink Group 12-12,2025-01-10 19:11:20+00:00,Launch Successful,,SpaceX,Commercial,Falcon 9,Falcon,Communications,Low Earth Orbit,LEO,Space Launch Complex 40,"Cape Canaveral SFS, FL, USA",USA
f38f0321-080b-4313-843b-2b8c140b0669,Smart Dragon 3 | 10 x CentiSpace-1,2025-01-13 03:00:00+00:00,Launch Successful,,China Rocket Co. Ltd.,Commercial,Smart Dragon 3,Smart Dragon,Navigation,Low Earth Orbit,LEO,Haiyang offshore launch location,Haiyang Oriental Spaceport,CHN
a07622a2-2b91-4050-886e-20ccd76d449a,Falcon 9 Block 5 | Starlink Group 12-4,2025-01-13 16:47:09+00:00,Launch Successful,,SpaceX,Commercial,Falcon 9,Falcon,Communications,Low Earth Orbit,LEO,Space Launch Complex 40,"Cape Canaveral SFS, FL, USA",USA
02b28510-be7b-43c1-ab97-b3671ab6813d,Falcon 9 Block 5 | Transporter 12 (Dedicated SSO Rideshare),2025-01-14 19:09:00+00:00,Launch Successful,,SpaceX,Commercial,Falcon 9,Falcon,Dedicated Rideshare,Sun-Synchronous Orbit,SSO,Space Launch Complex 4E,"Vandenberg SFB, CA, USA",USA
9a30d934-fa56-4fe5-81df-7c4b24386da2,Falcon 9 Block 5 | Blue Ghost Lunar Lander Mission 1 & Hakuto-R M2 “Resilience”,2025-01-15 06:11:39+00:00,Launch Successful,,SpaceX,Commercial,Falcon 9,Falcon,Lunar Exploration,Lunar Orbit,LO,Launch Complex 39A,"Kennedy Space Center, FL, USA",USA
91bfaa47-76d6-4111-9830-d6c6c46c4dab,New Glenn | Maiden Flight,2025-01-16 07:03:00+00:00,Launch Successful,,Blue Origin,Commercial,New Glenn,New Glenn,Test Flight,Medium Earth Orbit,MEO,Launch Complex 36A,"Cape Canaveral SFS, FL, USA",USA
c5566f6e-606e-4250-b8f4-477c5d82c798,Starship | Flight 7,2025-01-16 22:37:00+00:00,Launch Failure,Ship 33 lost all 6 engines gradually late in ascent and was observed to have self-destructed.,SpaceX,Commercial,Starship,Starship,Test Flight,Suborbital,Sub,Orbital Launch Pad 1,"SpaceX Starbase, TX, USA",USA
4c5e9d81-a4e8-41b0-b906-f335ef5c2d95,Long March 2D | PRSC-EO1,2025-01-17 04:07:00+00:00,Launch Successful,,China Aerospace Science and Technology Corporation,Government,Long March 2D,Long March,Earth Science,Sun-Synchronous Orbit,SSO,Launch Area 94 (SLS-2 / 603),"Jiuquan Satellite Launch Center, People's Republic of China",CHN
08f64722-f81e-45be-b744-52fe91cc339a,Ceres-1 | 5 satellites,2025-01-20 10:11:00+00:00,Launch Successful,,Galactic Energy,Commercial,Ceres-1,Ceres-1,Earth Science,Sun-Synchronous Orbit,SSO,Launch Area 95A,"Jiuquan Satellite Launch Center, People's Republic of China",CHN
626c9bf7-261d-4acb-9031-4d80ae271678,Falcon 9 Block 5 | Starlink Group 13-1,2025-01-21 05:24:50+00:00,Launch Successful,,SpaceX,Commercial,Falcon 9,Falcon,Communications,Low Earth Orbit,LEO,Launch Complex 39A,"Kennedy Space Center, FL, USA",USA
f42de197-184e-48be-85ca-01b74e7fae5b,Falcon 9 Block 5 | Starlink Group 11-8,2025-01-21 15:45:50+00:00,Launch Successful,,SpaceX,Commercial,Falcon 9,Falcon,Communications,Low Earth Orbit,LEO,Space Launch Complex 4E,"Vandenberg SFB, CA, USA",USA
fa36ad1a-e596-4d8a-9325-ec30c1853953,Long March 6A | SpaceSail Polar Group #4,2025-01-23 05:15:00+00:00,Launch Successful,,China Aerospace Science and Technology Corporation,Government,Long March 6A,Long March,Communications,Polar Orbit,PO,Launch Complex 9A,"Taiyuan Satellite Launch Center, People's Republic of China",CHN
00b19545-e13c-4863-a6b1-1a414a167c83,Long March 3B/E | TJSW-14,2025-01-23 15:32:00+00:00,Launch Successful,,China Aerospace Science and Technology Corporation,Government,Long March 3B/E,Long March,Government/Top Secret,Geostationary Transfer Orbit,GTO,Launch Complex 2 (LC-2),"Xichang Satellite Launch Center, People's Republic of China",CHN
0d989b81-7ddf-45a3-80d8-703f2728b8d9,Falcon 9 Block 5 | Starlink Group 11-6,2025-01-24 14:07:00+00:00,Launch Successful,,SpaceX,Commercial,Falcon 9,Falcon,Communications,Low Earth Orbit,LEO,Space Launch Complex 4E,"Vandenberg SFB, CA, USA",USA
32e2c0d2-55ad-424f-9241-c3fd3a322a1e,Falcon 9 Block 5 | Starlink Group 12-7,2025-01-27 22:05:00+00:00,Launch Successful,,SpaceX,Commercial,Falcon 9,Falcon,Communications,Low Earth Orbit,LEO,Space Launch Complex 40,"Cape Canaveral SFS, FL, USA",USA
2d39bb52-5258-4866-9f2b-d84e1b02afd3,GSLV Mk II | IRNSS-1K (NVS-02),2025-01-29 00:53:00+00:00,Launch Successful,,Indian Space Research Organization,Government,GSLV Mk II,GSLV,Navigation,Geostationary Transfer Orbit,GTO,Satish Dhawan Space Centre Second Launch Pad,"Satish Dhawan Space Centre, India",IND
a22c6e2c-17ec-4fe4-ad82-d7cec52011bb,Falcon 9 Block 5 | SpainSat NG I,2025-01-30 01:34:00+00:00,Launch Successful,,SpaceX,Commercial,Falcon 9,Falcon,Communications,Geostationary Transfer Orbit,GTO,Launch Complex 39A,"Kennedy Space Center, FL, USA",USA
6f18e0ac-ef45-4658-89b1-1cbf48c821ae,Falcon 9 Block 5 | Starlink Group 11-4,2025-02-01 23:02:10+00:00,Launch Successful,,SpaceX,Commercial,Falcon 9,Falcon,Communications,Low Earth Orbit,LEO,Space Launch Complex 4E,"Vandenberg SFB, CA, USA",USA
0680d9c6-8b90-405e-bbe0-167cd48e36bb,H3-22 | Michibiki 6 (QZS-6),2025-02-02 08:30:00+00:00,Launch Successful,,Mitsubishi Heavy Industries,Commercial,H3-22,H3,Navigation,Geostationary Transfer Orbit,GTO,Yoshinobu Launch Complex LP-2,"Tanegashima Space Center, Japan",JPN
028d5699-11ea-4309-9266-5f9c2372219f,Falcon 9 Block 5 | Starlink Group 12-3,2025-02-04 10:15:00+00:00,Launch Successful,,SpaceX,Commercial,Falcon 9,Falcon,Communications,Low Earth Orbit,LEO,Space Launch Complex 40,"Cape Canaveral SFS, FL, USA",USA
ccd1a7bc-8506-40c3-8967-9ce168084c2c,New Shepard | NS-29,2025-02-04 16:00:00+00:00,Launch Successful,,Blue Origin,Commercial,New Shepard,,Suborbital,Suborbital,Sub,West Texas Suborbital Launch Site/ Corn Ranch,"Corn Ranch, Van Horn, TX, USA",USA
6632587d-9290-4cee-8a9c-ef91c61a7064,Falcon 9 Block 5 | WorldView Legion 5 & 6,2025-02-04 23:13:00+00:00,Launch Successful,,SpaceX,Commercial,Falcon 9,Falcon,Earth Science,Low Earth Orbit,LEO,Launch Complex 39A,"Kennedy Space Center, FL, USA",USA
682328d3-ce10-448c-be16-c5f8f851a312,Soyuz 2.1v/Volga | Kosmos 2581/2582/2583,2025-02-05 03:59:24+00:00,Launch Successful,,Russian Space Forces,Government,Soyuz 2.1v,Soyuz,Government/Top Secret,Polar Orbit,PO,43/4 (43R),"Plesetsk Cosmodrome, Russian Federation",RUS
fb0df8b6-7b94-4e49-93e0-5389755fc970,Falcon 9 Block 5 | Starlink Group 12-9,2025-02-08 19:18:30+00:00,Launch Successful,,SpaceX,Commercial,Falcon 9,Falcon,Communications,Low Earth Orbit,LEO,Space Launch Complex 40,"Cape Canaveral SFS, FL, USA",USA
f842964b-288f-4100-95d4-3b3510712f81,Electron | IoT 4 You and Me (Kinéis 16-20),2025-02-08 20:43:00+00:00,Launch Successful,,Rocket Lab,Commercial,Electron,,Communications,Sun-Synchronous Orbit,SSO,Rocket Lab Launch Complex 1A,"Rocket Lab Launch Complex 1, Mahia Peninsula, New Zealand",NZL
e4c34b02-4b70-495b-9bc9-5cd19788ff2c,Falcon 9 Block 5 | Starlink Group 11-10,2025-02-11 02:09:40+00:00,Launch Successful,,SpaceX,Commercial,Falcon 9,Falcon,Communications,Low Earth Orbit,LEO,Space Launch Complex 4E,"Vandenberg SFB, CA, USA",USA
ec1922a6-e089-4684-a576-7092fcf1ac20,Long March 8A | SatNet LEO Group 02 (Demo Flight),2025-02-11 09:30:00+00:00,Launch Successful,,China Aerospace Science and Technology Corporation,Government,Long March 8A,Long March,Communications,Low Earth Orbit,LEO,201,"Wenchang Space Launch Site, People's Republic of China",CHN
a2f29d72-f4ce-428d-b48a-fffe1780d84a,Falcon 9 Block 5 | Starlink Group 12-18,2025-02-11 18:53:20+00:00,Launch Successful,,SpaceX,Commercial,Falcon 9,Falcon,Communications,Low Earth Orbit,LEO,Space Launch Complex 40,"Cape Canaveral SFS, FL, USA",USA
8c960a9e-ff4a-4390-a331-e1928186df5f,Falcon 9 Block 5 | Starlink Group 12-8,2025-02-15 06:14:10+00:00,Launch Successful,,SpaceX,Commercial,Falcon 9,Falcon,Communications,Low Earth Orbit,LEO,Space Launch Complex 40,"Cape Canaveral SFS, FL, USA",USA
e58b3e2f-0066-4caf-9470-aa404e9a0142,Electron | Fasten Your Space Belts (BlackSky Gen-3 1),2025-02-18 23:17:00+00:00,Launch Successful,,Rocket Lab,Commercial,Electron,,Earth Science,Low Earth Orbit,LEO,Rocket Lab Launch Complex 1B,"Rocket Lab Launch Complex 1, Mahia Peninsula, New Zealand",NZL
4571a6a4-5d5b-4126-ba16-65d4581e7d73,Falcon 9 Block 5 | Starlink Group 10-12,2025-02-18 23:21:50+00:00,Launch Successful,,SpaceX,Commercial,Falcon 9,Falcon,Communications,Low Earth Orbit,LEO,Space Launch Complex 40,"Cape Canaveral SFS, FL, USA",USA
e97293bd-0594-428c-949d-367b5638da1b,Falcon 9 Block 5 | Starlink Group 12-14,2025-02-21 15:19:00+00:00,Launch Successful,,SpaceX,Commercial,Falcon 9,Falcon,Communications,Low Earth Orbit,LEO,Space Launch Complex 40,"Cape Canaveral SFS, FL, USA",USA
fa5bddd9-6b73-4b2d-93ef-b54303ad7d69,Long March 3B/E | ChinaSat 10R,2025-02-22 12:11:00+00:00,Launch Successful,,China Aerospace Science and Technology Corporation,Government,Long March 3B/E,Long March,Communications,Geostationary Transfer Orbit,GTO,Launch Complex 2 (LC-2),"Xichang Satellite Launch Center, People's Republic of China",CHN
2b616a35-e7b7-497b-8cf1-ef26528b99de,Falcon 9 Block 5 | Starlink Group 15-1,2025-02-23 01:38:20+00:00,Launch Successful,,SpaceX,Commercial,Falcon 9,Falcon,Communications,Low Earth Orbit,LEO,Space Launch Complex 4E,"Vandenberg SFB, CA, USA",USA
466c90a9-e52d-4116-b09f-e41284aacab7,New Shepard | NS-30,2025-02-25 15:49:11+00:00,Launch Successful,,Blue Origin,Commercial,New Shepard,,Tourism,Suborbital,Sub,West Texas Suborbital Launch Site/ Corn Ranch,"Corn Ranch, Van Horn, TX, USA",USA
fd0fbaac-d079-4027-98b0-bcf25c15a166,Falcon 9 Block 5 | Nova-C IM-2 & Others,2025-02-27 00:16:30+00:00,Launch Successful,,SpaceX,Commercial,Falcon 9,Falcon,Lunar Exploration,Lunar Orbit,LO,Launch Complex 39A,"Kennedy Space Center, FL, USA",USA
ce4b7780-7875-41c8-9ab1-c731eb5c7623,Falcon 9 Block 5 | Starlink Group 12-13,2025-02-27 03:34:20+00:00,Launch Successful,,SpaceX,Commercial,Falcon 9,Falcon,Communications,Low Earth Orbit,LEO,Space Launch Complex 40,"Cape Canaveral SFS, FL, USA",USA
8a20cf13-f512-4d10-9c00-4dcf46fc81ba,Long March 2C | SuperView Neo 1-03 & 04,2025-02-27 07:08:00+00:00,Launch Successful,,China Aerospace Science and Technology Corporation,Government,Long March 2C,Long March,Earth Science,Sun-Synchronous Orbit,SSO,Launch Area 94 (SLS-2 / 603),"Jiuquan Satellite Launch Center, People's Republic of China",CHN
76cbeca6-325c-40bb-b273-53bbb51c84fe,Soyuz 2.1a | Progress MS-30 (91P),2025-02-27 21:24:27+00:00,Launch Successful,,Russian Federal Space Agency (ROSCOSMOS),Government,Soyuz 2.1a,Soyuz,Resupply,Low Earth Orbit,LEO,31/6,"Baikonur Cosmodrome, Republic of Kazakhstan",KAZ
f640a809-8402-46f9-8787-5ac954a9c17e,Kuaizhou 1A | Unknown Payload,2025-03-01 10:00:00+00:00,Launch Failure,Launch attempt not officially reported; unconfirmed reports of launch vehicle exploded on pad before liftoff.,ExPace,Commercial,Kuaizhou 1A,Kuaizhou,Unknown,Unknown,N/A,Launch Area 95A,"Jiuquan Satellite Launch Center, People's Republic of China",CHN
75d43ce8-6d8d-4e9f-9348-4f51902e63c2,Soyuz 2.1b/Fregat-M | Glonass-K2 No. 14 (Kosmos 2584),2025-03-02 22:22:17+00:00,Launch Successful,,Russian Space Forces,Government,Soyuz 2.1b/Fregat-M,Soyuz,Navigation,Medium Earth Orbit,MEO,43/3 (43L),"Plesetsk Cosmodrome, Russian Federation",RUS
21fa8a9b-d2c6-4434-b510-96afb6ca1dd1,Falcon 9 Block 5 | Starlink Group 12-20,2025-03-03 02:24:00+00:00,Launch Successful,,SpaceX,Commercial,Falcon 9,Falcon,Communications,Low Earth Orbit,LEO,Space Launch Complex 40,"Cape Canaveral SFS, FL, USA",USA
abb6612f-3fc4-4e9c-96ed-71c12f9e9086,Ariane 62 | CSO-3,2025-03-06 16:24:26+00:00,Launch Successful,,Arianespace,Commercial,Ariane 62,Ariane,Government/Top Secret,Sun-Synchronous Orbit,SSO,Ariane Launch Area 4,"Guiana Space Centre, French Guiana",GUF
a2b94add-d1e8-4b1d-9f25-afe7904580d3,Starship | Flight 8,2025-03-06 23:30:00+00:00,Launch Failure,Ship 34 lost 4 out of 6 Raptors at around T+8:00 and entered unrecoverable roll.,SpaceX,Commercial,Starship,Starship,Test Flight,Suborbital,Sub,Orbital Launch Pad 1,"SpaceX Starbase, TX, USA",USA
cb233fad-863c-428a-80b0-4c28d31670c5,Long March 3B/E | TJSW-15,2025-03-09 17:17:00+00:00,Launch Successful,,China Aerospace Science and Technology Corporation,Government,Long March 3B/E,Long March,Government/Top Secret,Geostationary Transfer Orbit,GTO,Launch Complex 3 (LC-3/LA-1),"Xichang Satellite Launch Center, People's Republic of China",CHN
1bb05be3-e862-44e2-8aac-0120a46904de,Long March 8 | SpaceSail Polar Group #5,2025-03-11 16:38:00+00:00,Launch Successful,,China Aerospace Science and Technology Corporation,Government,Long March 8,Long March,Communications,Polar Orbit,PO,Commercial LC-1,"Wenchang Space Launch Site, People's Republic of China",CHN
800351fd-0bfb-4473-a07c-f19161976877,Falcon 9 Block 5 | SPHEREx & PUNCH,2025-03-12 03:10:12+00:00,Launch Successful,,SpaceX,Commercial,Falcon 9,Falcon,Astrophysics,Sun-Synchronous Orbit,SSO,Space Launch Complex 4E,"Vandenberg SFB, CA, USA",USA
f616e759-a083-442d-bd10-328ace929e9b,Falcon 9 Block 5 | Starlink Group 12-21,2025-03-13 02:35:30+00:00,Launch Successful,,SpaceX,Commercial,Falcon 9,Falcon,Communications,Low Earth Orbit,LEO,Space Launch Complex 40,"Cape Canaveral SFS, FL, USA",USA
fb39ac94-5e74-4ee9-afc5-df19c4132b28,Falcon 9 Block 5 | Crew-10,2025-03-14 23:03:48+00:00,Launch Successful,,SpaceX,Commercial,Falcon 9,Falcon,Human Exploration,Low Earth Orbit,LEO,Launch Complex 39A,"Kennedy Space Center, FL, USA",USA
113a85d7-2f1c-4302-a1d5-9b8837ab6a33,Electron | The Lightning God Reigns (iQPS Launch 1),2025-03-15 00:00:00+00:00,Launch Successful,,Rocket Lab,Commercial,Electron,,Earth Science,Low Earth Orbit,LEO,Rocket Lab Launch Complex 1B,"Rocket Lab Launch Complex 1, Mahia Peninsula, New Zealand",NZL
8d6bf950-c580-4fa5-9bf2-a85700dabce3,Long March 2D | SuperView Neo 3-02,2025-03-15 04:11:00+00:00,Launch Successful,,China Aerospace Science and Technology Corporation,Government,Long March 2D,Long March,Earth Science,Sun-Synchronous Orbit,SSO,Launch Area 94 (SLS-2 / 603),"Jiuquan Satellite Launch Center, People's Republic of China",CHN
4c2dfc7b-22f9-4695-8b13-46b7703871fc,Falcon 9 Block 5 | Transporter 13 (Dedicated SSO Rideshare),2025-03-15 06:43:00+00:00,Launch Successful,,SpaceX,Commercial,Falcon 9,Falcon,Dedicated Rideshare,Sun-Synchronous Orbit,SSO,Space Launch Complex 4E,"Vandenberg SFB, CA, USA",USA
721a8641-458c-49ee-8442-2ef5b6fba880,Falcon 9 Block 5 | Starlink Group 12-16,2025-03-15 11:35:10+00:00,Launch Successful,,SpaceX,Commercial,Falcon 9,Falcon,Communications,Low Earth Orbit,LEO,Space Launch Complex 40,"Cape Canaveral SFS, FL, USA",USA
318df8ac-45a8-402b-a164-8bb7032601fd,"Angara 1.2 | 3 x Rodnik (Kosmos 2585, 2586, 2587)",2025-03-16 10:49:26+00:00,Launch Successful,,Russian Space Forces,Government,Angara 1.2,Angara,Government/Top Secret,Low Earth Orbit,LEO,35/1,"Plesetsk Cosmodrome, Russian Federation",RUS
b9fac3ef-050f-4e6d-9688-f493dbe07815,Ceres-1 | 8 satellites,2025-03-17 08:07:00+00:00,Launch Successful,,Galactic Energy,Commercial,Ceres-1,Ceres-1,Earth Science,Sun-Synchronous Orbit,SSO,Launch Area 95A,"Jiuquan Satellite Launch Center, People's Republic of China",CHN
ad025362-828f-448c-855d-bfe53e04cdeb,Electron | High Five (Kinéis 21-25),2025-03-18 01:31:00+00:00,Launch Successful,,Rocket Lab,Commercial,Electron,,Communications,Sun-Synchronous Orbit,SSO,Rocket Lab Launch Complex 1A,"Rocket Lab Launch Complex 1, Mahia Peninsula, New Zealand",NZL
ff04cc6f-981d-4b55-8368-3b8a59c1120e,Falcon 9 Block 5 | Starlink Group 12-25,2025-03-18 19:57:50+00:00,Launch Successful,,SpaceX,Commercial,Falcon 9,Falcon,Communications,Low Earth Orbit,LEO,Space Launch Complex 40,"Cape Canaveral SFS, FL, USA",USA
171bf3b5-9b1c-4bd8-b64c-111257d06131,Falcon 9 Block 5 | NROL-57,2025-03-21 06:49:00+00:00,Launch Successful,,SpaceX,Commercial,Falcon 9,Falcon,Government/Top Secret,Unknown,N/A,Space Launch Complex 4E,"Vandenberg SFB, CA, USA",USA
558c07d5-625d-4b83-b7a0-91d3de5797ae,Ceres-1 | Yunyao-1 43-48,2025-03-21 11:07:00+00:00,Launch Successful,,Galactic Energy,Commercial,Ceres-1,Ceres-1,Earth Science,Sun-Synchronous Orbit,SSO,Launch Area 95A,"Jiuquan Satellite Launch Center, People's Republic of China",CHN
c985cc7c-25ce-4bff-81ba-3b07334dae42,Falcon 9 Block 5 | NROL-69,2025-03-24 17:48:00+00:00,Launch Successful,,SpaceX,Commercial,Falcon 9,Falcon,Government/Top Secret,Unknown,N/A,Space Launch Complex 40,"Cape Canaveral SFS, FL, USA",USA
94b4e77e-ac83-4b4b-8508-0443bd8bdecf,Electron | Finding Hot Wildfires Near You (OroraTech OTC-P1),2025-03-26 15:30:00+00:00,Launch Successful,,Rocket Lab,Commercial,Electron,,Earth Science,Sun-Synchronous Orbit,SSO,Rocket Lab Launch Complex 1B,"Rocket Lab Launch Complex 1, Mahia Peninsula, New Zealand",NZL
60ad9119-12a0-4c07-98eb-2302b7c61010,Long March 3B/E | Tianlian 2-04,2025-03-26 15:55:00+00:00,Launch Successful,,China Aerospace Science and Technology Corporation,Government,Long March 3B/E,Long March,Communications,Geostationary Transfer Orbit,GTO,Launch Complex 2 (LC-2),"Xichang Satellite Launch Center, People's Republic of China",CHN
8bfaa532-18e6-4c40-9800-0714b5651f84,Falcon 9 Block 5 | Starlink Group 11-7,2025-03-26 22:11:40+00:00,Launch Successful,,SpaceX,Commercial,Falcon 9,Falcon,Communications,Low Earth Orbit,LEO,Space Launch Complex 4E,"Vandenberg SFB, CA, USA",USA
fe50e1e8-7829-4031-9812-8782a4859720,Long March 7A | TJSW-16,2025-03-29 16:05:00+00:00,Launch Successful,,China Aerospace Science and Technology Corporation,Government,Long March 7A,Long March,Government/Top Secret,Geostationary Transfer Orbit,GTO,201,"Wenchang Space Launch Site, People's Republic of China",CHN
e652a538-6d40-4b55-97a6-7c757ec4e1e9,Spectrum | Maiden Flight,2025-03-30 10:30:00+00:00,Launch Failure,,Isar Aerospace,Private,Spectrum,,Test Flight,Sun-Synchronous Orbit,SSO,Orbital Launch Pad,Andøya Spaceport,NOR
a0058cfb-c868-44b6-82cb-7f4ed286b272,Falcon 9 Block 5 | Starlink Group 6-80,2025-03-31 19:52:50+00:00,Launch Successful,,SpaceX,Commercial,Falcon 9,Falcon,Communications,Low Earth Orbit,LEO,Space Launch Complex 40,"Cape Canaveral SFS, FL, USA",USA
8ce07863-00fd-4a90-b3e2-d1811a8f4f9d,Falcon 9 Block 5 | Fram2,2025-04-01 01:46:50+00:00,Launch Successful,,SpaceX,Commercial,Falcon 9,Falcon,Human Exploration,Polar Orbit,PO,Launch Complex 39A,"Kennedy Space Center, FL, USA",USA
aa591da9-5a59-4ed3-bfc3-284e67bdacd8,Long March 2D | 4 x SatNet test satellites,2025-04-01 04:00:00+00:00,Launch Successful,,China Aerospace Science and Technology Corporation,Government,Long March 2D,Long March,Communications,Low Earth Orbit,LEO,Launch Area 94 (SLS-2 / 603),"Jiuquan Satellite Launch Center, People's Republic of China",CHN
fd941ac6-a408-49b3-b5be-03fb2313651a,Long March 6 | Tianping-3A-02,2025-04-03 02:12:00+00:00,Launch Successful,,China Aerospace Science and Technology Corporation,Government,Long March 6,Long March,Technology,Low Earth Orbit,LEO,Launch Complex 16,"Taiyuan Satellite Launch Center, People's Republic of China",CHN
ac88db1a-3416-4671-8ae5-be14ea825806,Falcon 9 Block 5 | Starlink Group 11-13,2025-04-04 01:02:50+00:00,Launch Successful,,SpaceX,Commercial,Falcon 9,Falcon,Communications,Low Earth Orbit,LEO,Space Launch Complex 4E,"Vandenberg SFB, CA, USA",USA
c6a16e97-3191-49af-af18-5d2111b2dd26,Falcon 9 Block 5 | Starlink Group 6-72,2025-04-06 03:07:20+00:00,Launch Successful,,SpaceX,Commercial,Falcon 9,Falcon,Communications,Low Earth Orbit,LEO,Space Launch Complex 40,"Cape Canaveral SFS, FL, USA",USA
505662c5-fad1-485c-9e65-b72431443c74,Falcon 9 Block 5 | Starlink Group 11-11,2025-04-07 23:06:10+00:00,Launch Successful,,SpaceX,Commercial,Falcon 9,Falcon,Communications,Low Earth Orbit,LEO,Space Launch Complex 4E,"Vandenberg SFB, CA, USA",USA
a3c9c47e-976e-40a5-8889-30c407131e3a,Soyuz 2.1a | Soyuz MS-27,2025-04-08 05:47:15+00:00,Launch Successful,,Russian Federal Space Agency (ROSCOSMOS),Government,Soyuz 2.1a,Soyuz,Human Exploration,Low Earth Orbit,LEO,31/6,"Baikonur Cosmodrome, Republic of Kazakhstan",KAZ
373addc7-d9b5-40a6-a6c2-e4b7116b21f1,Long March 3B/E | TJSW-17,2025-04-10 16:47:00+00:00,Launch Successful,,China Aerospace Science and Technology Corporation,Government,Long March 3B/E,Long March,Government/Top Secret,Geostationary Transfer Orbit,GTO,Launch Complex 3 (LC-3/LA-1),"Xichang Satellite Launch Center, People's Republic of China",CHN
88675d6b-d504-4aa6-9175-69a8610a40dd,Falcon 9 Block 5 | NROL-192,2025-04-12 12:25:00+00:00,Launch Successful,,SpaceX,Commercial,Falcon 9,Falcon,Government/Top Secret,Unknown,N/A,Space Launch Complex 4E,"Vandenberg SFB, CA, USA",USA
cfe2177c-6ff0-4ccb-95d5-c8be3510ea65,Falcon 9 Block 5 | Starlink Group 12-17,2025-04-13 00:53:30+00:00,Launch Successful,,SpaceX,Commercial,Falcon 9,Falcon,Communications,Low Earth Orbit,LEO,Launch Complex 39A,"Kennedy Space Center, FL, USA",USA
af19169f-5738-42b4-be80-bd583293c58f,Falcon 9 Block 5 | Starlink Group 6-73,2025-04-14 04:00:10+00:00,Launch Successful,,SpaceX,Commercial,Falcon 9,Falcon,Communications,Low Earth Orbit,LEO,Space Launch Complex 40,"Cape Canaveral SFS, FL, USA",USA
08433f85-5ba3-470d-95ed-167e615e9e9a,New Shepard | NS-31,2025-04-14 13:30:00+00:00,Launch Successful,,Blue Origin,Commercial,New Shepard,,Tourism,Suborbital,Sub,West Texas Suborbital Launch Site/ Corn Ranch,"Corn Ranch, Van Horn, TX, USA",USA
18aeb565-fc14-402e-be79-c8b141db209f,Minotaur IV | NROL-174,2025-04-16 19:33:00+00:00,Launch Successful,,Northrop Grumman Space Systems,Commercial,Minotaur IV,Minotaur,Government/Top Secret,Unknown,N/A,Space Launch Complex 8,"Vandenberg SFB, CA, USA",USA
b38ffcec-db3b-4cbf-8ea1-865915a51f45,Long March 6A | Shiyan 27 01-06,2025-04-18 22:51:00+00:00,Launch Successful,,China Aerospace Science and Technology Corporation,Government,Long March 6A,Long March,Government/Top Secret,Sun-Synchronous Orbit,SSO,Launch Complex 9A,"Taiyuan Satellite Launch Center, People's Republic of China",CHN
121ae1a6-dfff-4f31-9111-7841c2f09e86,Falcon 9 Block 5 | NROL-145,2025-04-20 12:29:00+00:00,Launch Successful,,SpaceX,Commercial,Falcon 9,Falcon,Government/Top Secret,Unknown,N/A,Space Launch Complex 4E,"Vandenberg SFB, CA, USA",USA
6f25718d-40d8-4c74-be30-b70674a0dfb3,Falcon 9 Block 5 | Dragon CRS-2 SpX-32,2025-04-21 08:15:45+00:00,Launch Successful,,SpaceX,Commercial,Falcon 9,Falcon,Resupply,Low Earth Orbit,LEO,Launch Complex 39A,"Kennedy Space Center, FL, USA",USA
affb557b-fd5d-4a27-b33e-5e37d03099e8,Falcon 9 Block 5 | Bandwagon 3 (Dedicated Mid-Inclination Rideshare),2025-04-22 00:48:34+00:00,Launch Successful,,SpaceX,Commercial,Falcon 9,Falcon,Dedicated Rideshare,Low Earth Orbit,LEO,Space Launch Complex 40,"Cape Canaveral SFS, FL, USA",USA
a164daf8-31df-4d34-bf67-5ec41b3a9f9b,Long March 2F/G | Shenzhou 20,2025-04-24 09:17:31+00:00,Launch Successful,,China Aerospace Science and Technology Corporation,Government,Long March 2F/G,Long March,Human Exploration,Low Earth Orbit,LEO,Launch Area 91 (SLS-1 / 921),"Jiuquan Satellite Launch Center, People's Republic of China",CHN
a4f7594c-1391-4cfe-9c2b-f3abc59c3eca,Falcon 9 Block 5 | Starlink Group 6-74,2025-04-25 01:52:40+00:00,Launch Successful,,SpaceX,Commercial,Falcon 9,Falcon,Communications,Low Earth Orbit,LEO,Space Launch Complex 40,"Cape Canaveral SFS, FL, USA",USA
361bd92a-4f69-42f4-b2e4-c5c76b61c030,Long March 3B/E | Tianlian 2-05,2025-04-27 15:54:00+00:00,Launch Successful,,China Aerospace Science and Technology Corporation,Government,Long March 3B/E,Long March,Communications,Geostationary Transfer Orbit,GTO,Launch Complex 2 (LC-2),"Xichang Satellite Launch Center, People's Republic of China",CHN
8bfe9ea6-71b9-4642-be1c-c87c098e480b,Falcon 9 Block 5 | Starlink Group 12-23,2025-04-28 02:09:40+00:00,Launch Successful,,SpaceX,Commercial,Falcon 9,Falcon,Communications,Low Earth Orbit,LEO,Space Launch Complex 40,"Cape Canaveral SFS, FL, USA",USA
eba3b1ed-3b47-4f45-9719-168f6470d8b6,Long March 5B/YZ-2 | SatNet LEO Group 03,2025-04-28 20:10:00+00:00,Launch Successful,,China Aerospace Science and Technology Corporation,Government,Long March 5B/YZ-2,Long March,Communications,Polar Orbit,PO,101,"Wenchang Space Launch Site, People's Republic of China",CHN
b1605acf-4f76-4c80-9d3c-6d856dbd8a76,Falcon 9 Block 5 | Starlink Group 11-9,2025-04-28 20:42:30+00:00,Launch Successful,,SpaceX,Commercial,Falcon 9,Falcon,Communications,Low Earth Orbit,LEO,Space Launch Complex 4E,"Vandenberg SFB, CA, USA",USA
fac9159b-5960-464b-bc04-9879d30bb3cd,Atlas V 551 | Amazon Leo (KA-01),2025-04-28 23:01:00+00:00,Launch Successful,,United Launch Alliance,Commercial,Atlas V 551,Atlas,Communications,Low Earth Orbit,LEO,Space Launch Complex 41,"Cape Canaveral SFS, FL, USA",USA
306fbca9-d41b-44fa-b6aa-f14a7e3b887d,Falcon 9 Block 5 | Starlink Group 12-10,2025-04-29 02:34:10+00:00,Launch Successful,,SpaceX,Commercial,Falcon 9,Falcon,Communications,Low Earth Orbit,LEO,Launch Complex 39A,"Kennedy Space Center, FL, USA",USA
ccbd07da-d3c7-4b22-a5ee-cb190f6e06b0,Vega-C | Biomass,2025-04-29 09:15:52+00:00,Launch Successful,,Arianespace,Commercial,Vega-C,Vega,Earth Science,Sun-Synchronous Orbit,SSO,Ariane Launch Area 1 (ELV),"Guiana Space Centre, French Guiana",GUF
d6dd6900-332e-4e9e-89b8-dfa4ba285822,Firefly Alpha | FLTA006 (Message in a Booster),2025-04-29 13:37:00+00:00,Launch Failure,"Problem during stage separation and second stage ignition caused disintegration of the separated 1st stage and the loss of the Lightning engine nozzle extension on the 2nd stage, substantially reducing the engine’s thrust. 2nd stage reached 320 km in altitude but did not reach orbital velocity, eventually impacted the Pacific Ocean north of Antarctica.",Firefly Aerospace,Commercial,Firefly Alpha,Firefly Alpha,Technology,Low Earth Orbit,LEO,Space Launch Complex 2W,"Vandenberg SFB, CA, USA",USA
1a105ccb-e59f-48e8-b853-c424bd8cc699,Falcon 9 Block 5 | Starlink Group 6-75,2025-05-02 01:51:10+00:00,Launch Successful,,SpaceX,Commercial,Falcon 9,Falcon,Communications,Low Earth Orbit,LEO,Space Launch Complex 40,"Cape Canaveral SFS, FL, USA",USA
8ffb4866-43c9-46c1-aaac-05bd37891b0a,Falcon 9 Block 5 | Starlink Group 6-84,2025-05-04 08:54:40+00:00,Launch Successful,,SpaceX,Commercial,Falcon 9,Falcon,Communications,Low Earth Orbit,LEO,Launch Complex 39A,"Kennedy Space Center, FL, USA",USA
d5e8b971-0138-42d7-a6ba-7d43bf529d5e,Falcon 9 Block 5 | Starlink Group 6-93,2025-05-07 01:17:20+00:00,Launch Successful,,SpaceX,Commercial,Falcon 9,Falcon,Communications,Low Earth Orbit,LEO,Space Launch Complex 40,"Cape Canaveral SFS, FL, USA",USA
7b685ef7-f610-413f-bd4a-cc58aed97be2,Falcon 9 Block 5 | Starlink Group 15-3,2025-05-10 00:19:50+00:00,Launch Successful,,SpaceX,Commercial,Falcon 9,Falcon,Communications,Low Earth Orbit,LEO,Space Launch Complex 4E,"Vandenberg SFB, CA, USA",USA
ebed9e27-bbd3-4c9c-a254-100ef978dd85,Falcon 9 Block 5 | Starlink Group 6-91,2025-05-10 06:28:00+00:00,Launch Successful,,SpaceX,Commercial,Falcon 9,Falcon,Communications,Low Earth Orbit,LEO,Space Launch Complex 40,"Cape Canaveral SFS, FL, USA",USA
3840ded6-17a8-46f8-89dd-4cf0613726a5,Long March 6A | Yaogan 40 Group 02,2025-05-11 13:27:00+00:00,Launch Successful,,China Aerospace Science and Technology Corporation,Government,Long March 6A,Long March,Government/Top Secret,Polar Orbit,PO,Launch Complex 9A,"Taiyuan Satellite Launch Center, People's Republic of China",CHN
d177aef3-da3a-4b86-8c88-ab6de684eeb4,Long March 3C/E | TJSW-19,2025-05-12 18:09:00+00:00,Launch Successful,,China Aerospace Science and Technology Corporation,Government,Long March 3C/E,Long March,Government/Top Secret,Geostationary Transfer Orbit,GTO,Launch Complex 3 (LC-3/LA-1),"Xichang Satellite Launch Center, People's Republic of China",CHN
0ab25471-b026-4252-93ab-89d91c1a7f4d,Falcon 9 Block 5 | Starlink Group 15-4,2025-05-13 01:15:10+00:00,Launch Successful,,SpaceX,Commercial,Falcon 9,Falcon,Communications,Low Earth Orbit,LEO,Space Launch Complex 4E,"Vandenberg SFB, CA, USA",USA
1166593d-ea03-42eb-b44d-80d7bd09c39a,Falcon 9 Block 5 | Starlink Group 6-83,2025-05-13 05:02:20+00:00,Launch Successful,,SpaceX,Commercial,Falcon 9,Falcon,Communications,Low Earth Orbit,LEO,Launch Complex 39A,"Kennedy Space Center, FL, USA",USA
25c80fb0-4eba-4624-8163-9e5ace26bd19,Long March 2D | Space Computing Constellation,2025-05-14 04:12:00+00:00,Launch Successful,,China Aerospace Science and Technology Corporation,Government,Long March 2D,Long March,Technology,Sun-Synchronous Orbit,SSO,Launch Area 94 (SLS-2 / 603),"Jiuquan Satellite Launch Center, People's Republic of China",CHN
05eef4ad-acc0-490d-822e-ce1c98f37c11,Falcon 9 Block 5 | Starlink Group 6-67,2025-05-14 16:38:50+00:00,Launch Successful,,SpaceX,Commercial,Falcon 9,Falcon,Communications,Low Earth Orbit,LEO,Space Launch Complex 40,"Cape Canaveral SFS, FL, USA",USA
17b4ef9c-7ee9-4a2a-a57e-dd973ecf573b,Falcon 9 Block 5 | Starlink Group 15-5,2025-05-16 13:43:50+00:00,Launch Successful,,SpaceX,Commercial,Falcon 9,Falcon,Communications,Low Earth Orbit,LEO,Space Launch Complex 4E,"Vandenberg SFB, CA, USA",USA
35cd0984-b80f-4bc9-9d7a-ead47a40bccd,Zhuque-2E | 6 satellites,2025-05-17 04:12:00+00:00,Launch Successful,,LandSpace,Commercial,Zhuque-2E,Zhuque,Technology,Sun-Synchronous Orbit,SSO,Launch Area 96A,"Jiuquan Satellite Launch Center, People's Republic of China",CHN
a150bf95-0152-410d-9657-423608ddfab4,Electron | The Sea God Sees (iQPS Launch 2),2025-05-17 08:17:00+00:00,Launch Successful,,Rocket Lab,Commercial,Electron,,Earth Science,Low Earth Orbit,LEO,Rocket Lab Launch Complex 1A,"Rocket Lab Launch Complex 1, Mahia Peninsula, New Zealand",NZL
e6d98870-9a89-4cca-bbd1-511eed4bf2ce,PSLV-XL | EOS-09 (RISAT-1B),2025-05-18 00:29:00+00:00,Launch Failure,3rd stage failure during burn.,Indian Space Research Organization,Government,PSLV-XL,PSLV,Government/Top Secret,Sun-Synchronous Orbit,SSO,Satish Dhawan Space Centre First Launch Pad,"Satish Dhawan Space Centre, India",IND
0a8bf8c3-9f75-4fe9-a13d-9419eb09f432,Ceres-1S | Tianqi 16-18 & 20,2025-05-19 07:38:00+00:00,Launch Successful,,Galactic Energy,Commercial,Ceres-1S,Ceres-1,Communications,Low Earth Orbit,LEO,Rizhao offshore launch location,Haiyang Oriental Spaceport,CHN
59831598-6413-41fb-ae61-ad731c05dc4f,Long March 7A | ChinaSat 3B,2025-05-20 11:50:00+00:00,Launch Successful,,China Aerospace Science and Technology Corporation,Government,Long March 7A,Long March,Communications,Geostationary Transfer Orbit,GTO,201,"Wenchang Space Launch Site, People's Republic of China",CHN
38782ad8-6826-4594-bcca-ddcee8ff25e4,Falcon 9 Block 5 | Starlink Group 12-15,2025-05-21 03:19:10+00:00,Launch Successful,,SpaceX,Commercial,Falcon 9,Falcon,Communications,Low Earth Orbit,LEO,Space Launch Complex 40,"Cape Canaveral SFS, FL, USA",USA
82cbee8b-4a94-4bff-a444-328b8db4da78,Kinetica 1 | 6 satellites,2025-05-21 04:05:00+00:00,Launch Successful,,CAS Space,Commercial,Kinetica 1,,Earth Science,Sun-Synchronous Orbit,SSO,Launch Area 130,"Jiuquan Satellite Launch Center, People's Republic of China",CHN
b8eec19b-3974-4468-a15a-180e5af5071a,Soyuz 2.1b/Fregat-M | Kosmos 2588,2025-05-23 08:36:00+00:00,Launch Successful,,Russian Space Forces,Government,Soyuz 2.1b/Fregat-M,Soyuz,Government/Top Secret,Low Earth Orbit,LEO,43/4 (43R),"Plesetsk Cosmodrome, Russian Federation",RUS
b37179f7-1d22-4398-bd58-1d50d9d58344,Falcon 9 Block 5 | Starlink Group 11-16,2025-05-23 22:32:20+00:00,Launch Successful,,SpaceX,Commercial,Falcon 9,Falcon,Communications,Low Earth Orbit,LEO,Space Launch Complex 4E,"Vandenberg SFB, CA, USA",USA
2f3402d8-998f-4659-a5f6-ced132098d2f,Falcon 9 Block 5 | Starlink Group 12-22,2025-05-24 17:19:10+00:00,Launch Successful,,SpaceX,Commercial,Falcon 9,Falcon,Communications,Low Earth Orbit,LEO,Space Launch Complex 40,"Cape Canaveral SFS, FL, USA",USA
02e56635-63a6-4abc-9f27-1e30f23bc7e1,Falcon 9 Block 5 | Starlink Group 17-1,2025-05-27 16:57:15+00:00,Launch Successful,,SpaceX,Commercial,Falcon 9,Falcon,Communications,Low Earth Orbit,LEO,Space Launch Complex 4E,"Vandenberg SFB, CA, USA",USA
ef9b458b-bebf-4eb6-b970-8d77998616f3,Starship | Flight 9,2025-05-27 23:36:00+00:00,Launch Failure,,SpaceX,Commercial,Starship,Starship,Test Flight,Suborbital,Sub,Orbital Launch Pad 1,"SpaceX Starbase, TX, USA",USA
1c2d7f7c-20d1-4764-8be5-f5e651e6724e,Falcon 9 Block 5 | Starlink Group 10-32,2025-05-28 13:30:00+00:00,Launch Successful,,SpaceX,Commercial,Falcon 9,Falcon,Communications,Low Earth Orbit,LEO,Launch Complex 39A,"Kennedy Space Center, FL, USA",USA
66be38aa-d9d9-4b71-8522-45e06677b2e0,Long March 3B/E | Tianwen-2,2025-05-28 17:31:00+00:00,Launch Successful,,China Aerospace Science and Technology Corporation,Government,Long March 3B/E,Long March,Planetary Science,Asteroid,Asteroid,Launch Complex 2 (LC-2),"Xichang Satellite Launch Center, People's Republic of China",CHN
1e034f32-7384-4dd8-ba07-fe284fd8519e,Long March 4B | Shijian 26,2025-05-29 04:12:00+00:00,Launch Successful,,China Aerospace Science and Technology Corporation,Government,Long March 4B,Long March,Government/Top Secret,Sun-Synchronous Orbit,SSO,Launch Area 94 (SLS-2 / 603),"Jiuquan Satellite Launch Center, People's Republic of China",CHN
7abd2e55-aee8-42f5-8eb2-b44dfda45708,Falcon 9 Block 5 | GPS III SV08,2025-05-30 17:37:59+00:00,Launch Successful,,SpaceX,Commercial,Falcon 9,Falcon,Navigation,Medium Earth Orbit,MEO,Space Launch Complex 40,"Cape Canaveral SFS, FL, USA",USA
e5969a95-6498-42ff-835f-e685ec75791b,New Shepard | NS-32,2025-05-31 13:39:11+00:00,Launch Successful,,Blue Origin,Commercial,New Shepard,,Tourism,Suborbital,Sub,West Texas Suborbital Launch Site/ Corn Ranch,"Corn Ranch, Van Horn, TX, USA",USA
53264b64-3f01-4745-a900-f5596c0e4ef8,Falcon 9 Block 5 | Starlink Group 11-18,2025-05-31 20:10:00+00:00,Launch Successful,,SpaceX,Commercial,Falcon 9,Falcon,Communications,Low Earth Orbit,LEO,Space Launch Complex 4E,"Vandenberg SFB, CA, USA",USA
96f437cb-83c1-414b-8e32-d0e1bd6c265b,Electron | Full Stream Ahead (BlackSky Gen-3 2),2025-06-02 23:57:00+00:00,Launch Successful,,Rocket Lab,Commercial,Electron,,Earth Science,Low Earth Orbit,LEO,Rocket Lab Launch Complex 1B,"Rocket Lab Launch Complex 1, Mahia Peninsula, New Zealand",NZL
0c4546c7-80f2-4a0b-8580-f9f62767e326,Falcon 9 Block 5 | Starlink Group 12-19,2025-06-03 04:43:40+00:00,Launch Successful,,SpaceX,Commercial,Falcon 9,Falcon,Communications,Low Earth Orbit,LEO,Space Launch Complex 40,"Cape Canaveral SFS, FL, USA",USA
93f37c4a-f5d5-4c5d-b21a-a618c8540918,Falcon 9 Block 5 | Starlink Group 11-22,2025-06-04 23:40:30+00:00,Launch Successful,,SpaceX,Commercial,Falcon 9,Falcon,Communications,Low Earth Orbit,LEO,Space Launch Complex 4E,"Vandenberg SFB, CA, USA",USA
b93d5dbe-f3c1-4845-8716-fbf43d1dfd66,Long March 6A | SatNet LEO Group 04,2025-06-05 20:45:00+00:00,Launch Successful,,China Aerospace Science and Technology Corporation,Government,Long March 6A,Long March,Communications,Polar Orbit,PO,Launch Complex 9A,"Taiyuan Satellite Launch Center, People's Republic of China",CHN
b3f7dd08-1e48-498c-8fcb-193b8d54ed6b,Falcon 9 Block 5 | Sirius SXM-10,2025-06-07 04:54:00+00:00,Launch Successful,,SpaceX,Commercial,Falcon 9,Falcon,Communications,Geostationary Transfer Orbit,GTO,Space Launch Complex 40,"Cape Canaveral SFS, FL, USA",USA
fb36a6be-e8e1-4bb9-9833-7cf98aa91d78,Falcon 9 Block 5 | Starlink Group 15-8,2025-06-08 14:20:10+00:00,Launch Successful,,SpaceX,Commercial,Falcon 9,Falcon,Communications,Low Earth Orbit,LEO,Space Launch Complex 4E,"Vandenberg SFB, CA, USA",USA
e084e9ae-5d37-4c4c-b6a9-1bc6047086f3,Falcon 9 Block 5 | Starlink Group 12-24,2025-06-10 13:05:40+00:00,Launch Successful,,SpaceX,Commercial,Falcon 9,Falcon,Communications,Low Earth Orbit,LEO,Space Launch Complex 40,"Cape Canaveral SFS, FL, USA",USA
0a4ae6ce-07ef-4e48-9b4d-0bf4e1182134,Electron | The Mountain God Guards (iQPS Launch 3),2025-06-11 15:31:00+00:00,Launch Successful,,Rocket Lab,Commercial,Electron,,Earth Science,Low Earth Orbit,LEO,Rocket Lab Launch Complex 1A,"Rocket Lab Launch Complex 1, Mahia Peninsula, New Zealand",NZL
20f57212-6c6c-45c9-ba80-b4f90a470c7c,Falcon 9 Block 5 | Starlink Group 15-6,2025-06-13 01:54:50+00:00,Launch Successful,,SpaceX,Commercial,Falcon 9,Falcon,Communications,Low Earth Orbit,LEO,Space Launch Complex 4E,"Vandenberg SFB, CA, USA",USA
f52bce97-24cc-4ee5-9140-480c68bd65cf,Falcon 9 Block 5 | Starlink Group 12-26,2025-06-13 15:29:00+00:00,Launch Successful,,SpaceX,Commercial,Falcon 9,Falcon,Communications,Low Earth Orbit,LEO,Space Launch Complex 40,"Cape Canaveral SFS, FL, USA",USA
bb2d58b8-c5da-4cdb-9cd2-a646c1f62591,Long March 2D | Zhangheng-1-02,2025-06-14 07:56:00+00:00,Launch Successful,,China Aerospace Science and Technology Corporation,Government,Long March 2D,Long March,Earth Science,Sun-Synchronous Orbit,SSO,Launch Area 94 (SLS-2 / 603),"Jiuquan Satellite Launch Center, People's Republic of China",CHN
b9c7d6a5-49cc-4ce2-b1ef-1a4f3d049658,Falcon 9 Block 5 | Starlink Group 15-9,2025-06-17 03:36:50+00:00,Launch Successful,,SpaceX,Commercial,Falcon 9,Falcon,Communications,Low Earth Orbit,LEO,Space Launch Complex 4E,"Vandenberg SFB, CA, USA",USA
35c0c65c-3077-45e8-a374-790f7d202ccb,Falcon 9 Block 5 | Starlink Group 10-18,2025-06-18 05:55:10+00:00,Launch Successful,,SpaceX,Commercial,Falcon 9,Falcon,Communications,Low Earth Orbit,LEO,Space Launch Complex 40,"Cape Canaveral SFS, FL, USA",USA
4e6e74a5-6ffb-4dc3-8f39-90545067bf12,Angara A5/Briz-M | Kosmos 2589 & 2590,2025-06-19 03:01:20+00:00,Launch Successful,,Russian Space Forces,Government,Angara A5/Briz-M,Angara,Government/Top Secret,Supersynchronous Transfer Orbit,Super-GTO,35/1,"Plesetsk Cosmodrome, Russian Federation",RUS
7339173c-ff5d-4cd1-bd08-ed92f8362745,Long March 3B/E | ChinaSat 9C,2025-06-20 12:37:00+00:00,Launch Successful,,China Aerospace Science and Technology Corporation,Government,Long March 3B/E,Long March,Communications,Geostationary Transfer Orbit,GTO,Launch Complex 2 (LC-2),"Xichang Satellite Launch Center, People's Republic of China",CHN
f78364d9-3c60-4c72-a410-84a499233db0,Falcon 9 Block 5 | Starlink Group 10-23,2025-06-23 05:58:30+00:00,Launch Successful,,SpaceX,Commercial,Falcon 9,Falcon,Communications,Low Earth Orbit,LEO,Space Launch Complex 40,"Cape Canaveral SFS, FL, USA",USA
9d90b9bc-9c62-4618-8514-6f835b4a2030,Atlas V 551 | Amazon Leo (KA-02),2025-06-23 10:54:30+00:00,Launch Successful,,United Launch Alliance,Commercial,Atlas V 551,Atlas,Communications,Low Earth Orbit,LEO,Space Launch Complex 41,"Cape Canaveral SFS, FL, USA",USA
0d3c2ff0-3b31-4066-8b33-5759b6866c39,Falcon 9 Block 5 | Transporter 14 (Dedicated SSO Rideshare),2025-06-23 21:25:30+00:00,Launch Successful,,SpaceX,Commercial,Falcon 9,Falcon,Dedicated Rideshare,Sun-Synchronous Orbit,SSO,Space Launch Complex 4E,"Vandenberg SFB, CA, USA",USA
0805af04-c2ea-4750-9eb4-f24f89eeb5d6,Falcon 9 Block 5 | Axiom Space Mission 4,2025-06-25 06:31:52+00:00,Launch Successful,,SpaceX,Commercial,Falcon 9,Falcon,Tourism,Low Earth Orbit,LEO,Launch Complex 39A,"Kennedy Space Center, FL, USA",USA
bf1ba689-89cb-4ca5-9a10-2187cbec279b,Falcon 9 Block 5 | Starlink Group 10-16,2025-06-25 19:54:50+00:00,Launch Successful,,SpaceX,Commercial,Falcon 9,Falcon,Communications,Low Earth Orbit,LEO,Space Launch Complex 40,"Cape Canaveral SFS, FL, USA",USA
140dd3f9-da40-4558-878f-a84246d76151,Electron | Get The Hawk Outta Here (4x HawkEye 360),2025-06-26 17:28:00+00:00,Launch Successful,,Rocket Lab,Commercial,Electron,,Earth Science,Low Earth Orbit,LEO,Rocket Lab Launch Complex 1A,"Rocket Lab Launch Complex 1, Mahia Peninsula, New Zealand",NZL
6eec6708-ec59-4e83-94a9-3f861594bb0e,Falcon 9 Block 5 | Starlink Group 10-34,2025-06-28 04:26:00+00:00,Launch Successful,,SpaceX,Commercial,Falcon 9,Falcon,Communications,Low Earth Orbit,LEO,Space Launch Complex 40,"Cape Canaveral SFS, FL, USA",USA
0f16b696-d248-4096-9be7-953802c569b2,Electron | Symphony In The Stars (EchoStar Lyra-4),2025-06-28 07:08:00+00:00,Launch Successful,,Rocket Lab,Commercial,Electron,,Communications,Sun-Synchronous Orbit,SSO,Rocket Lab Launch Complex 1B,"Rocket Lab Launch Complex 1, Mahia Peninsula, New Zealand",NZL
87d3fde4-e6f6-4e8b-bc9a-d5c28915acb3,H-IIA 202 | GOSAT-GW (Ibuki GW),2025-06-28 16:33:03+00:00,Launch Successful,,Japan Aerospace Exploration Agency,Government,H-IIA,H-II,Earth Science,Sun-Synchronous Orbit,SSO,Yoshinobu Launch Complex LP-1,"Tanegashima Space Center, Japan",JPN
903b888d-7633-4104-9db3-ed3e5263759c,Falcon 9 Block 5 | Starlink Group 15-7,2025-06-28 17:13:00+00:00,Launch Successful,,SpaceX,Commercial,Falcon 9,Falcon,Communications,Low Earth Orbit,LEO,Space Launch Complex 4E,"Vandenberg SFB, CA, USA",USA
b6283d07-cfec-41fb-a27d-ade407b46393,New Shepard | NS-33,2025-06-29 14:39:56+00:00,Launch Successful,,Blue Origin,Commercial,New Shepard,,Tourism,Suborbital,Sub,West Texas Suborbital Launch Site/ Corn Ranch,"Corn Ranch, Van Horn, TX, USA",USA
a6317760-1c15-4064-8b1f-fc3f68882a77,Falcon 9 Block 5 | MTG-S1,2025-07-01 21:04:00+00:00,Launch Successful,,SpaceX,Commercial,Falcon 9,Falcon,Earth Science,Geostationary Transfer Orbit,GTO,Launch Complex 39A,"Kennedy Space Center, FL, USA",USA
17500639-e28a-429b-a8cb-02c3f47b3379,Falcon 9 Block 5 | Starlink Group 10-25,2025-07-02 06:28:10+00:00,Launch Successful,,SpaceX,Commercial,Falcon 9,Falcon,Communications,Low Earth Orbit,LEO,Space Launch Complex 40,"Cape Canaveral SFS, FL, USA",USA
0ab496a8-c2e1-455f-b88c-f2ec5eecb825,Long March 4C | Shiyan 28 B-01,2025-07-03 09:35:00+00:00,Launch Successful,,China Aerospace Science and Technology Corporation,Government,Long March 4C,Long March,Government/Top Secret,Low Earth Orbit,LEO,Launch Complex 3 (LC-3/LA-1),"Xichang Satellite Launch Center, People's Republic of China",CHN
dc076ce3-bff6-434d-bfce-8eaaa9800067,Soyuz 2.1a | Progress MS-31 (92P),2025-07-03 19:32:40+00:00,Launch Successful,,Russian Federal Space Agency (ROSCOSMOS),Government,Soyuz 2.1a,Soyuz,Resupply,Low Earth Orbit,LEO,31/6,"Baikonur Cosmodrome, Republic of Kazakhstan",KAZ
017fa05c-4225-44f1-81f4-94a559547238,Falcon 9 Block 5 | Starlink Group 10-28,2025-07-08 08:21:00+00:00,Launch Successful,,SpaceX,Commercial,Falcon 9,Falcon,Communications,Low Earth Orbit,LEO,Space Launch Complex 40,"Cape Canaveral SFS, FL, USA",USA
d54113f9-985e-4e40-a7e7-dbeb07b85b44,Falcon 9 Block 5 | Dror-1,2025-07-13 05:04:00+00:00,Launch Successful,,SpaceX,Commercial,Falcon 9,Falcon,Communications,Geostationary Transfer Orbit,GTO,Space Launch Complex 40,"Cape Canaveral SFS, FL, USA",USA
5c133377-be3c-41f1-ac6a-c24668d78bc3,Long March 7 | Tianzhou-9,2025-07-14 21:34:23+00:00,Launch Successful,,China Aerospace Science and Technology Corporation,Government,Long March 7,Long March,Resupply,Low Earth Orbit,LEO,201,"Wenchang Space Launch Site, People's Republic of China",CHN
8a06f398-67af-409e-9fac-8de4ef3a42c4,Falcon 9 Block 5 | Starlink Group 15-2,2025-07-16 02:05:20+00:00,Launch Successful,,SpaceX,Commercial,Falcon 9,Falcon,Communications,Low Earth Orbit,LEO,Space Launch Complex 4E,"Vandenberg SFB, CA, USA",USA
fa8460de-5bbc-42fe-8702-47bf5dde5442,Falcon 9 Block 5 | Amazon Leo (KF-01),2025-07-16 06:30:00+00:00,Launch Successful,,SpaceX,Commercial,Falcon 9,Falcon,Communications,Low Earth Orbit,LEO,Space Launch Complex 40,"Cape Canaveral SFS, FL, USA",USA
9f1f16e9-909b-494e-bed7-e44ec3ec66d9,Falcon 9 Block 5 | Starlink Group 17-3,2025-07-19 03:52:59+00:00,Launch Successful,,SpaceX,Commercial,Falcon 9,Falcon,Communications,Low Earth Orbit,LEO,Space Launch Complex 4E,"Vandenberg SFB, CA, USA",USA
5221eb56-ccb1-498c-a757-89e34cc099d7,Falcon 9 Block 5 | O3b mPower 9-10,2025-07-22 21:12:00+00:00,Launch Successful,,SpaceX,Commercial,Falcon 9,Falcon,Communications,Medium Earth Orbit,MEO,Space Launch Complex 40,"Cape Canaveral SFS, FL, USA",USA
c1dc33ba-c9cc-4c1d-ad9f-120096f60be3,Falcon 9 Block 5 | TRACERS,2025-07-23 18:13:00+00:00,Launch Successful,,SpaceX,Commercial,Falcon 9,Falcon,Heliophysics,Sun-Synchronous Orbit,SSO,Space Launch Complex 4E,"Vandenberg SFB, CA, USA",USA
2ae6c1b3-e234-419f-ae71-a7d5410d9303,Soyuz 2.1b/Fregat-M | Ionosfera-M 3 & 4,2025-07-25 05:54:04+00:00,Launch Successful,,Russian Federal Space Agency (ROSCOSMOS),Government,Soyuz 2.1b/Fregat-M,Soyuz,Earth Science,Sun-Synchronous Orbit,SSO,Cosmodrome Site 1S,"Vostochny Cosmodrome, Siberia, Russian Federation",RUS
a2a87bed-7e8c-4680-a282-045c4ffe9917,Vega-C | CO3D & MicroCarb,2025-07-26 02:03:48+00:00,Launch Successful,,Arianespace,Commercial,Vega-C,Vega,Earth Science,Sun-Synchronous Orbit,SSO,Ariane Launch Area 1 (ELV),"Guiana Space Centre, French Guiana",GUF
d4eba3cb-9474-41f9-9618-a90d1c0b7025,Falcon 9 Block 5 | Starlink Group 10-26,2025-07-26 09:01:40+00:00,Launch Successful,,SpaceX,Commercial,Falcon 9,Falcon,Communications,Low Earth Orbit,LEO,Space Launch Complex 40,"Cape Canaveral SFS, FL, USA",USA
a483028f-2dda-447b-bacd-bcb534903074,Falcon 9 Block 5 | Starlink Group 17-2,2025-07-27 04:31:09+00:00,Launch Successful,,SpaceX,Commercial,Falcon 9,Falcon,Communications,Low Earth Orbit,LEO,Space Launch Complex 4E,"Vandenberg SFB, CA, USA",USA
9910084c-8155-46bd-9a5c-ce9ed8632265,Long March 6A | SatNet LEO Group 05,2025-07-27 10:03:00+00:00,Launch Successful,,China Aerospace Science and Technology Corporation,Government,Long March 6A,Long March,Communications,Polar Orbit,PO,Launch Complex 9A,"Taiyuan Satellite Launch Center, People's Republic of China",CHN
c46b51f7-e36e-44a6-b9ec-f4e6e0e1a8ee,Hyperbola-1 | Kunpeng-03,2025-07-29 04:11:00+00:00,Launch Successful,,i-Space,Commercial,Hyperbola-1,,Earth Science,Sun-Synchronous Orbit,SSO,Launch Area 95A,"Jiuquan Satellite Launch Center, People's Republic of China",CHN
5792dbed-ea1a-4095-9c74-6d6de99b9827,Eris-1 | Maiden Flight,2025-07-29 22:35:00+00:00,Launch Failure,"Rocket never developed sufficient thrust, ascended for about 50 meters before flying sideways and fall back near the pad.",Gilmour Space Technologies,Private,Eris-1,Eris,Test Flight,Low Earth Orbit,LEO,Eris Pad,Bowen Orbital Spaceport,AUS
760cea4c-78f9-4b98-83a5-231fc098c5ab,Falcon 9 Block 5 | Starlink Group 10-29,2025-07-30 03:37:50+00:00,Launch Successful,,SpaceX,Commercial,Falcon 9,Falcon,Communications,Low Earth Orbit,LEO,Space Launch Complex 40,"Cape Canaveral SFS, FL, USA",USA
87347db1-de71-4c66-803c-7f602649e56c,Long March 8A | SatNet LEO Group 06,2025-07-30 07:49:00+00:00,Launch Successful,,China Aerospace Science and Technology Corporation,Government,Long March 8A,Long March,Communications,Low Earth Orbit,LEO,Commercial LC-1,"Wenchang Space Launch Site, People's Republic of China",CHN
3e852c36-4179-4c45-a2b1-9252e639372f,GSLV Mk II | NISAR (NASA-ISRO Synthetic Aperture Radar),2025-07-30 12:10:00+00:00,Launch Successful,,Indian Space Research Organization,Government,GSLV Mk II,GSLV,Earth Science,Sun-Synchronous Orbit,SSO,Satish Dhawan Space Centre Second Launch Pad,"Satish Dhawan Space Centre, India",IND
38bc8d93-0d40-4c1a-a127-63578ea409f5,Kuaizhou 1A | PRSC-S1,2025-07-31 02:00:00+00:00,Launch Successful,,ExPace,Commercial,Kuaizhou 1A,Kuaizhou,Earth Science,Low Earth Orbit,LEO,Mobile Launcher Pad,"Xichang Satellite Launch Center, People's Republic of China",CHN
77260245-22c9-4a05-8df6-af7441206c83,Falcon 9 Block 5 | Starlink Group 13-4,2025-07-31 18:35:09+00:00,Launch Successful,,SpaceX,Commercial,Falcon 9,Falcon,Communications,Low Earth Orbit,LEO,Space Launch Complex 4E,"Vandenberg SFB, CA, USA",USA
88b4b179-c4ed-4bd1-868d-ced568a2342a,Falcon 9 Block 5 | Crew-11,2025-08-01 15:43:42+00:00,Launch Successful,,SpaceX,Commercial,Falcon 9,Falcon,Human Exploration,Low Earth Orbit,LEO,Launch Complex 39A,"Kennedy Space Center, FL, USA",USA
04459d6c-8ba5-4d38-99ba-23a8b3067116,New Shepard | NS-34,2025-08-03 12:42:16+00:00,Launch Successful,,Blue Origin,Commercial,New Shepard,,Tourism,Suborbital,Sub,West Texas Suborbital Launch Site/ Corn Ranch,"Corn Ranch, Van Horn, TX, USA",USA
ebaf6c77-6f86-4d54-bf4e-137d0dc2c235,Falcon 9 Block 5 | Starlink Group 10-30,2025-08-04 07:57:50+00:00,Launch Successful,,SpaceX,Commercial,Falcon 9,Falcon,Communications,Low Earth Orbit,LEO,Space Launch Complex 40,"Cape Canaveral SFS, FL, USA",USA
82aef7fd-9664-4e94-970c-5e99eff1b331,Long March 12 | SatNet LEO Group 07,2025-08-04 10:21:00+00:00,Launch Successful,,China Aerospace Science and Technology Corporation,Government,Long March 12,Long March,Communications,Low Earth Orbit,LEO,Commercial LC-2,"Wenchang Space Launch Site, People's Republic of China",CHN
fc69c107-b0ad-47e9-8973-9de75a7c6b6d,Electron | The Harvest Goddess Thrives (iQPS Launch 4),2025-08-05 04:10:00+00:00,Launch Successful,,Rocket Lab,Commercial,Electron,,Earth Science,Low Earth Orbit,LEO,Rocket Lab Launch Complex 1B,"Rocket Lab Launch Complex 1, Mahia Peninsula, New Zealand",NZL
ffa8c798-2d33-47cb-8548-f378837e316d,Smart Dragon 3 | Geely Constellation Group 04,2025-08-08 16:31:00+00:00,Launch Successful,,China Rocket Co. Ltd.,Commercial,Smart Dragon 3,Smart Dragon,Communications,Low Earth Orbit,LEO,Rizhao offshore launch location,Haiyang Oriental Spaceport,CHN
594ae0c5-2039-4a1a-a6be-7b0940b2ed2c,Falcon 9 Block 5 | Amazon Leo (KF-02),2025-08-11 12:35:00+00:00,Launch Successful,,SpaceX,Commercial,Falcon 9,Falcon,Communications,Low Earth Orbit,LEO,Space Launch Complex 40,"Cape Canaveral SFS, FL, USA",USA
1b9bed2f-7e00-4d95-b5d1-7b71c36a4ab1,Ariane 62 | Metop-SG A1,2025-08-13 00:37:50+00:00,Launch Successful,,Arianespace,Commercial,Ariane 62,Ariane,Earth Science,Sun-Synchronous Orbit,SSO,Ariane Launch Area 4,"Guiana Space Centre, French Guiana",GUF
0c5642f3-24ae-4879-a8e9-981ad36a8911,Vulcan VC4S | USSF-106,2025-08-13 00:56:00+00:00,Launch Successful,,United Launch Alliance,Commercial,Vulcan VC4S,Vulcan,Government/Top Secret,Geosynchronous Orbit,GSO,Space Launch Complex 41,"Cape Canaveral SFS, FL, USA",USA
1267bbbb-708d-478d-a734-2dc3450524d4,Long March 5B/YZ-2 | SatNet LEO Group 08,2025-08-13 06:43:00+00:00,Launch Successful,,China Aerospace Science and Technology Corporation,Government,Long March 5B/YZ-2,Long March,Communications,Polar Orbit,PO,101,"Wenchang Space Launch Site, People's Republic of China",CHN
258dd7cc-3e26-45bd-ac48-b58f8a501fb3,Falcon 9 Block 5 | Starlink Group 17-4,2025-08-14 05:05:37+00:00,Launch Successful,,SpaceX,Commercial,Falcon 9,Falcon,Communications,Low Earth Orbit,LEO,Space Launch Complex 4E,"Vandenberg SFB, CA, USA",USA
e369a238-2746-4400-9396-62e8b7a660c5,Falcon 9 Block 5 | Starlink Group 10-20,2025-08-14 12:29:30+00:00,Launch Successful,,SpaceX,Commercial,Falcon 9,Falcon,Communications,Low Earth Orbit,LEO,Space Launch Complex 40,"Cape Canaveral SFS, FL, USA",USA
bc6530e6-f53e-4621-8336-3838403737d9,Zhuque-2E | 4 x SatNet test satellites,2025-08-15 01:17:00+00:00,Launch Failure,"2nd stage attitude control failed at T+258 seconds due to TVC system short circuit, caused by electric arcing on the control system's 450V main bus.",LandSpace,Commercial,Zhuque-2E,Zhuque,Communications,Low Earth Orbit,LEO,Launch Area 96A,"Jiuquan Satellite Launch Center, People's Republic of China",CHN
25780f1d-a1cd-40dc-a645-836ef4a2739f,Long March 4C | Shiyan 28 B-02,2025-08-17 08:55:00+00:00,Launch Successful,,China Aerospace Science and Technology Corporation,Government,Long March 4C,Long March,Government/Top Secret,Low Earth Orbit,LEO,Launch Complex 3 (LC-3/LA-1),"Xichang Satellite Launch Center, People's Republic of China",CHN
2983a714-53e2-4b4a-8757-ade478d63232,Long March 6A | SatNet LEO Group 09,2025-08-17 14:15:00+00:00,Launch Successful,,China Aerospace Science and Technology Corporation,Government,Long March 6A,Long March,Communications,Polar Orbit,PO,Launch Complex 9A,"Taiyuan Satellite Launch Center, People's Republic of China",CHN
d66bb4a0-cb32-45d8-81ba-d86e43dd3eb2,Falcon 9 Block 5 | Starlink Group 17-5,2025-08-18 16:26:49+00:00,Launch Successful,,SpaceX,Commercial,Falcon 9,Falcon,Communications,Low Earth Orbit,LEO,Space Launch Complex 4E,"Vandenberg SFB, CA, USA",USA
1fa6e219-a2cc-414c-b323-4b20fa7e874f,Kinetica 1 | 7 satellites,2025-08-19 07:33:00+00:00,Launch Successful,,CAS Space,Commercial,Kinetica 1,,Technology,Sun-Synchronous Orbit,SSO,Launch Area 130,"Jiuquan Satellite Launch Center, People's Republic of China",CHN
49678ae6-8664-4d60-9aa2-622c087ed917,Soyuz 2.1b | Bion-M No. 2,2025-08-20 17:13:10+00:00,Launch Successful,,Russian Federal Space Agency (ROSCOSMOS),Government,Soyuz 2.1b,Soyuz,Biology,Low Earth Orbit,LEO,31/6,"Baikonur Cosmodrome, Republic of Kazakhstan",KAZ
709a1d9f-a0aa-4fd0-b108-1015393f49e1,Angara 1.2 | Kosmos 2591-2594,2025-08-21 09:32:00+00:00,Launch Successful,,Russian Space Forces,Government,Angara 1.2,Angara,Government/Top Secret,Polar Orbit,PO,35/1,"Plesetsk Cosmodrome, Russian Federation",RUS
2d5f2335-c3c2-4306-9dde-8ec37f348ccf,Falcon 9 Block 5 | OTV-8 (X-37B) (USSF-36),2025-08-22 03:50:00+00:00,Launch Successful,,SpaceX,Commercial,Falcon 9,Falcon,Government/Top Secret,Low Earth Orbit,LEO,Launch Complex 39A,"Kennedy Space Center, FL, USA",USA
80af8d63-64aa-4d16-9abd-bdbe167cecb9,Falcon 9 Block 5 | Starlink Group 17-6,2025-08-22 17:04:49+00:00,Launch Successful,,SpaceX,Commercial,Falcon 9,Falcon,Communications,Low Earth Orbit,LEO,Space Launch Complex 4E,"Vandenberg SFB, CA, USA",USA
5b483b3d-d5c5-44df-8a67-c5a8ad87a123,"Electron | Live, Laugh, Launch (Calistus A-E)",2025-08-23 22:42:00+00:00,Launch Successful,,Rocket Lab,Commercial,Electron,,Communications,Sun-Synchronous Orbit,SSO,Rocket Lab Launch Complex 1A,"Rocket Lab Launch Complex 1, Mahia Peninsula, New Zealand",NZL
e8e93778-657c-401c-9c88-3cd4c7c45c9d,Falcon 9 Block 5 | Dragon CRS-2 SpX-33,2025-08-24 06:45:36+00:00,Launch Successful,,SpaceX,Commercial,Falcon 9,Falcon,Resupply,Low Earth Orbit,LEO,Space Launch Complex 40,"Cape Canaveral SFS, FL, USA",USA
3b4e8252-90d0-440f-a055-ddf687b7ce14,Long March 8A | SatNet LEO Group 10,2025-08-25 19:08:00+00:00,Launch Successful,,China Aerospace Science and Technology Corporation,Government,Long March 8A,Long March,Communications,Low Earth Orbit,LEO,Commercial LC-1,"Wenchang Space Launch Site, People's Republic of China",CHN
cad4ded9-6f24-4b6c-b4ed-b5dca4613cdd,Falcon 9 Block 5 | NAOS,2025-08-26 18:53:41+00:00,Launch Successful,,SpaceX,Commercial,Falcon 9,Falcon,Government/Top Secret,Sun-Synchronous Orbit,SSO,Space Launch Complex 4E,"Vandenberg SFB, CA, USA",USA
fc1dafd8-bcb0-4e77-8ba9-2d03134f04e4,Starship | Flight 10,2025-08-26 23:30:00+00:00,Launch Successful,,SpaceX,Commercial,Starship,Starship,Test Flight,Suborbital,Sub,Orbital Launch Pad 1,"SpaceX Starbase, TX, USA",USA
1ba21ab5-9f23-4709-bf78-991831aee638,Falcon 9 Block 5 | Starlink Group 10-56,2025-08-27 11:10:40+00:00,Launch Successful,,SpaceX,Commercial,Falcon 9,Falcon,Communications,Low Earth Orbit,LEO,Space Launch Complex 40,"Cape Canaveral SFS, FL, USA",USA
a2f73993-79f6-4228-bebc-0ada6840e503,Falcon 9 Block 5 | Starlink Group 10-11,2025-08-28 08:12:00+00:00,Launch Successful,,SpaceX,Commercial,Falcon 9,Falcon,Communications,Low Earth Orbit,LEO,Launch Complex 39A,"Kennedy Space Center, FL, USA",USA
b7b6c516-70cc-443a-aec9-f97ae4333152,Falcon 9 Block 5 | Starlink Group 17-7,2025-08-30 04:59:14+00:00,Launch Successful,,SpaceX,Commercial,Falcon 9,Falcon,Communications,Low Earth Orbit,LEO,Space Launch Complex 4E,"Vandenberg SFB, CA, USA",USA
e0427db4-5314-4766-9471-0c70859beb7a,Falcon 9 Block 5 | Starlink Group 10-14,2025-08-31 11:49:00+00:00,Launch Successful,,SpaceX,Commercial,Falcon 9,Falcon,Communications,Low Earth Orbit,LEO,Space Launch Complex 40,"Cape Canaveral SFS, FL, USA",USA
d7caa65c-4272-4726-b068-4f75657b896d,Shavit-2 | Ofek-19,2025-09-02 19:30:00+00:00,Launch Successful,,Israel Aerospace Industries,Commercial,Shavit-2,Shavit,Government/Top Secret,Low Earth Orbit,LEO,Shavit Launch Pad,"Palmachim Airbase, State of Israel",ISR
3628175d-948d-4eaa-80d2-10532869d5d0,Falcon 9 Block 5 | Starlink Group 17-8,2025-09-03 03:51:26+00:00,Launch Successful,,SpaceX,Commercial,Falcon 9,Falcon,Communications,Low Earth Orbit,LEO,Space Launch Complex 4E,"Vandenberg SFB, CA, USA",USA
2a799baa-899d-4a71-8701-d15df5d3d2c4,Falcon 9 Block 5 | Starlink Group 10-22,2025-09-03 11:56:10+00:00,Launch Successful,,SpaceX,Commercial,Falcon 9,Falcon,Communications,Low Earth Orbit,LEO,Space Launch Complex 40,"Cape Canaveral SFS, FL, USA",USA
50448abf-884a-4e04-87da-3950ab7c43e7,Long March 3C/YZ-1 | Shiyan 29,2025-09-05 02:34:00+00:00,Launch Successful,,China Aerospace Science and Technology Corporation,Government,Long March 3C/YZ-1,Long March,Government/Top Secret,Geosynchronous Orbit,GSO,Launch Complex 2 (LC-2),"Xichang Satellite Launch Center, People's Republic of China",CHN
b1451c26-c4af-45ee-879e-6d1f6f8eec52,Ceres-1 | 3 satellites,2025-09-05 11:39:00+00:00,Launch Successful,,Galactic Energy,Commercial,Ceres-1,Ceres-1,Technology,Sun-Synchronous Orbit,SSO,Launch Area 95A,"Jiuquan Satellite Launch Center, People's Republic of China",CHN
03ecf869-f49d-4a0a-aa25-fb4377128e52,Falcon 9 Block 5 | Starlink Group 10-57,2025-09-05 12:32:30+00:00,Launch Successful,,SpaceX,Commercial,Falcon 9,Falcon,Communications,Low Earth Orbit,LEO,Launch Complex 39A,"Kennedy Space Center, FL, USA",USA
f57800ca-4125-419b-9913-27c961c24cc8,Long March 6A | Yaogan 40 Group 03,2025-09-06 16:34:00+00:00,Launch Successful,,China Aerospace Science and Technology Corporation,Government,Long March 6A,Long March,Government/Top Secret,Polar Orbit,PO,Launch Complex 9A,"Taiyuan Satellite Launch Center, People's Republic of China",CHN
a0310ea9-b526-4c9b-b767-90872c1cdafd,Falcon 9 Block 5 | Starlink Group 17-9,2025-09-06 18:06:39+00:00,Launch Successful,,SpaceX,Commercial,Falcon 9,Falcon,Communications,Low Earth Orbit,LEO,Space Launch Complex 4E,"Vandenberg SFB, CA, USA",USA
2c92e70a-f420-4b4e-823c-a50335b3354a,Smart Dragon 3 | Geely Constellation Group 05,2025-09-08 19:48:00+00:00,Launch Successful,,China Rocket Co. Ltd.,Commercial,Smart Dragon 3,Smart Dragon,Communications,Low Earth Orbit,LEO,Rizhao offshore launch location,Haiyang Oriental Spaceport,CHN
5777db03-a5d2-4b4f-956a-d8a2830e8fc8,Long March 7A | Yaogan 45,2025-09-09 02:00:00+00:00,Launch Successful,,China Aerospace Science and Technology Corporation,Government,Long March 7A,Long March,Government/Top Secret,Medium Earth Orbit,MEO,201,"Wenchang Space Launch Site, People's Republic of China",CHN
4ed83998-e8bc-4e53-9e07-1ae931ae712f,Falcon 9 Block 5 | SDA Tranche 1 Transport Layer B,2025-09-10 14:12:11+00:00,Launch Successful,,SpaceX,Commercial,Falcon 9,Falcon,Government/Top Secret,Polar Orbit,PO,Space Launch Complex 4E,"Vandenberg SFB, CA, USA",USA
d4813e5c-305e-4401-ba4f-917aa1aaceae,Soyuz 2.1a | Progress MS-32 (93P),2025-09-11 15:54:06+00:00,Launch Successful,,Russian Federal Space Agency (ROSCOSMOS),Government,Soyuz 2.1a,Soyuz,Resupply,Low Earth Orbit,LEO,31/6,"Baikonur Cosmodrome, Republic of Kazakhstan",KAZ
84a2a107-1e44-4994-ad9f-430ee81a741a,Falcon 9 Block 5 | Nusantara Lima,2025-09-12 01:56:00+00:00,Launch Successful,,SpaceX,Commercial,Falcon 9,Falcon,Communications,Geostationary Transfer Orbit,GTO,Space Launch Complex 40,"Cape Canaveral SFS, FL, USA",USA
c5c59136-3554-45e7-9583-9d5611bed7b4,Soyuz 2.1b/Fregat | Glonass-K1 No. 18 (Kosmos 2595) & Kosmos 2596,2025-09-13 02:10:00+00:00,Launch Successful,,Russian Space Forces,Government,Soyuz 2.1b/Fregat,Soyuz,Navigation,Medium Earth Orbit,MEO,43/3 (43L),"Plesetsk Cosmodrome, Russian Federation",RUS
08fbd641-9f53-4fc8-88be-41fe7c115123,Falcon 9 Block 5 | Starlink Group 17-10,2025-09-13 17:55:49+00:00,Launch Successful,,SpaceX,Commercial,Falcon 9,Falcon,Communications,Low Earth Orbit,LEO,Space Launch Complex 4E,"Vandenberg SFB, CA, USA",USA
3bfed6d5-d65e-4133-b51a-b664bbd9d006,Falcon 9 Block 5 | Cygnus CRS-2 NG-23 (S.S. William “Willie” C. McCool),2025-09-14 22:11:48+00:00,Launch Successful,,SpaceX,Commercial,Falcon 9,Falcon,Resupply,Low Earth Orbit,LEO,Space Launch Complex 40,"Cape Canaveral SFS, FL, USA",USA
57b5b880-7892-42b1-a327-1c919c033cb6,Long March 2C/YZ-1S | 4 x SatNet test satellites,2025-09-16 01:06:00+00:00,Launch Successful,,China Aerospace Science and Technology Corporation,Government,Long March 2C/YZ-1S,Long March,Communications,Low Earth Orbit,LEO,Launch Area 94 (SLS-2 / 603),"Jiuquan Satellite Launch Center, People's Republic of China",CHN
09678f8e-d3e5-4e26-87c1-d9b9141c1f61,Falcon 9 Block 5 | Starlink Group 10-61,2025-09-18 09:30:00+00:00,Launch Successful,,SpaceX,Commercial,Falcon 9,Falcon,Communications,Low Earth Orbit,LEO,Space Launch Complex 40,"Cape Canaveral SFS, FL, USA",USA
92ec4610-4576-4077-b538-65272a5d6491,New Shepard | NS-35,2025-09-18 13:00:00+00:00,Launch Successful,,Blue Origin,Commercial,New Shepard,,Suborbital,Suborbital,Sub,West Texas Suborbital Launch Site/ Corn Ranch,"Corn Ranch, Van Horn, TX, USA",USA
64b19cd9-9b2a-4724-890b-6a7001eb3644,Falcon 9 Block 5 | Starlink Group 17-12,2025-09-19 16:31:39+00:00,Launch Successful,,SpaceX,Commercial,Falcon 9,Falcon,Communications,Low Earth Orbit,LEO,Space Launch Complex 4E,"Vandenberg SFB, CA, USA",USA
161ca0fe-fef2-40a3-88f8-de777c7fc895,Falcon 9 Block 5 | Starlink Group 10-27,2025-09-21 10:53:00+00:00,Launch Successful,,SpaceX,Commercial,Falcon 9,Falcon,Communications,Low Earth Orbit,LEO,Space Launch Complex 40,"Cape Canaveral SFS, FL, USA",USA
86d62815-9266-481b-951e-e53670d27341,Falcon 9 Block 5 | NROL-48,2025-09-22 17:38:00+00:00,Launch Successful,,SpaceX,Commercial,Falcon 9,Falcon,Government/Top Secret,Unknown,N/A,Space Launch Complex 4E,"Vandenberg SFB, CA, USA",USA
10cb03bb-53df-462f-be12-e8e4b8dcca82,HASTE | JENNA,2025-09-23 00:00:00+00:00,Launch Successful,,Rocket Lab,Commercial,Electron,,Government/Top Secret,Suborbital,Sub,Rocket Lab Launch Complex 2 (Launch Area 0 C),"Wallops Flight Facility, Virginia, USA",USA
b563b8fa-9f6c-4883-9a89-9cb5a073864f,Smart Dragon 3 | Geely Constellation Group 06,2025-09-24 07:56:00+00:00,Launch Successful,,China Rocket Co. Ltd.,Commercial,Smart Dragon 3,Smart Dragon,Communications,Low Earth Orbit,LEO,Rizhao offshore launch location,Haiyang Oriental Spaceport,CHN
689d7129-10fa-4df9-b81e-2b8fb926bbaf,Falcon 9 Block 5 | IMAP & others,2025-09-24 11:30:50+00:00,Launch Successful,,SpaceX,Commercial,Falcon 9,Falcon,Heliophysics,Heliocentric L1,L1-point,Launch Complex 39A,"Kennedy Space Center, FL, USA",USA
c717d2b5-e39c-45a3-9f89-ce73526852eb,Falcon 9 Block 5 | Starlink Group 10-15,2025-09-25 08:39:00+00:00,Launch Successful,,SpaceX,Commercial,Falcon 9,Falcon,Communications,Low Earth Orbit,LEO,Space Launch Complex 40,"Cape Canaveral SFS, FL, USA",USA
9f6d8a5a-f77c-42ff-b377-91628862ae59,Atlas V 551 | Amazon Leo (KA-03),2025-09-25 12:09:30+00:00,Launch Successful,,United Launch Alliance,Commercial,Atlas V 551,Atlas,Communications,Low Earth Orbit,LEO,Space Launch Complex 41,"Cape Canaveral SFS, FL, USA",USA
018c85ab-533f-4a9c-8b25-a03ca8e824d1,Falcon 9 Block 5 | Starlink Group 17-11,2025-09-26 04:26:29+00:00,Launch Successful,,SpaceX,Commercial,Falcon 9,Falcon,Communications,Low Earth Orbit,LEO,Space Launch Complex 4E,"Vandenberg SFB, CA, USA",USA
3dd1e7c0-ceb1-4e28-b6ed-b22c4aec5852,Long March 4C | Fengyun-3H,2025-09-26 19:28:00+00:00,Launch Successful,,China Aerospace Science and Technology Corporation,Government,Long March 4C,Long March,Earth Science,Sun-Synchronous Orbit,SSO,Launch Area 94 (SLS-2 / 603),"Jiuquan Satellite Launch Center, People's Republic of China",CHN
86a178d5-7ea4-4a46-b1d7-801037ea1dfd,Long March 6A | SatNet LEO Group 11,2025-09-27 12:40:00+00:00,Launch Successful,,China Aerospace Science and Technology Corporation,Government,Long March 6A,Long March,Communications,Polar Orbit,PO,Launch Complex 9A,"Taiyuan Satellite Launch Center, People's Republic of China",CHN
ee1f78af-5240-4909-a6f1-54f03de8dd93,Falcon 9 Block 5 | Starlink Group 11-20,2025-09-29 02:04:50+00:00,Launch Successful,,SpaceX,Commercial,Falcon 9,Falcon,Communications,Low Earth Orbit,LEO,Space Launch Complex 4E,"Vandenberg SFB, CA, USA",USA
5c2fd7d5-4352-49b4-b999-305d2fbce196,Long March 2D | Shiyan 30 01-02,2025-09-29 03:00:00+00:00,Launch Successful,,China Aerospace Science and Technology Corporation,Government,Long March 2D,Long March,Government/Top Secret,Low Earth Orbit,LEO,Launch Complex 3 (LC-3/LA-1),"Xichang Satellite Launch Center, People's Republic of China",CHN
d260a1bc-c448-4751-8ea6-bc20a3cab779,HASTE | JUSTIN,2025-10-01 00:28:00+00:00,Launch Successful,,Rocket Lab,Commercial,Electron,,Government/Top Secret,Suborbital,Sub,Rocket Lab Launch Complex 2 (Launch Area 0 C),"Wallops Flight Facility, Virginia, USA",USA
969a026c-709c-46da-ab80-bacd0126b209,Falcon 9 Block 5 | Starlink Group 11-39,2025-10-03 14:06:50+00:00,Launch Successful,,SpaceX,Commercial,Falcon 9,Falcon,Communications,Low Earth Orbit,LEO,Space Launch Complex 4E,"Vandenberg SFB, CA, USA",USA
a99bb1eb-514b-4a93-ac49-5e14f273f250,Falcon 9 Block 5 | Starlink Group 10-59,2025-10-07 06:46:10+00:00,Launch Successful,,SpaceX,Commercial,Falcon 9,Falcon,Communications,Low Earth Orbit,LEO,Space Launch Complex 40,"Cape Canaveral SFS, FL, USA",USA
6f3212c1-3f70-42d9-9280-1d9c2832e264,Falcon 9 Block 5 | Starlink Group 11-17,2025-10-08 03:54:00+00:00,Launch Successful,,SpaceX,Commercial,Falcon 9,Falcon,Communications,Low Earth Orbit,LEO,Space Launch Complex 4E,"Vandenberg SFB, CA, USA",USA
a7d60abb-c22d-41fe-9c17-35dbdd7f8029,New Shepard | NS-36,2025-10-08 13:40:27+00:00,Launch Successful,,Blue Origin,Commercial,New Shepard,,Tourism,Suborbital,Sub,West Texas Suborbital Launch Site/ Corn Ranch,"Corn Ranch, Van Horn, TX, USA",USA
57d675d1-9a50-4c62-bee0-915c8c26befe,Gravity-1 | 3 satellites,2025-10-11 02:20:00+00:00,Launch Successful,,Orienspace Technology,Commercial,Gravity-1,,Earth Science,Sun-Synchronous Orbit,SSO,Haiyang offshore launch location,Haiyang Oriental Spaceport,CHN
1bdae72b-07c6-4b49-83bf-d4f17bb00265,Long March 2D | Shiyan 31,2025-10-13 10:00:00+00:00,Launch Successful,,China Aerospace Science and Technology Corporation,Government,Long March 2D,Long March,Government/Top Secret,Polar Orbit,PO,Launch Area 94 (SLS-2 / 603),"Jiuquan Satellite Launch Center, People's Republic of China",CHN
41068e09-4097-448f-ac7c-421c19b6aab9,Starship | Flight 11,2025-10-13 23:23:41+00:00,Launch Successful,,SpaceX,Commercial,Starship,Starship,Test Flight,Suborbital,Sub,Orbital Launch Pad 1,"SpaceX Starbase, TX, USA",USA
88d03398-af55-4bca-967e-bfe868a3cbf5,Falcon 9 Block 5 | Amazon Leo (KF-03),2025-10-14 01:58:00+00:00,Launch Successful,,SpaceX,Commercial,Falcon 9,Falcon,Communications,Low Earth Orbit,LEO,Space Launch Complex 40,"Cape Canaveral SFS, FL, USA",USA
66172ee0-3d02-4640-a802-55025a51172d,Electron | Owl New World (StriX Launch 7),2025-10-14 16:33:00+00:00,Launch Successful,,Rocket Lab,Commercial,Electron,,Earth Science,Low Earth Orbit,LEO,Rocket Lab Launch Complex 1A,"Rocket Lab Launch Complex 1, Mahia Peninsula, New Zealand",NZL
4b42add0-3da7-4ae7-b830-f8a1aa8dda85,Falcon 9 Block 5 | SDA Tranche 1 Transport Layer C,2025-10-15 23:06:06+00:00,Launch Successful,,SpaceX,Commercial,Falcon 9,Falcon,Government/Top Secret,Polar Orbit,PO,Space Launch Complex 4E,"Vandenberg SFB, CA, USA",USA
21f2d630-748b-4cd6-9f10-7ed96cc21fb5,Long March 8A | SatNet LEO Group 12,2025-10-16 01:33:00+00:00,Launch Successful,,China Aerospace Science and Technology Corporation,Government,Long March 8A,Long March,Communications,Low Earth Orbit,LEO,Commercial LC-1,"Wenchang Space Launch Site, People's Republic of China",CHN
02348ca1-d937-441b-86fe-5002275907db,Falcon 9 Block 5 | Starlink Group 10-52,2025-10-16 09:27:10+00:00,Launch Successful,,SpaceX,Commercial,Falcon 9,Falcon,Communications,Low Earth Orbit,LEO,Space Launch Complex 40,"Cape Canaveral SFS, FL, USA",USA
de2af90a-ec7d-4933-ab19-ae982509e85a,Long March 6A | SpaceSail Polar Group #6,2025-10-17 07:08:00+00:00,Launch Successful,,China Aerospace Science and Technology Corporation,Government,Long March 6A,Long March,Communications,Polar Orbit,PO,Launch Complex 9A,"Taiyuan Satellite Launch Center, People's Republic of China",CHN
c3da74aa-9ebe-48b0-9f37-5134b683c3fe,Kinetica 1 | PRSC-HS1 & AIRSAT-03/04,2025-10-19 03:33:00+00:00,Launch Successful,,CAS Space,Commercial,Kinetica 1,,Earth Science,Sun-Synchronous Orbit,SSO,Launch Area 130,"Jiuquan Satellite Launch Center, People's Republic of China",CHN
ed145de1-b768-43b5-8563-18ebc93b69b5,Falcon 9 Block 5 | Starlink Group 10-17,2025-10-19 17:39:40+00:00,Launch Successful,,SpaceX,Commercial,Falcon 9,Falcon,Communications,Low Earth Orbit,LEO,Space Launch Complex 40,"Cape Canaveral SFS, FL, USA",USA
0d2920f2-87d9-4c5a-aebe-614d8baae2a2,Falcon 9 Block 5 | Starlink Group 11-19,2025-10-19 19:24:00+00:00,Launch Successful,,SpaceX,Commercial,Falcon 9,Falcon,Communications,Low Earth Orbit,LEO,Space Launch Complex 4E,"Vandenberg SFB, CA, USA",USA
67c287d7-199e-4811-a43a-b540b3c4d186,Falcon 9 Block 5 | Starlink Group 11-5,2025-10-22 14:16:20+00:00,Launch Successful,,SpaceX,Commercial,Falcon 9,Falcon,Communications,Low Earth Orbit,LEO,Space Launch Complex 4E,"Vandenberg SFB, CA, USA",USA
d2914082-2271-4bb6-82fb-83a6ac538bec,Long March 5 | TJSW-20,2025-10-23 14:30:00+00:00,Launch Successful,,China Aerospace Science and Technology Corporation,Government,Long March 5,Long March,Government/Top Secret,Geostationary Transfer Orbit,GTO,101,"Wenchang Space Launch Site, People's Republic of China",CHN
6ecd1d24-db6d-4144-8e1b-f6ba5ceae8be,Falcon 9 Block 5 | SpainSat NG II,2025-10-24 01:30:00+00:00,Launch Successful,,SpaceX,Commercial,Falcon 9,Falcon,Communications,Geostationary Transfer Orbit,GTO,Space Launch Complex 40,"Cape Canaveral SFS, FL, USA",USA
b99e48e1-e424-4b4f-8523-a19259d6a6c6,Falcon 9 Block 5 | Starlink Group 11-12,2025-10-25 14:20:50+00:00,Launch Successful,,SpaceX,Commercial,Falcon 9,Falcon,Communications,Low Earth Orbit,LEO,Space Launch Complex 4E,"Vandenberg SFB, CA, USA",USA
8c2412ae-fbef-443f-aae8-db538f38eec6,H3-24 | HTV-X1,2025-10-26 00:00:15+00:00,Launch Successful,,Mitsubishi Heavy Industries,Commercial,H3-24,H3,Resupply,Low Earth Orbit,LEO,Yoshinobu Launch Complex LP-2,"Tanegashima Space Center, Japan",JPN
91e9e440-f4c0-48c5-9739-4813ffaef1f1,Long March 3B/E | Gaofen-14 02,2025-10-26 03:55:00+00:00,Launch Successful,,China Aerospace Science and Technology Corporation,Government,Long March 3B/E,Long March,Earth Science,Sun-Synchronous Orbit,SSO,Launch Complex 3 (LC-3/LA-1),"Xichang Satellite Launch Center, People's Republic of China",CHN
5707ddea-8f06-4a3b-83d1-cfd8a3017637,Falcon 9 Block 5 | Starlink Group 10-21,2025-10-26 15:00:40+00:00,Launch Successful,,SpaceX,Commercial,Falcon 9,Falcon,Communications,Low Earth Orbit,LEO,Space Launch Complex 40,"Cape Canaveral SFS, FL, USA",USA
22eb6520-2a51-4f60-b1b8-41a6bf711768,Falcon 9 Block 5 | Starlink Group 11-21,2025-10-28 00:43:49+00:00,Launch Successful,,SpaceX,Commercial,Falcon 9,Falcon,Communications,Low Earth Orbit,LEO,Space Launch Complex 4E,"Vandenberg SFB, CA, USA",USA
94ec1605-bd9c-47fa-9f36-69148ee4e370,Falcon 9 Block 5 | Starlink Group 10-37,2025-10-29 16:35:20+00:00,Launch Successful,,SpaceX,Commercial,Falcon 9,Falcon,Communications,Low Earth Orbit,LEO,Space Launch Complex 40,"Cape Canaveral SFS, FL, USA",USA
5ca83f30-9e3d-439c-ac1d-b57953943355,Long March 2F/G | Shenzhou 21,2025-10-31 15:44:46+00:00,Launch Successful,,China Aerospace Science and Technology Corporation,Government,Long March 2F/G,Long March,Human Exploration,Low Earth Orbit,LEO,Launch Area 91 (SLS-1 / 921),"Jiuquan Satellite Launch Center, People's Republic of China",CHN
e92f090c-cb6a-4e1a-8e07-5a97dbf1c450,Falcon 9 Block 5 | Starlink Group 11-23,2025-10-31 20:41:10+00:00,Launch Successful,,SpaceX,Commercial,Falcon 9,Falcon,Communications,Low Earth Orbit,LEO,Space Launch Complex 4E,"Vandenberg SFB, CA, USA",USA
41d2ac1b-a506-47ae-8e44-8b65f5d6f239,Falcon 9 Block 5 | Bandwagon 4 (Dedicated Mid-Inclination Rideshare),2025-11-02 05:09:59+00:00,Launch Successful,,SpaceX,Commercial,Falcon 9,Falcon,Dedicated Rideshare,Low Earth Orbit,LEO,Space Launch Complex 40,"Cape Canaveral SFS, FL, USA",USA
05c00251-c8db-4922-9244-d1e407427962,LVM-3 | CMS-03 (GSAT-7R),2025-11-02 11:56:00+00:00,Launch Successful,,Indian Space Research Organization,Government,LVM-3 (GSLV Mk III),GSLV,Communications,Geostationary Transfer Orbit,GTO,Satish Dhawan Space Centre Second Launch Pad,"Satish Dhawan Space Centre, India",IND
5fc609f3-4aee-4ffd-968d-b4cddcd9e381,Long March 7A | Yaogan 46,2025-11-03 03:47:00+00:00,Launch Successful,,China Aerospace Science and Technology Corporation,Government,Long March 7A,Long March,Government/Top Secret,Medium Earth Orbit,MEO,201,"Wenchang Space Launch Site, People's Republic of China",CHN
7afcacb9-32aa-41ee-a000-0c7158f324c2,Ariane 62 | Sentinel-1D,2025-11-04 21:02:17+00:00,Launch Successful,,Arianespace,Commercial,Ariane 62,Ariane,Earth Science,Sun-Synchronous Orbit,SSO,Ariane Launch Area 4,"Guiana Space Centre, French Guiana",GUF
5d816773-89cb-48b9-9bf0-a9c4d8236785,Electron | The Nation God Navigates (iQPS Launch 5),2025-11-05 19:51:00+00:00,Launch Successful,,Rocket Lab,Commercial,Electron,,Earth Science,Low Earth Orbit,LEO,Rocket Lab Launch Complex 1B,"Rocket Lab Launch Complex 1, Mahia Peninsula, New Zealand",NZL
9dd2d2b7-302b-4e9e-804c-aa176f606b6f,Falcon 9 Block 5 | Starlink Group 6-81,2025-11-06 01:31:10+00:00,Launch Successful,,SpaceX,Commercial,Falcon 9,Falcon,Communications,Low Earth Orbit,LEO,Space Launch Complex 40,"Cape Canaveral SFS, FL, USA",USA
6602c88f-cbff-4495-b417-a184ddb0a426,Falcon 9 Block 5 | Starlink Group 11-14,2025-11-06 21:13:50+00:00,Launch Successful,,SpaceX,Commercial,Falcon 9,Falcon,Communications,Low Earth Orbit,LEO,Space Launch Complex 4E,"Vandenberg SFB, CA, USA",USA
6232fdd6-872e-4146-aae9-4f3cca740512,Long March 11 | Shiyan 32 01-03,2025-11-08 21:01:00+00:00,Launch Successful,,China Aerospace Science and Technology Corporation,Government,Long March 11,Long March,Government/Top Secret,Low Earth Orbit,LEO,Haiyang offshore launch location,Haiyang Oriental Spaceport,CHN
316a5a1d-0c96-417a-acb6-b333b2b7c64c,Kinetica 1 | Chutian-2 01 & 02,2025-11-09 03:32:00+00:00,Launch Successful,,CAS Space,Commercial,Kinetica 1,,Earth Science,Sun-Synchronous Orbit,SSO,Launch Area 130,"Jiuquan Satellite Launch Center, People's Republic of China",CHN
29e88f09-8897-4014-afa0-087ca70de9bd,Falcon 9 Block 5 | Starlink Group 10-51,2025-11-09 08:10:10+00:00,Launch Successful,,SpaceX,Commercial,Falcon 9,Falcon,Communications,Low Earth Orbit,LEO,Launch Complex 39A,"Kennedy Space Center, FL, USA",USA
537bd9b3-5f1d-4dda-aeb5-78e5b17cf2ba,Long March 12 | SatNet LEO Group 13,2025-11-10 02:41:00+00:00,Launch Successful,,China Aerospace Science and Technology Corporation,Government,Long March 12,Long March,Communications,Low Earth Orbit,LEO,Commercial LC-2,"Wenchang Space Launch Site, People's Republic of China",CHN
e208fa2b-169d-4d2d-97fa-8fafbfa09a1e,Ceres-1 | Jilin-1 High Resolution-04C and others,2025-11-10 04:02:53+00:00,Launch Failure,4th stage shut down prematurely 510 seconds into the burn after engine valve control cable suffered burn through during the engine burn.,Galactic Energy,Commercial,Ceres-1,Ceres-1,Earth Science,Sun-Synchronous Orbit,SSO,Launch Area 95A,"Jiuquan Satellite Launch Center, People's Republic of China",CHN
a63253be-6084-4151-81db-57fe4d13b164,Falcon 9 Block 5 | Starlink Group 6-87,2025-11-11 03:21:30+00:00,Launch Successful,,SpaceX,Commercial,Falcon 9,Falcon,Communications,Low Earth Orbit,LEO,Space Launch Complex 40,"Cape Canaveral SFS, FL, USA",USA
9c950919-5d11-4a79-a4f1-be7387678c0a,New Glenn | EscaPADE,2025-11-13 20:55:01+00:00,Launch Successful,,Blue Origin,Commercial,New Glenn,New Glenn,Planetary Science,Mars Orbit,Mars,Launch Complex 36A,"Cape Canaveral SFS, FL, USA",USA
47deaaf0-40d9-4400-bd92-4cabf1da5791,Atlas V 551 | ViaSat-3 F2 (ViaSat-3 EMEA),2025-11-14 03:04:00+00:00,Launch Successful,,United Launch Alliance,Commercial,Atlas V 551,Atlas,Communications,Geostationary Transfer Orbit,GTO,Space Launch Complex 41,"Cape Canaveral SFS, FL, USA",USA
fdb8c931-b1ec-441e-b0ce-75f7a8799189,Falcon 9 Block 5 | Starlink Group 6-89,2025-11-15 03:08:10+00:00,Launch Successful,,SpaceX,Commercial,Falcon 9,Falcon,Communications,Low Earth Orbit,LEO,Launch Complex 39A,"Kennedy Space Center, FL, USA",USA
098173dc-9630-4954-ac95-bd0ec221074e,Falcon 9 Block 5 | Starlink Group 6-85,2025-11-15 06:44:20+00:00,Launch Successful,,SpaceX,Commercial,Falcon 9,Falcon,Communications,Low Earth Orbit,LEO,Space Launch Complex 40,"Cape Canaveral SFS, FL, USA",USA
a5e8c7ff-f30d-488d-8ef3-b445cbd75fd3,Falcon 9 Block 5 | Sentinel-6B,2025-11-17 05:21:42+00:00,Launch Successful,,SpaceX,Commercial,Falcon 9,Falcon,Earth Science,Low Earth Orbit,LEO,Space Launch Complex 4E,"Vandenberg SFB, CA, USA",USA
089a182d-7e8a-48d8-815c-eefbade8110c,HASTE | Prometheus Run (VAN),2025-11-18 13:00:00+00:00,Launch Successful,,Rocket Lab,Commercial,Electron,,Government/Top Secret,Suborbital,Sub,Rocket Lab Launch Complex 2 (Launch Area 0 C),"Wallops Flight Facility, Virginia, USA",USA
d124e85e-ee0f-4ab2-9be6-fd31516ddee9,Falcon 9 Block 5 | Starlink Group 6-94,2025-11-19 00:12:20+00:00,Launch Successful,,SpaceX,Commercial,Falcon 9,Falcon,Communications,Low Earth Orbit,LEO,Space Launch Complex 40,"Cape Canaveral SFS, FL, USA",USA
011f18f2-16a8-41a8-8257-416bb9915138,Long March 2C | Shijian 30 A-C,2025-11-19 04:01:00+00:00,Launch Successful,,China Aerospace Science and Technology Corporation,Government,Long March 2C,Long March,Government/Top Secret,Low Earth Orbit,LEO,Launch Area 94 (SLS-2 / 603),"Jiuquan Satellite Launch Center, People's Republic of China",CHN
f9e4852a-fba8-4937-9a86-5a05b3244fb1,Electron | Follow My Speed (BlackSky Gen-3 3),2025-11-20 12:43:00+00:00,Launch Successful,,Rocket Lab,Commercial,Electron,,Earth Science,Low Earth Orbit,LEO,Rocket Lab Launch Complex 1A,"Rocket Lab Launch Complex 1, Mahia Peninsula, New Zealand",NZL
f0554c45-3e52-43bb-95e5-73aa8fab53dd,Falcon 9 Block 5 | Starlink Group 6-78,2025-11-21 03:39:30+00:00,Launch Successful,,SpaceX,Commercial,Falcon 9,Falcon,Communications,Low Earth Orbit,LEO,Launch Complex 39A,"Kennedy Space Center, FL, USA",USA
1331ed69-c92d-4b82-9cab-ef627b23d792,Long March 3B/E | TJSW-21,2025-11-21 10:55:00+00:00,Launch Successful,,China Aerospace Science and Technology Corporation,Government,Long March 3B/E,Long March,Government/Top Secret,Elliptical Orbit,Elliptical,Launch Complex 2 (LC-2),"Xichang Satellite Launch Center, People's Republic of China",CHN
3a22283a-4521-429c-bf45-0d53aa0fcff3,Falcon 9 Block 5 | Starlink Group 6-79,2025-11-22 07:53:50+00:00,Launch Successful,,SpaceX,Commercial,Falcon 9,Falcon,Communications,Low Earth Orbit,LEO,Space Launch Complex 40,"Cape Canaveral SFS, FL, USA",USA
8cda58f9-3fe2-43dc-8fa3-3125cbc9a754,Falcon 9 Block 5 | Starlink Group 11-30,2025-11-23 08:48:00+00:00,Launch Successful,,SpaceX,Commercial,Falcon 9,Falcon,Communications,Low Earth Orbit,LEO,Space Launch Complex 4E,"Vandenberg SFB, CA, USA",USA
6da58dd3-57bf-4c0a-a003-c56268db3e59,Long March 2F/G | Shenzhou 22,2025-11-25 04:11:45+00:00,Launch Successful,,China Aerospace Science and Technology Corporation,Government,Long March 2F/G,Long March,Human Exploration,Low Earth Orbit,LEO,Launch Area 91 (SLS-1 / 921),"Jiuquan Satellite Launch Center, People's Republic of China",CHN
547f1a96-0539-4fd3-b13c-2a781f02cfd5,"Angara 1.2 | 3 x Rodnik (Kosmos 2597, 2598, 2599)",2025-11-25 13:42:00+00:00,Launch Successful,,Russian Space Forces,Government,Angara 1.2,Angara,Government/Top Secret,Low Earth Orbit,LEO,35/1,"Plesetsk Cosmodrome, Russian Federation",RUS
5c7280f6-b793-4899-a6fe-1d274ed46493,Nuri | CAS500-3,2025-11-26 16:13:00+00:00,Launch Successful,,Korea Aerospace Research Institute,Government,Nuri,KSLV,Earth Science,Sun-Synchronous Orbit,SSO,LC-2,"Naro Space Center, South Korea",KOR
40beac6e-ce8e-4481-8cf9-56d1d9c48804,Soyuz 2.1a | Soyuz MS-28,2025-11-27 09:27:57+00:00,Launch Successful,,Russian Federal Space Agency (ROSCOSMOS),Government,Soyuz 2.1a,Soyuz,Human Exploration,Low Earth Orbit,LEO,31/6,"Baikonur Cosmodrome, Republic of Kazakhstan",KAZ
dc4c201e-b11d-4650-91cc-ecc2eec95598,Falcon 9 Block 5 | Transporter 15 (Dedicated SSO Rideshare),2025-11-28 18:44:30+00:00,Launch Successful,,SpaceX,Commercial,Falcon 9,Falcon,Dedicated Rideshare,Sun-Synchronous Orbit,SSO,Space Launch Complex 4E,"Vandenberg SFB, CA, USA",USA
c6ddf5f6-4d5a-4059-8254-6b9f14bf5b87,Long March 7A | Shijian 28,2025-11-30 12:20:00+00:00,Launch Successful,,China Aerospace Science and Technology Corporation,Government,Long March 7A,Long March,Government/Top Secret,Geostationary Transfer Orbit,GTO,201,"Wenchang Space Launch Site, People's Republic of China",CHN
4d61413a-5fb6-4d68-8719-d247e95a76bd,Falcon 9 Block 5 | Starlink Group 6-86,2025-12-01 07:44:10+00:00,Launch Successful,,SpaceX,Commercial,Falcon 9,Falcon,Communications,Low Earth Orbit,LEO,Launch Complex 39A,"Kennedy Space Center, FL, USA",USA
f2775d28-8dd8-4efc-87c6-b8d41372202b,Vega-C | KOMPSAT-7,2025-12-01 17:21:25+00:00,Launch Successful,,Arianespace,Commercial,Vega-C,Vega,Earth Science,Sun-Synchronous Orbit,SSO,Ariane Launch Area 1 (ELV),"Guiana Space Centre, French Guiana",GUF
2ad305ca-ca76-4383-9a6c-b6ee6dde7133,Falcon 9 Block 5 | Starlink Group 15-10,2025-12-02 05:28:20+00:00,Launch Successful,,SpaceX,Commercial,Falcon 9,Falcon,Communications,Low Earth Orbit,LEO,Space Launch Complex 4E,"Vandenberg SFB, CA, USA",USA
d1ee3587-a7f7-455c-9dc3-1624352262b4,Falcon 9 Block 5 | Starlink Group 6-95,2025-12-02 22:18:50+00:00,Launch Successful,,SpaceX,Commercial,Falcon 9,Falcon,Communications,Low Earth Orbit,LEO,Space Launch Complex 40,"Cape Canaveral SFS, FL, USA",USA
163c666e-6c61-4e10-8110-6d3c33d965f6,Zhuque-3 | Demo Flight,2025-12-03 04:00:00+00:00,Launch Successful,,LandSpace,Commercial,Zhuque-3,Zhuque,Test Flight,Low Earth Orbit,LEO,Launch Area 96B,"Jiuquan Satellite Launch Center, People's Republic of China",CHN
880a7824-95c4-4724-91bf-83f2a5cba740,Falcon 9 Block 5 | Starlink Group 11-25,2025-12-04 20:42:20+00:00,Launch Successful,,SpaceX,Commercial,Falcon 9,Falcon,Communications,Low Earth Orbit,LEO,Space Launch Complex 4E,"Vandenberg SFB, CA, USA",USA
39e6e2a1-945b-4271-a2e3-67d6b0e07e8a,Kuaizhou 1A | Traffic VDES A & B,2025-12-05 09:00:00+00:00,Launch Successful,,ExPace,Commercial,Kuaizhou 1A,Kuaizhou,Technology,Low Earth Orbit,LEO,Launch Area 95A,"Jiuquan Satellite Launch Center, People's Republic of China",CHN
f98f21cc-5a35-4d64-953c-277a9212032e,Long March 8A | SatNet LEO Group 14,2025-12-06 07:53:00+00:00,Launch Successful,,China Aerospace Science and Technology Corporation,Government,Long March 8A,Long March,Communications,Low Earth Orbit,LEO,Commercial LC-1,"Wenchang Space Launch Site, People's Republic of China",CHN
e9a5374e-b091-45dc-830c-d2ffa1b1ed47,Falcon 9 Block 5 | Starlink Group 11-15,2025-12-07 17:58:30+00:00,Launch Successful,,SpaceX,Commercial,Falcon 9,Falcon,Communications,Low Earth Orbit,LEO,Space Launch Complex 4E,"Vandenberg SFB, CA, USA",USA
5130a1e5-5a3e-4d2d-a4b8-28a9e2a5b677,Long March 6A | SatNet LEO Group 15,2025-12-08 22:11:00+00:00,Launch Successful,,China Aerospace Science and Technology Corporation,Government,Long March 6A,Long March,Communications,Polar Orbit,PO,Launch Complex 9A,"Taiyuan Satellite Launch Center, People's Republic of China",CHN
c1fb73cf-ad9a-4305-bd11-d61fff369afe,Falcon 9 Block 5 | Starlink Group 6-92,2025-12-08 22:26:10+00:00,Launch Successful,,SpaceX,Commercial,Falcon 9,Falcon,Communications,Low Earth Orbit,LEO,Launch Complex 39A,"Kennedy Space Center, FL, USA",USA
c3116e20-3fad-47e7-bed9-5ab52e7cf196,Long March 4B | Yaogan 47,2025-12-09 03:41:00+00:00,Launch Successful,,China Aerospace Science and Technology Corporation,Government,Long March 4B,Long March,Government/Top Secret,Sun-Synchronous Orbit,SSO,Launch Area 94 (SLS-2 / 603),"Jiuquan Satellite Launch Center, People's Republic of China",CHN
d6ab90f9-3897-4c0e-9a2b-c3a940dc4abb,Long March 3B/E | TJSW-22,2025-12-09 15:08:00+00:00,Launch Successful,,China Aerospace Science and Technology Corporation,Government,Long March 3B/E,Long March,Government/Top Secret,Geostationary Transfer Orbit,GTO,Launch Complex 3 (LC-3/LA-1),"Xichang Satellite Launch Center, People's Republic of China",CHN
c203e807-0955-4e32-abfe-d5c71cdf5c31,Falcon 9 Block 5 | NROL-77,2025-12-09 19:16:25+00:00,Launch Successful,,SpaceX,Commercial,Falcon 9,Falcon,Government/Top Secret,Unknown,N/A,Space Launch Complex 40,"Cape Canaveral SFS, FL, USA",USA
c8d6f024-0a6a-4b07-8c05-97648be4d827,Kinetica 1 | 9 satellites,2025-12-10 04:03:00+00:00,Launch Successful,,CAS Space,Commercial,Kinetica 1,,Earth Science,Sun-Synchronous Orbit,SSO,Launch Area 130,"Jiuquan Satellite Launch Center, People's Republic of China",CHN
a5f8ab2c-6a2c-4b83-a866-e6cd5bf63545,Falcon 9 Block 5 | Starlink Group 15-11,2025-12-10 11:40:30+00:00,Launch Successful,,SpaceX,Commercial,Falcon 9,Falcon,Communications,Low Earth Orbit,LEO,Space Launch Complex 4E,"Vandenberg SFB, CA, USA",USA
bea05b91-9cfa-48da-8fe0-c85c902f25ee,Falcon 9 Block 5 | Starlink Group 6-90,2025-12-11 22:01:20+00:00,Launch Successful,,SpaceX,Commercial,Falcon 9,Falcon,Communications,Low Earth Orbit,LEO,Space Launch Complex 40,"Cape Canaveral SFS, FL, USA",USA
1966d347-ce76-43ee-8a1c-caf00d61453c,Long March 12 | SatNet LEO Group 16,2025-12-11 23:00:00+00:00,Launch Successful,,China Aerospace Science and Technology Corporation,Government,Long March 12,Long March,Communications,Low Earth Orbit,LEO,Commercial LC-2,"Wenchang Space Launch Site, People's Republic of China",CHN
9599500a-7c85-4d58-a3cb-aaf4915ad5fb,Kuaizhou 11 | DEAR-5,2025-12-13 01:08:00+00:00,Launch Successful,,ExPace,Commercial,Kuaizhou 11,Kuaizhou,Technology,Low Earth Orbit,LEO,Launch Area 95A,"Jiuquan Satellite Launch Center, People's Republic of China",CHN
de6db617-3d40-414a-86d6-f365b130df30,Electron | Raise and Shine (RAISE-4),2025-12-14 03:09:00+00:00,Launch Successful,,Rocket Lab,Commercial,Electron,,Technology,Sun-Synchronous Orbit,SSO,Rocket Lab Launch Complex 1B,"Rocket Lab Launch Complex 1, Mahia Peninsula, New Zealand",NZL
faf4a0bc-7dad-4842-b74c-73a9f648b5cc,Falcon 9 Block 5 | Starlink Group 15-12,2025-12-14 05:49:00+00:00,Launch Successful,,SpaceX,Commercial,Falcon 9,Falcon,Communications,Low Earth Orbit,LEO,Space Launch Complex 4E,"Vandenberg SFB, CA, USA",USA
49e52470-1dd4-45a9-b549-cfb417031823,Falcon 9 Block 5 | Starlink Group 6-82,2025-12-15 05:25:10+00:00,Launch Successful,,SpaceX,Commercial,Falcon 9,Falcon,Communications,Low Earth Orbit,LEO,Space Launch Complex 40,"Cape Canaveral SFS, FL, USA",USA
4be383b3-3997-4bd9-822b-33d9ca83a8fc,Long March 4B | Ziyuan-3-04,2025-12-16 03:17:00+00:00,Launch Successful,,China Aerospace Science and Technology Corporation,Government,Long March 4B,Long March,Earth Science,Sun-Synchronous Orbit,SSO,Launch Complex 9,"Taiyuan Satellite Launch Center, People's Republic of China",CHN
0dcbd5ee-2728-4c79-8dc5-051ea11b888f,Atlas V 551 | Amazon Leo (LA-04),2025-12-16 08:28:00+00:00,Launch Successful,,United Launch Alliance,Commercial,Atlas V 551,Atlas,Communications,Low Earth Orbit,LEO,Space Launch Complex 41,"Cape Canaveral SFS, FL, USA",USA
8e7d57b1-b5c0-4d0d-a575-fe23606bdeee,Ariane 62 | Galileo L14 (FOC FM33 & FM34),2025-12-17 05:01:58+00:00,Launch Successful,,Arianespace,Commercial,Ariane 62,Ariane,Navigation,Medium Earth Orbit,MEO,Ariane Launch Area 4,"Guiana Space Centre, French Guiana",GUF
9d12fbac-53de-4517-9191-4697fbc07dd2,Falcon 9 Block 5 | Starlink Group 6-99,2025-12-17 13:42:10+00:00,Launch Successful,,SpaceX,Commercial,Falcon 9,Falcon,Communications,Low Earth Orbit,LEO,Launch Complex 39A,"Kennedy Space Center, FL, USA",USA
0b5da6e2-9141-427b-ab22-bcdd3ca6520a,Falcon 9 Block 5 | Starlink Group 15-13,2025-12-17 15:27:50+00:00,Launch Successful,,SpaceX,Commercial,Falcon 9,Falcon,Communications,Low Earth Orbit,LEO,Space Launch Complex 4E,"Vandenberg SFB, CA, USA",USA
4a0681be-ed20-40b9-870b-38de1583c0ef,Electron | Don't Be Such A Square (STP-S30),2025-12-18 05:03:00+00:00,Launch Successful,,Rocket Lab,Commercial,Electron,,Technology,Low Earth Orbit,LEO,Rocket Lab Launch Complex 2 (Launch Area 0 C),"Wallops Flight Facility, Virginia, USA",USA
3eb3a9c4-65b8-49fa-afb3-8eee0c3ddfd2,Long March 5 | TJSW-23,2025-12-20 12:30:00+00:00,Launch Successful,,China Aerospace Science and Technology Corporation,Government,Long March 5,Long March,Government/Top Secret,Geostationary Transfer Orbit,GTO,101,"Wenchang Space Launch Site, People's Republic of China",CHN
9936c9c4-faff-4e67-9adb-c8c147239d57,New Shepard | NS-37,2025-12-20 14:15:00+00:00,Launch Successful,,Blue Origin,Commercial,New Shepard,,Tourism,Suborbital,Sub,West Texas Suborbital Launch Site/ Corn Ranch,"Corn Ranch, Van Horn, TX, USA",USA
1e562a6b-f1eb-4c9c-a074-4172c831ed70,Electron | The Wisdom God Guides (iQPS Launch 6),2025-12-21 06:36:00+00:00,Launch Successful,,Rocket Lab,Commercial,Electron,,Earth Science,Low Earth Orbit,LEO,Rocket Lab Launch Complex 1B,"Rocket Lab Launch Complex 1, Mahia Peninsula, New Zealand",NZL
dc1b1aea-7a5f-4b39-9df5-1fd38dd670cf,H3-22 | Michibiki 5 (QZS-5),2025-12-22 01:51:30+00:00,Launch Failure,"2nd stage liquid hydrogen tank pressure abnormally start decreasing after fairing separation, leading up to 2nd stage 1st burn 27 seconds longer than planned & engine shutting down 1 second into 2nd burn. Payload stranded in LEO and re-entered shortly after.",Mitsubishi Heavy Industries,Commercial,H3-22,H3,Navigation,Geosynchronous Transfer Orbit,GSTO,Yoshinobu Launch Complex LP-2,"Tanegashima Space Center, Japan",JPN
a81fcb21-ed57-47ef-ab57-33ddd9c6ffcd,HANBIT-Nano | Spaceward,2025-12-23 01:13:00+00:00,Launch Failure,Apparently loss of control and crashed back on ground about 1 minute after launch.,Innospace,Private,HANBIT-Nano,HANBIT,Test Flight,Sun-Synchronous Orbit,SSO,HANBIT Pad,"Alcântara Space Center, Federative Republic of Brazil",BRA
c7ae20f6-347c-4039-a933-0ed9b28ad4b9,Long March 12A | Demo Flight,2025-12-23 02:00:00+00:00,Launch Successful,,China Aerospace Science and Technology Corporation,Government,Long March 12A,Long March,Test Flight,Low Earth Orbit,LEO,Long March 12 series Pad,"Jiuquan Satellite Launch Center, People's Republic of China",CHN
1c040590-5157-4850-86e2-f878dd7d49d4,LVM-3 | BlueBird 6 (Block 2 #1),2025-12-24 03:25:30+00:00,Launch Successful,,Indian Space Research Organization,Government,LVM-3 (GSLV Mk III),GSLV,Communications,Low Earth Orbit,LEO,Satish Dhawan Space Centre Second Launch Pad,"Satish Dhawan Space Centre, India",IND
7b60de1e-7d8a-4213-a2f5-44a01ae21e28,Soyuz 2.1a | Obzor-R No.1,2025-12-25 14:11:00+00:00,Launch Successful,,Russian Federal Space Agency (ROSCOSMOS),Government,Soyuz 2.1a,Soyuz,Earth Science,Sun-Synchronous Orbit,SSO,43/4 (43R),"Plesetsk Cosmodrome, Russian Federation",RUS
f4909efe-4764-43fa-9e4a-07e479af1ba7,Long March 8A | SatNet LEO Group 17,2025-12-25 23:26:00+00:00,Launch Successful,,China Aerospace Science and Technology Corporation,Government,Long March 8A,Long March,Communications,Low Earth Orbit,LEO,Commercial LC-1,"Wenchang Space Launch Site, People's Republic of China",CHN
9d69b85a-940d-4c1a-be75-6449d3b2a836,Long March 3B/E | Fengyun-4C,2025-12-26 16:07:00+00:00,Launch Successful,,China Aerospace Science and Technology Corporation,Government,Long March 3B/E,Long March,Earth Science,Geostationary Transfer Orbit,GTO,Launch Complex 2 (LC-2),"Xichang Satellite Launch Center, People's Republic of China",CHN
43cfdc96-8481-446f-ace5-ddc5ed60fb14,Soyuz 2.1b/Fregat-M | AIST-2T 01 & 02,2025-12-28 13:18:05+00:00,Launch Successful,,Russian Federal Space Agency (ROSCOSMOS),Government,Soyuz 2.1b/Fregat-M,Soyuz,Earth Science,Sun-Synchronous Orbit,SSO,Cosmodrome Site 1S,"Vostochny Cosmodrome, Siberia, Russian Federation",RUS
53aad862-af92-44b5-91ef-70e92a079ba4,Long March 4B | Tianhui 7,2025-12-30 04:12:00+00:00,Launch Successful,,China Aerospace Science and Technology Corporation,Government,Long March 4B,Long March,Earth Science,Sun-Synchronous Orbit,SSO,Launch Area 94 (SLS-2 / 603),"Jiuquan Satellite Launch Center, People's Republic of China",CHN
fb6d9dd6-2087-40b7-b3ca-c807b5b2be43,Long March 7A | Shijian 29 A-B,2025-12-30 22:40:00+00:00,Launch Successful,,China Aerospace Science and Technology Corporation,Government,Long March 7A,Long March,Technology,Geostationary Transfer Orbit,GTO,201,"Wenchang Space Launch Site, People's Republic of China",CHN
63ddb2d1-8369-4681-8a50-e95819150382,Falcon 9 Block 5 | CSG-3,2026-01-03 02:09:16+00:00,Launch Successful,,SpaceX,Commercial,Falcon 9,Falcon,Earth Science,Sun-Synchronous Orbit,SSO,Space Launch Complex 4E,"Vandenberg SFB, CA, USA",USA
ae315ab0-ecda-4c54-99c6-0a8818f55b0d,Falcon 9 Block 5 | Starlink Group 6-88,2026-01-04 06:48:10+00:00,Launch Successful,,SpaceX,Commercial,Falcon 9,Falcon,Communications,Low Earth Orbit,LEO,Space Launch Complex 40,"Cape Canaveral SFS, FL, USA",USA
7e36b745-9e50-43ce-9911-ee33aa540f72,Falcon 9 Block 5 | Starlink Group 6-96,2026-01-09 21:41:00+00:00,Launch Successful,,SpaceX,Commercial,Falcon 9,Falcon,Communications,Low Earth Orbit,LEO,Space Launch Complex 40,"Cape Canaveral SFS, FL, USA",USA
02700e48-65c6-4a95-8b97-c47152302283,Falcon 9 Block 5 | Pandora / Twilight rideshare mission,2026-01-11 13:44:50+00:00,Launch Successful,,SpaceX,Commercial,Falcon 9,Falcon,Astrophysics,Sun-Synchronous Orbit,SSO,Space Launch Complex 4E,"Vandenberg SFB, CA, USA",USA
520a0927-088f-4273-a7ea-eedb09965d89,PSLV-DL | EOS-N1 and others,2026-01-12 04:48:30+00:00,Launch Failure,3rd stage lost attitude control towards the end of burn; 4th stage separated and ignited but was unable to regain control.,Indian Space Research Organization,Government,PSLV-DL,PSLV,Earth Science,Sun-Synchronous Orbit,SSO,Satish Dhawan Space Centre First Launch Pad,"Satish Dhawan Space Centre, India",IND
0fb47674-d5c3-4681-ae0a-bff4c8e43d6a,Falcon 9 Block 5 | Starlink Group 6-97,2026-01-12 21:08:20+00:00,Launch Successful,,SpaceX,Commercial,Falcon 9,Falcon,Communications,Low Earth Orbit,LEO,Space Launch Complex 40,"Cape Canaveral SFS, FL, USA",USA
eac0eb9a-98c4-4660-a168-be5ec4e8ba4b,Long March 6A | Yaogan 50-01,2026-01-13 14:16:00+00:00,Launch Successful,,China Aerospace Science and Technology Corporation,Government,Long March 6A,Long March,Government/Top Secret,Low Earth Orbit,LEO,Launch Complex 9A,"Taiyuan Satellite Launch Center, People's Republic of China",CHN
2e15e3c4-408b-48a2-a647-4818df4eebc4,Long March 8A | SatNet LEO Group 18,2026-01-13 15:25:00+00:00,Launch Successful,,China Aerospace Science and Technology Corporation,Government,Long March 8A,Long March,Communications,Low Earth Orbit,LEO,Commercial LC-1,"Wenchang Space Launch Site, People's Republic of China",CHN
b8d9ff2b-a972-4e50-8fff-6c189dbe34cd,Falcon 9 Block 5 | Starlink Group 6-98,2026-01-14 18:08:20+00:00,Launch Successful,,SpaceX,Commercial,Falcon 9,Falcon,Communications,Low Earth Orbit,LEO,Space Launch Complex 40,"Cape Canaveral SFS, FL, USA",USA
8f17cfbf-7860-4ce8-acd0-75b35d57c81f,Long March 2C | AlSat 3A,2026-01-15 04:01:00+00:00,Launch Successful,,China Aerospace Science and Technology Corporation,Government,Long March 2C,Long March,Earth Science,Sun-Synchronous Orbit,SSO,Launch Area 94 (SLS-2 / 603),"Jiuquan Satellite Launch Center, People's Republic of China",CHN
ea2d97bc-a834-4904-b579-6a1e1f7a9c54,Ceres-1S | Tianqi 37-40,2026-01-15 20:10:00+00:00,Launch Successful,,Galactic Energy,Commercial,Ceres-1S,Ceres-1,Communications,Low Earth Orbit,LEO,Rizhao offshore launch location,Haiyang Oriental Spaceport,CHN
67068998-010a-40cc-8bc8-a60743cda331,Long March 3B/E | Shijian 32,2026-01-16 16:55:00+00:00,Launch Failure,"3rd stage failure, failed to reach orbit.",China Aerospace Science and Technology Corporation,Government,Long March 3B/E,Long March,Government/Top Secret,Geostationary Transfer Orbit,GTO,Launch Complex 2 (LC-2),"Xichang Satellite Launch Center, People's Republic of China",CHN
7650a17a-cc52-4597-bd1a-0951d7389a95,Ceres-2 | Demo Flight,2026-01-17 04:08:00+00:00,Launch Failure,"1st stage failure, failed to reach orbit.",Galactic Energy,Commercial,Ceres-2,,Test Flight,Unknown,N/A,Launch Area 95A,"Jiuquan Satellite Launch Center, People's Republic of China",CHN
1cdbe42e-22bb-470e-9107-edcc4c902ee5,Falcon 9 Block 5 | NROL-105,2026-01-17 04:39:51+00:00,Launch Successful,,SpaceX,Commercial,Falcon 9,Falcon,Government/Top Secret,Unknown,N/A,Space Launch Complex 4E,"Vandenberg SFB, CA, USA",USA
13979f7e-c835-4813-860f-915c8ce9e784,Falcon 9 Block 5 | Starlink Group 6-100,2026-01-18 23:31:40+00:00,Launch Successful,,SpaceX,Commercial,Falcon 9,Falcon,Communications,Low Earth Orbit,LEO,Space Launch Complex 40,"Cape Canaveral SFS, FL, USA",USA
878c07cc-73db-4be6-8492-42f2890a498a,Long March 12 | SatNet LEO Group 19,2026-01-19 07:48:00+00:00,Launch Successful,,China Aerospace Science and Technology Corporation,Government,Long March 12,Long March,Communications,Low Earth Orbit,LEO,Commercial LC-2,"Wenchang Space Launch Site, People's Republic of China",CHN
18292387-fbeb-43ac-97a0-1ade50bd68f1,Falcon 9 Block 5 | Starlink Group 17-30,2026-01-22 05:47:29+00:00,Launch Successful,,SpaceX,Commercial,Falcon 9,Falcon,Communications,Low Earth Orbit,LEO,Space Launch Complex 4E,"Vandenberg SFB, CA, USA",USA
50a682c6-1da0-4859-a163-4182c7619178,Electron | The Cosmos Will See You Now (Open Cosmos Constellation Launch 1),2026-01-22 10:52:00+00:00,Launch Successful,,Rocket Lab,Commercial,Electron,,Communications,Polar Orbit,PO,Rocket Lab Launch Complex 1A,"Rocket Lab Launch Complex 1, Mahia Peninsula, New Zealand",NZL
8d50a489-8f86-4411-81fa-d4bfe75680eb,New Shepard | NS-38,2026-01-22 16:25:35+00:00,Launch Successful,,Blue Origin,Commercial,New Shepard,,Tourism,Suborbital,Sub,West Texas Suborbital Launch Site/ Corn Ranch,"Corn Ranch, Van Horn, TX, USA",USA
90a7b825-ea15-41a2-a9d3-eb532a37e499,Falcon 9 Block 5 | Starlink Group 17-20,2026-01-25 17:30:39+00:00,Launch Successful,,SpaceX,Commercial,Falcon 9,Falcon,Communications,Low Earth Orbit,LEO,Space Launch Complex 4E,"Vandenberg SFB, CA, USA",USA
98f70f28-397a-4c0d-aeb2-e7f8a88e0323,Falcon 9 Block 5 | GPS III SV09,2026-01-28 04:53:16+00:00,Launch Successful,,SpaceX,Commercial,Falcon 9,Falcon,Navigation,Medium Earth Orbit,MEO,Space Launch Complex 40,"Cape Canaveral SFS, FL, USA",USA
5b32bfe3-2816-4a86-bf82-710d0b3660d2,Falcon 9 Block 5 | Starlink Group 17-19,2026-01-29 17:53:20+00:00,Launch Successful,,SpaceX,Commercial,Falcon 9,Falcon,Communications,Low Earth Orbit,LEO,Space Launch Complex 4E,"Vandenberg SFB, CA, USA",USA
3639c1c6-1f92-4836-9eeb-fd50ef398550,Electron | Bridging The Swarm (NeonSat-1A),2026-01-30 01:21:39+00:00,Launch Successful,,Rocket Lab,Commercial,Electron,,Earth Science,Sun-Synchronous Orbit,SSO,Rocket Lab Launch Complex 1A,"Rocket Lab Launch Complex 1, Mahia Peninsula, New Zealand",NZL
5d4e8970-46cd-4c5e-9b9b-391eeb0700a6,Falcon 9 Block 5 | Starlink Group 6-101,2026-01-30 07:22:00+00:00,Launch Successful,,SpaceX,Commercial,Falcon 9,Falcon,Communications,Low Earth Orbit,LEO,Space Launch Complex 40,"Cape Canaveral SFS, FL, USA",USA
5575fc3c-11e9-48e4-ab89-ac7a3e2ef32a,Long March 2C | AlSat 3B,2026-01-31 04:01:00+00:00,Launch Successful,,China Aerospace Science and Technology Corporation,Government,Long March 2C,Long March,Earth Science,Sun-Synchronous Orbit,SSO,Launch Area 94 (SLS-2 / 603),"Jiuquan Satellite Launch Center, People's Republic of China",CHN
d0949d55-3057-4eda-a5d8-cee5b0a7d3ce,Falcon 9 Block 5 | Starlink Group 17-32,2026-02-02 15:47:11+00:00,Launch Successful,,SpaceX,Commercial,Falcon 9,Falcon,Communications,Low Earth Orbit,LEO,Space Launch Complex 4E,"Vandenberg SFB, CA, USA",USA
726f22bb-8a58-482e-82e8-b2a88e08fc7e,Soyuz 2.1b/Fregat-M | Kosmos 2600-2608,2026-02-05 18:59:00+00:00,Launch Successful,,Russian Space Forces,Government,Soyuz 2.1b/Fregat-M,Soyuz,Government/Top Secret,Sun-Synchronous Orbit,SSO,43/4 (43R),"Plesetsk Cosmodrome, Russian Federation",RUS
a9fd7757-9a51-4607-845d-d830673c4486,Long March 2F/G | Chinese Reusable Space Vehicle,2026-02-07 03:58:00+00:00,Launch Successful,,China Aerospace Science and Technology Corporation,Government,Long March 2F/G,Long March,Government/Top Secret,Low Earth Orbit,LEO,Launch Area 91 (SLS-1 / 921),"Jiuquan Satellite Launch Center, People's Republic of China",CHN
5fd638a9-8676-4981-b398-18db6fb4e2be,Falcon 9 Block 5 | Starlink Group 17-33,2026-02-07 20:58:09+00:00,Launch Successful,,SpaceX,Commercial,Falcon 9,Falcon,Communications,Low Earth Orbit,LEO,Space Launch Complex 4E,"Vandenberg SFB, CA, USA",USA
d9c4e13d-abab-4ddc-9821-710a81d54e57,Falcon 9 Block 5 | Starlink Group 17-34,2026-02-11 17:11:29+00:00,Launch Successful,,SpaceX,Commercial,Falcon 9,Falcon,Communications,Low Earth Orbit,LEO,Space Launch Complex 4E,"Vandenberg SFB, CA, USA",USA
b7c38b80-6ce7-4ab0-8010-19ee11e26fc5,Smart Dragon 3 | PRSC-EO2 & 6 satellites,2026-02-12 06:37:00+00:00,Launch Successful,,China Rocket Co. Ltd.,Commercial,Smart Dragon 3,Smart Dragon,Earth Science,Sun-Synchronous Orbit,SSO,South China Sea (launch location 3),Haiyang Oriental Spaceport,CHN
f7a003eb-6eab-48e0-8c53-4ee9b1252696,Proton-M/Blok DM-03 | Elektro-L No.5,2026-02-12 08:52:15+00:00,Launch Successful,,Khrunichev State Research and Production Space Center,Government,Proton-M,Proton / UR-500,Earth Science,Geostationary Orbit,Direct-GEO,81/24 (81P),"Baikonur Cosmodrome, Republic of Kazakhstan",KAZ
550f778d-6c2d-41fc-b182-6f0cd8feda93,Vulcan VC4S | USSF-87,2026-02-12 09:22:00+00:00,Launch Successful,,United Launch Alliance,Commercial,Vulcan VC4S,Vulcan,Government/Top Secret,Geostationary Orbit,Direct-GEO,Space Launch Complex 41,"Cape Canaveral SFS, FL, USA",USA
71eba994-ab9f-4707-ba5e-024cfff73c01,Ariane 64 | Amazon Leo (LE-01),2026-02-12 16:45:30+00:00,Launch Successful,,Arianespace,Commercial,Ariane 64,Ariane,Communications,Low Earth Orbit,LEO,Ariane Launch Area 4,"Guiana Space Centre, French Guiana",GUF
862b54e3-7bf8-48e5-8cd1-d77257d5fde9,Falcon 9 Block 5 | Crew-12,2026-02-13 10:15:56+00:00,Launch Successful,,SpaceX,Commercial,Falcon 9,Falcon,Human Exploration,Low Earth Orbit,LEO,Space Launch Complex 40,"Cape Canaveral SFS, FL, USA",USA
041e2143-60b6-4f22-a971-8336ac096bea,Falcon 9 Block 5 | Starlink Group 17-13,2026-02-15 01:59:59+00:00,Launch Successful,,SpaceX,Commercial,Falcon 9,Falcon,Communications,Low Earth Orbit,LEO,Space Launch Complex 4E,"Vandenberg SFB, CA, USA",USA
a0ed15aa-4d23-48ac-a712-950228663b43,Falcon 9 Block 5 | Starlink Group 6-103,2026-02-16 07:59:40+00:00,Launch Successful,,SpaceX,Commercial,Falcon 9,Falcon,Communications,Low Earth Orbit,LEO,Space Launch Complex 40,"Cape Canaveral SFS, FL, USA",USA
57cc5e9e-97c2-4833-8bcd-e4e62ce63ec6,Falcon 9 Block 5 | Starlink Group 10-36,2026-02-20 01:41:40+00:00,Launch Successful,,SpaceX,Commercial,Falcon 9,Falcon,Communications,Low Earth Orbit,LEO,Space Launch Complex 40,"Cape Canaveral SFS, FL, USA",USA
7442d6d7-91a1-4c30-a759-3a6c16ce896c,Falcon 9 Block 5 | Starlink Group 17-25,2026-02-21 09:04:19+00:00,Launch Successful,,SpaceX,Commercial,Falcon 9,Falcon,Communications,Low Earth Orbit,LEO,Space Launch Complex 4E,"Vandenberg SFB, CA, USA",USA
49532577-7d26-49df-ada3-12a85bb8189e,Falcon 9 Block 5 | Starlink Group 6-104,2026-02-22 03:47:10+00:00,Launch Successful,,SpaceX,Commercial,Falcon 9,Falcon,Communications,Low Earth Orbit,LEO,Space Launch Complex 40,"Cape Canaveral SFS, FL, USA",USA
db5c6392-a8b5-4f97-8a38-cc147f086f00,Falcon 9 Block 5 | Starlink Group 6-110,2026-02-24 23:04:10+00:00,Launch Successful,,SpaceX,Commercial,Falcon 9,Falcon,Communications,Low Earth Orbit,LEO,Space Launch Complex 40,"Cape Canaveral SFS, FL, USA",USA
742daf86-0810-4df5-8a7d-1ff72a14e261,Falcon 9 Block 5 | Starlink Group 17-26,2026-02-25 14:17:49+00:00,Launch Successful,,SpaceX,Commercial,Falcon 9,Falcon,Communications,Low Earth Orbit,LEO,Space Launch Complex 4E,"Vandenberg SFB, CA, USA",USA
aeccc82e-4a01-46dc-a893-1d6d098973e2,Falcon 9 Block 5 | Starlink Group 6-108,2026-02-27 12:16:10+00:00,Launch Successful,,SpaceX,Commercial,Falcon 9,Falcon,Communications,Low Earth Orbit,LEO,Space Launch Complex 40,"Cape Canaveral SFS, FL, USA",USA
3785d31d-770f-4622-b7e4-a683dbd34c39,HASTE | That's Not A Knife (DART AE),2026-02-28 00:00:00+00:00,Launch Successful,,Rocket Lab,Commercial,Electron,,Government/Top Secret,Suborbital,Sub,Rocket Lab Launch Complex 2 (Launch Area 0 C),"Wallops Flight Facility, Virginia, USA",USA
887eb3dc-ead1-4fef-87a1-b490e780f43a,Falcon 9 Block 5 | Starlink Group 17-23,2026-03-01 10:10:39+00:00,Launch Successful,,SpaceX,Commercial,Falcon 9,Falcon,Communications,Low Earth Orbit,LEO,Space Launch Complex 4E,"Vandenberg SFB, CA, USA",USA
3f71a8a7-118f-460c-953b-984de24aba5c,Falcon 9 Block 5 | Starlink Group 10-41,2026-03-02 02:56:40+00:00,Launch Successful,,SpaceX,Commercial,Falcon 9,Falcon,Communications,Low Earth Orbit,LEO,Space Launch Complex 40,"Cape Canaveral SFS, FL, USA",USA
5d5e17f4-292b-45f6-ab53-05437cf63ce0,Falcon 9 Block 5 | Starlink Group 10-40,2026-03-04 10:52:20+00:00,Launch Successful,,SpaceX,Commercial,Falcon 9,Falcon,Communications,Low Earth Orbit,LEO,Space Launch Complex 40,"Cape Canaveral SFS, FL, USA",USA
cd4bb934-0652-4425-9a5c-bbe5e467ade4,KAIROS | Flight 3,2026-03-05 02:10:00+00:00,Launch Failure,"AFTS activated at T+68.8 seconds, cause under investigation with possibility of mis-activation.",Space One,Commercial,KAIROS,,Test Flight,Sun-Synchronous Orbit,SSO,Space One Launch Pad,"Spaceport Kii, Japan",JPN
3de97847-11cd-40e3-ba7f-e16b276612de,Electron | Insight At Speed Is A Friend Indeed (BlackSky Gen-3 4),2026-03-05 23:53:00+00:00,Launch Successful,,Rocket Lab,Commercial,Electron,,Earth Science,Low Earth Orbit,LEO,Rocket Lab Launch Complex 1A,"Rocket Lab Launch Complex 1, Mahia Peninsula, New Zealand",NZL
12e62caf-f4aa-4f28-a3bd-f9c8a44b707d,Falcon 9 Block 5 | Starlink Group 17-18,2026-03-08 11:00:19+00:00,Launch Successful,,SpaceX,Commercial,Falcon 9,Falcon,Communications,Low Earth Orbit,LEO,Space Launch Complex 4E,"Vandenberg SFB, CA, USA",USA
8701f102-a33e-450b-87b1-660679aab736,Falcon 9 Block 5 | EchoStar 25,2026-03-10 04:19:00+00:00,Launch Successful,,SpaceX,Commercial,Falcon 9,Falcon,Communications,Geostationary Transfer Orbit,GTO,Space Launch Complex 40,"Cape Canaveral SFS, FL, USA",USA
3f6de963-7197-48aa-a49f-6c944cbf85e9,Firefly Alpha | Stairway to Seven,2026-03-12 00:50:00+00:00,Launch Successful,,Firefly Aerospace,Commercial,Firefly Alpha,Firefly Alpha,Test Flight,Low Earth Orbit,LEO,Space Launch Complex 2W,"Vandenberg SFB, CA, USA",USA
2e3e33a1-b87d-4d52-a7e7-8cc5a28046fd,Long March 8A | SatNet LEO Group 20,2026-03-12 19:48:00+00:00,Launch Successful,,China Aerospace Science and Technology Corporation,Government,Long March 8A,Long March,Communications,Low Earth Orbit,LEO,Commercial LC-1,"Wenchang Space Launch Site, People's Republic of China",CHN
1d24bfe7-d524-41f0-85de-09e967618710,Long March 2D | Shiyan 30 03-04,2026-03-12 22:33:00+00:00,Launch Successful,,China Aerospace Science and Technology Corporation,Government,Long March 2D,Long March,Government/Top Secret,Low Earth Orbit,LEO,Launch Complex 3 (LC-3/LA-1),"Xichang Satellite Launch Center, People's Republic of China",CHN
d44f47c7-5e3e-40fb-9d10-b6e851acf81a,Falcon 9 Block 5 | Starlink Group 17-31,2026-03-13 14:57:59+00:00,Launch Successful,,SpaceX,Commercial,Falcon 9,Falcon,Communications,Low Earth Orbit,LEO,Space Launch Complex 4E,"Vandenberg SFB, CA, USA",USA
6f2868b8-1000-48e5-893b-700c1371b4fb,Falcon 9 Block 5 | Starlink Group 10-48,2026-03-14 12:37:10+00:00,Launch Successful,,SpaceX,Commercial,Falcon 9,Falcon,Communications,Low Earth Orbit,LEO,Space Launch Complex 40,"Cape Canaveral SFS, FL, USA",USA
f8766455-2b03-4629-a36e-b931c8b4a6c5,Long March 6A | Yaogan 50-02,2026-03-15 13:22:00+00:00,Launch Successful,,China Aerospace Science and Technology Corporation,Government,Long March 6A,Long March,Government/Top Secret,Low Earth Orbit,LEO,Launch Complex 9A,"Taiyuan Satellite Launch Center, People's Republic of China",CHN
9819a575-468b-41a3-b254-fe2db68889a4,Kuaizhou 11 | 8 satellites,2026-03-16 04:12:00+00:00,Launch Successful,,ExPace,Commercial,Kuaizhou 11,Kuaizhou,Technology,Sun-Synchronous Orbit,SSO,Launch Area 95A,"Jiuquan Satellite Launch Center, People's Republic of China",CHN
42e15d83-d3b0-469d-9d58-580d242f364f,Falcon 9 Block 5 | Starlink Group 17-24,2026-03-17 05:19:09+00:00,Launch Successful,,SpaceX,Commercial,Falcon 9,Falcon,Communications,Low Earth Orbit,LEO,Space Launch Complex 4E,"Vandenberg SFB, CA, USA",USA
f5df8e48-7612-4757-bd1b-cdb5b5a1936b,Falcon 9 Block 5 | Starlink Group 10-46,2026-03-17 13:27:34+00:00,Launch Successful,,SpaceX,Commercial,Falcon 9,Falcon,Communications,Low Earth Orbit,LEO,Space Launch Complex 40,"Cape Canaveral SFS, FL, USA",USA
890f714a-aa3c-487f-ae81-b7e654276cd5,Falcon 9 Block 5 | Starlink Group 10-33,2026-03-19 14:20:10+00:00,Launch Successful,,SpaceX,Commercial,Falcon 9,Falcon,Communications,Low Earth Orbit,LEO,Space Launch Complex 40,"Cape Canaveral SFS, FL, USA",USA
36dd2ab6-b454-40c5-8707-7d38c69cf226,Electron | Eight Days A Week (StriX Launch 8),2026-03-20 18:10:00+00:00,Launch Successful,,Rocket Lab,Commercial,Electron,,Earth Science,Low Earth Orbit,LEO,Rocket Lab Launch Complex 1B,"Rocket Lab Launch Complex 1, Mahia Peninsula, New Zealand",NZL
1ca3ea18-b25b-4aad-9f6a-60a6434a8fa7,Falcon 9 Block 5 | Starlink Group 17-15,2026-03-20 21:51:49+00:00,Launch Successful,,SpaceX,Commercial,Falcon 9,Falcon,Communications,Low Earth Orbit,LEO,Space Launch Complex 4E,"Vandenberg SFB, CA, USA",USA
cf34aee7-a118-433b-8337-05b2c6892815,Soyuz 2.1a | Progress MS-33 (94P),2026-03-22 11:59:51+00:00,Launch Successful,,Russian Federal Space Agency (ROSCOSMOS),Government,Soyuz 2.1a,Soyuz,Resupply,Low Earth Orbit,LEO,31/6,"Baikonur Cosmodrome, Republic of Kazakhstan",KAZ
2ab15fcb-7a74-429d-bab0-43635b723cfd,Falcon 9 Block 5 | Starlink Group 10-62,2026-03-22 14:47:00+00:00,Launch Successful,,SpaceX,Commercial,Falcon 9,Falcon,Communications,Low Earth Orbit,LEO,Space Launch Complex 40,"Cape Canaveral SFS, FL, USA",USA
dda0eca1-a770-43f7-ad38-43dc780d7303,Smart Dragon 3 | 10 x CentiSpace-1,2026-03-22 15:49:00+00:00,Launch Successful,,China Rocket Co. Ltd.,Commercial,Smart Dragon 3,Smart Dragon,Navigation,Low Earth Orbit,LEO,Haiyang offshore launch location,Haiyang Oriental Spaceport,CHN
1477dff4-27be-4fad-9120-a18f4eacbd57,Soyuz 2.1b | 16 x Rassvet-3,2026-03-23 17:24:00+00:00,Launch Successful,,Russian Federal Space Agency (ROSCOSMOS),Government,Soyuz 2.1b,Soyuz,Communications,Polar Orbit,PO,43/4 (43R),"Plesetsk Cosmodrome, Russian Federation",RUS
64f098a3-73c2-40ab-b80b-372275149980,Long March 2D | SuperView Neo 2-05 & 06,2026-03-25 22:51:00+00:00,Launch Successful,,China Aerospace Science and Technology Corporation,Government,Long March 2D,Long March,Earth Science,Sun-Synchronous Orbit,SSO,Launch Complex 9,"Taiyuan Satellite Launch Center, People's Republic of China",CHN
37dd4870-43df-4a28-9d14-0e088ddc1d2a,Falcon 9 Block 5 | Starlink Group 17-17,2026-03-26 23:03:19+00:00,Launch Successful,,SpaceX,Commercial,Falcon 9,Falcon,Communications,Low Earth Orbit,LEO,Space Launch Complex 4E,"Vandenberg SFB, CA, USA",USA
aec64478-97b7-422d-93ef-2a8b0ffc8c5a,Long March 2C/YZ-1S | Shiyan 33,2026-03-27 04:11:00+00:00,Launch Successful,,China Aerospace Science and Technology Corporation,Government,Long March 2C/YZ-1S,Long March,Government/Top Secret,Sun-Synchronous Orbit,SSO,Launch Area 94 (SLS-2 / 603),"Jiuquan Satellite Launch Center, People's Republic of China",CHN
b0ca3e7a-650e-4af6-bdf9-658e6e114763,Electron | Daughter Of The Stars (LEO-PNT Pathfinder A),2026-03-28 09:14:00+00:00,Launch Successful,,Rocket Lab,Commercial,Electron,,Navigation,Sun-Synchronous Orbit,SSO,Rocket Lab Launch Complex 1A,"Rocket Lab Launch Complex 1, Mahia Peninsula, New Zealand",NZL
e3b45caa-2ccc-4937-931b-780edbe58db9,Kinetica 2 | Demo Flight (Qingzhou Prototype Spacecraft),2026-03-30 11:00:00+00:00,Launch Successful,,CAS Space,Commercial,Kinetica 2,,Test Flight,Polar Orbit,PO,Launch Area 140,"Jiuquan Satellite Launch Center, People's Republic of China",CHN
fd4ba54a-df30-4318-a79b-2f9d6a38acc5,Falcon 9 Block 5 | Transporter 16 (Dedicated SSO Rideshare),2026-03-30 11:02:00+00:00,Launch Successful,,SpaceX,Commercial,Falcon 9,Falcon,Dedicated Rideshare,Sun-Synchronous Orbit,SSO,Space Launch Complex 4E,"Vandenberg SFB, CA, USA",USA
10fbecb2-7624-44bc-85ce-9a22b9b9f2ec,Falcon 9 Block 5 | Starlink Group 10-44,2026-03-30 21:15:00+00:00,Launch Successful,,SpaceX,Commercial,Falcon 9,Falcon,Communications,Low Earth Orbit,LEO,Space Launch Complex 40,"Cape Canaveral SFS, FL, USA",USA
41699701-2ef4-4b0c-ac9d-6757820cde87,SLS Block 1 | Artemis II,2026-04-01 22:35:12+00:00,Launch Successful,,National Aeronautics and Space Administration,Government,Space Launch System (SLS),Space Launch System,Human Exploration,Lunar flyby,Lunar flyby,Launch Complex 39B,"Kennedy Space Center, FL, USA",USA
63aa7636-d2b7-457f-a3e6-27e564e42941,Falcon 9 Block 5 | Starlink Group 10-58,2026-04-02 11:55:10+00:00,Launch Successful,,SpaceX,Commercial,Falcon 9,Falcon,Communications,Low Earth Orbit,LEO,Space Launch Complex 40,"Cape Canaveral SFS, FL, USA",USA
98451321-cd10-4ca7-a0d1-4076db5fa73d,Tianlong-3 | Demo Flight,2026-04-03 04:17:00+00:00,Launch Failure,Apparently failed around stage separation.,Space Pioneer,Commercial,Tianlong-3,,Test Flight,Polar Orbit,PO,Tianlong-3 Launch Pad,"Jiuquan Satellite Launch Center, People's Republic of China",CHN
bc0cca05-0fb5-43ca-b648-a852d20ceaf3,Soyuz 2.1a/Fregat-M | Meridian-M No.21L,2026-04-03 06:28:00+00:00,Launch Successful,,Russian Space Forces,Government,Soyuz 2.1a/Fregat-M,Soyuz,Communications,Elliptical Orbit,Elliptical,43/3 (43L),"Plesetsk Cosmodrome, Russian Federation",RUS
8a9f7ce9-4ab5-4227-95f1-9f328def8828,Atlas V 551 | Amazon Leo (LA-05),2026-04-04 05:46:00+00:00,Launch Successful,,United Launch Alliance,Commercial,Atlas V 551,Atlas,Communications,Low Earth Orbit,LEO,Space Launch Complex 41,"Cape Canaveral SFS, FL, USA",USA
becc7e9c-72cc-4eb5-a638-1af4491a5729,Falcon 9 Block 5 | Starlink Group 17-35,2026-04-07 02:50:39+00:00,Launch Successful,,SpaceX,Commercial,Falcon 9,Falcon,Communications,Low Earth Orbit,LEO,Space Launch Complex 4E,"Vandenberg SFB, CA, USA",USA
ca4fc7a6-fa84-47f7-89f7-dcf299665817,Minotaur IV | STP-S29A,2026-04-07 11:33:00+00:00,Launch Successful,,Northrop Grumman Space Systems,Commercial,Minotaur IV,Minotaur,Technology,Low Earth Orbit,LEO,Space Launch Complex 8,"Vandenberg SFB, CA, USA",USA
4dac3740-b75f-4d76-b702-5967d09085d8,Long March 8 | SpaceSail Polar Group #7,2026-04-07 13:32:00+00:00,Launch Successful,,China Aerospace Science and Technology Corporation,Government,Long March 8,Long March,Communications,Polar Orbit,PO,Commercial LC-1,"Wenchang Space Launch Site, People's Republic of China",CHN
c0d1609f-edc0-4970-8dc1-1b80a5d8c4cb,Long March 6A | SatNet LEO Group 21,2026-04-08 19:38:00+00:00,Launch Successful,,China Aerospace Science and Technology Corporation,Government,Long March 6A,Long March,Communications,Polar Orbit,PO,Launch Complex 9A,"Taiyuan Satellite Launch Center, People's Republic of China",CHN
f6c9396f-5f02-49e6-a847-83e4c774e0e9,Falcon 9 Block 5 | Starlink Group 17-21,2026-04-11 05:04:19+00:00,Launch Successful,,SpaceX,Commercial,Falcon 9,Falcon,Communications,Low Earth Orbit,LEO,Space Launch Complex 4E,"Vandenberg SFB, CA, USA",USA
34fbbb9b-2a86-42cc-af02-6cfe1f4236f7,Smart Dragon 3 | SatNet test satellite,2026-04-11 11:32:00+00:00,Launch Successful,,China Rocket Co. Ltd.,Commercial,Smart Dragon 3,Smart Dragon,Communications,Polar Orbit,PO,South China Sea (launch location 3),Haiyang Oriental Spaceport,CHN
5ed6ab75-8c5b-4013-93e1-1deb56b14f1d,Falcon 9 Block 5 | Cygnus CRS-2 NG-24 (S.S. Steven R. Nagel),2026-04-11 11:41:21+00:00,Launch Successful,,SpaceX,Commercial,Falcon 9,Falcon,Resupply,Low Earth Orbit,LEO,Space Launch Complex 40,"Cape Canaveral SFS, FL, USA",USA
33b673eb-b25b-462a-a092-040a6875654c,Kinetica 1 | 8 x Jilin-1,2026-04-14 04:03:00+00:00,Launch Successful,,CAS Space,Commercial,Kinetica 1,,Earth Science,Sun-Synchronous Orbit,SSO,Launch Area 130,"Jiuquan Satellite Launch Center, People's Republic of China",CHN
5352577c-d94a-4e68-a0c8-b0b684621a4f,Falcon 9 Block 5 | Starlink Group 10-24,2026-04-14 09:33:10+00:00,Launch Successful,,SpaceX,Commercial,Falcon 9,Falcon,Communications,Low Earth Orbit,LEO,Space Launch Complex 40,"Cape Canaveral SFS, FL, USA",USA
7cb38bf5-6e8b-4325-be4e-3d226be5eada,Falcon 9 Block 5 | Starlink Group 17-27,2026-04-15 04:29:49+00:00,Launch Successful,,SpaceX,Commercial,Falcon 9,Falcon,Communications,Low Earth Orbit,LEO,Space Launch Complex 4E,"Vandenberg SFB, CA, USA",USA
0c69b50a-11d4-4c68-a0f6-4498d6ee713a,Soyuz 2.1b/Volga | Kosmos 2609-2614,2026-04-16 23:17:00+00:00,Launch Successful,,Russian Space Forces,Government,Soyuz 2.1b/Volga,Soyuz,Government/Top Secret,Sun-Synchronous Orbit,SSO,43/4 (43R),"Plesetsk Cosmodrome, Russian Federation",RUS
a89636b5-20f0-491a-88a4-0ff26880ae77,Long March 4C | Daqi-2 (AEMS),2026-04-17 04:10:00+00:00,Launch Successful,,China Aerospace Science and Technology Corporation,Government,Long March 4C,Long March,Earth Science,Sun-Synchronous Orbit,SSO,Launch Area 94 (SLS-2 / 603),"Jiuquan Satellite Launch Center, People's Republic of China",CHN
53769468-bfd3-45c7-a52b-46a68ed7510f,New Glenn | BlueBird 7 (Block 2 #2),2026-04-19 11:25:00+00:00,Launch Failure,"AST SpaceMobile’s BlueBird 7 successfully launched on Blue Origin’s New Glenn rocket, but was placed into an unusable lower orbit and will be deorbited despite the booster landing successfully.",Blue Origin,Commercial,New Glenn,New Glenn,Communications,Low Earth Orbit,LEO,Launch Complex 36A,"Cape Canaveral SFS, FL, USA",USA
0727a92f-0a9c-4e01-9bf4-1dc698e17e6b,Falcon 9 Block 5 | Starlink Group 17-22,2026-04-19 16:03:09+00:00,Launch Successful,,SpaceX,Commercial,Falcon 9,Falcon,Communications,Low Earth Orbit,LEO,Space Launch Complex 4E,"Vandenberg SFB, CA, USA",USA
2c5686ec-b0fd-4987-935d-587e3c85fa2d,Falcon 9 Block 5 | GPS III SV10,2026-04-21 06:53:25+00:00,Launch Successful,,SpaceX,Commercial,Falcon 9,Falcon,Navigation,Medium Earth Orbit,MEO,Space Launch Complex 40,"Cape Canaveral SFS, FL, USA",USA
4e074623-426a-4ab2-8729-a85200684bef,HASTE | Bubbles,2026-04-22 01:36:00+00:00,Launch Successful,,Rocket Lab,Commercial,Electron,,Government/Top Secret,Suborbital,Sub,Rocket Lab Launch Complex 2 (Launch Area 0 C),"Wallops Flight Facility, Virginia, USA",USA
9281afa8-140d-425b-a560-2fa59feef814,Electron | Kakushin Rising (JAXA Rideshare),2026-04-23 03:09:00+00:00,Launch Successful,,Rocket Lab,Commercial,Electron,,Technology,Sun-Synchronous Orbit,SSO,Rocket Lab Launch Complex 1A,"Rocket Lab Launch Complex 1, Mahia Peninsula, New Zealand",NZL
20418dc6-1870-4018-adda-1e6156717f02,Falcon 9 Block 5 | Starlink Group 17-14,2026-04-23 03:23:09+00:00,Launch Successful,,SpaceX,Commercial,Falcon 9,Falcon,Communications,Low Earth Orbit,LEO,Space Launch Complex 4E,"Vandenberg SFB, CA, USA",USA
41139aa5-3f45-440a-8131-9cb391ddc995,Angara 1.2 | Kosmos 2615-2618,2026-04-23 08:29:00+00:00,Launch Successful,,Russian Space Forces,Government,Angara 1.2,Angara,Government/Top Secret,Sun-Synchronous Orbit,SSO,35/1,"Plesetsk Cosmodrome, Russian Federation",RUS
214b4db1-7112-4428-a999-29d2765c8306,Long March 2D | 4 x SatNet test satellites,2026-04-24 06:35:00+00:00,Launch Successful,,China Aerospace Science and Technology Corporation,Government,Long March 2D,Long March,Communications,Low Earth Orbit,LEO,Launch Complex 3 (LC-3/LA-1),"Xichang Satellite Launch Center, People's Republic of China",CHN
88ab98d8-44e9-4aae-ac0f-02006a1d7ce6,Long March 6 | PRSC-EO3,2026-04-25 12:15:00+00:00,Launch Successful,,China Aerospace Science and Technology Corporation,Government,Long March 6,Long March,Earth Science,Low Earth Orbit,LEO,Launch Complex 16,"Taiyuan Satellite Launch Center, People's Republic of China",CHN
33eb7522-d371-4195-addb-c22aeff30c41,Soyuz 2.1a | Progress MS-34 (95P),2026-04-25 22:21:47+00:00,Launch Successful,,Russian Federal Space Agency (ROSCOSMOS),Government,Soyuz 2.1a,Soyuz,Resupply,Low Earth Orbit,LEO,31/6,"Baikonur Cosmodrome, Republic of Kazakhstan",KAZ
d3a6d59f-c38d-4fcd-9f5d-b091aa14afa9,Falcon 9 Block 5 | Starlink Group 17-16,2026-04-26 14:37:09+00:00,Launch Successful,,SpaceX,Commercial,Falcon 9,Falcon,Communications,Low Earth Orbit,LEO,Space Launch Complex 4E,"Vandenberg SFB, CA, USA",USA
7e89e423-6f47-40a0-b075-c6fc1d9cf228,Atlas V 551 | Amazon Leo (LA-06),2026-04-28 00:53:30+00:00,Launch Successful,,United Launch Alliance,Commercial,Atlas V 551,Atlas,Communications,Low Earth Orbit,LEO,Space Launch Complex 41,"Cape Canaveral SFS, FL, USA",USA
4cc237b2-c61a-491e-9532-466cce81f524,Falcon Heavy | ViaSat-3 F3 (ViaSat-3 Asia-Pacific),2026-04-29 14:13:00+00:00,Launch Successful,,SpaceX,Commercial,Falcon Heavy,Falcon,Communications,Geostationary Transfer Orbit,GTO,Launch Complex 39A,"Kennedy Space Center, FL, USA",USA
6bfe08b4-a35d-4297-8de7-dec0eb678eb6,Falcon 9 Block 5 | Starlink Group 17-36,2026-04-30 02:42:49+00:00,Launch Successful,,SpaceX,Commercial,Falcon 9,Falcon,Communications,Low Earth Orbit,LEO,Space Launch Complex 4E,"Vandenberg SFB, CA, USA",USA
7bffe283-a708-427d-ba0d-43ea741453b1,Ariane 64 | Amazon Leo (LE-02),2026-04-30 08:57:15+00:00,Launch Successful,,Arianespace,Commercial,Ariane 64,Ariane,Communications,Low Earth Orbit,LEO,Ariane Launch Area 4,"Guiana Space Centre, French Guiana",GUF
74b3aa8f-dc54-43dd-b8dd-1dc62ccccfc4,Soyuz-5 | Demo Flight,2026-04-30 18:00:00+00:00,Launch Successful,,RKK Energiya,Commercial,Soyuz-5,Soyuz-5,Test Flight,Suborbital,Sub,45/1,"Baikonur Cosmodrome, Republic of Kazakhstan",KAZ
b3877a27-7332-47cb-ac46-12a32143081b,Falcon 9 Block 5 | Starlink Group 10-38,2026-05-01 18:06:10+00:00,Launch Successful,,SpaceX,Commercial,Falcon 9,Falcon,Communications,Low Earth Orbit,LEO,Space Launch Complex 40,"Cape Canaveral SFS, FL, USA",USA
05530ccb-7184-41e7-b2e5-c090b61e0e3a,Falcon 9 Block 5 | CAS500-2 & Others,2026-05-03 07:00:00+00:00,Launch Successful,,SpaceX,Commercial,Falcon 9,Falcon,Earth Science,Sun-Synchronous Orbit,SSO,Space Launch Complex 4E,"Vandenberg SFB, CA, USA",USA
dd82ccd7-9ab2-410a-ac41-306218015c05,Falcon 9 Block 5 | Starlink Group 17-29,2026-05-06 03:59:19+00:00,Launch Successful,,SpaceX,Commercial,Falcon 9,Falcon,Communications,Low Earth Orbit,LEO,Space Launch Complex 4E,"Vandenberg SFB, CA, USA",USA
a5872822-76df-404b-93d0-9ecd7ba80a70,Long March 7 | Tianzhou-10,2026-05-11 00:14:32+00:00,Launch Successful,,China Aerospace Science and Technology Corporation,Government,Long March 7,Long March,Resupply,Low Earth Orbit,LEO,201,"Wenchang Space Launch Site, People's Republic of China",CHN
24f0b5b1-f573-4cc9-8898-1eb7fd5cc0f2,Falcon 9 Block 5 | NROL-172,2026-05-12 02:13:50+00:00,Launch Successful,,SpaceX,Commercial,Falcon 9,Falcon,Government/Top Secret,Unknown,N/A,Space Launch Complex 4E,"Vandenberg SFB, CA, USA",USA
d50ae620-be2f-4690-9f86-fbc2a194bf29,Long March 6A | SpaceSail Polar Group #8,2026-05-12 11:59:00+00:00,Launch Successful,,China Aerospace Science and Technology Corporation,Government,Long March 6A,Long March,Communications,Polar Orbit,PO,Launch Complex 9A,"Taiyuan Satellite Launch Center, People's Republic of China",CHN
4aa02420-1bcb-4dd9-afa8-06d5ff89d248,Zhuque-2E Block 2 | Mass Simulator,2026-05-14 03:00:00+00:00,Launch Successful,,LandSpace,Commercial,Zhuque-2E Block 2,Zhuque,Test Flight,Polar Orbit,PO,Launch Area 96A,"Jiuquan Satellite Launch Center, People's Republic of China",CHN
4d70f2c0-953e-4fbc-b579-3c901c06a158,Kinetica 1 | 5 satellites,2026-05-15 04:33:00+00:00,Launch Successful,,CAS Space,Commercial,Kinetica 1,,Earth Science,Sun-Synchronous Orbit,SSO,Launch Area 130,"Jiuquan Satellite Launch Center, People's Republic of China",CHN
e60aa241-1f2c-4459-ba94-2f576c3e5632,Falcon 9 Block 5 | Dragon CRS-2 SpX-34,2026-05-15 22:05:41+00:00,Launch Successful,,SpaceX,Commercial,Falcon 9,Falcon,Resupply,Low Earth Orbit,LEO,Space Launch Complex 40,"Cape Canaveral SFS, FL, USA",USA
aef8f8ea-522b-4bdb-9d57-212bbe981946,Long March 8 | SpaceSail Polar Group #9,2026-05-17 14:42:00+00:00,Launch Successful,,China Aerospace Science and Technology Corporation,Government,Long March 8,Long March,Communications,Polar Orbit,PO,Commercial LC-1,"Wenchang Space Launch Site, People's Republic of China",CHN
b31313da-ee5d-42b2-9a27-20cc18105276,Vega-C | Solar wind Magnetosphere Ionosphere Link Explorer (SMILE),2026-05-19 03:52:10+00:00,Launch Successful,,Avio S.p.A,Commercial,Vega-C,Vega,Astrophysics,Elliptical Orbit,Elliptical,Ariane Launch Area 1 (ELV),"Guiana Space Centre, French Guiana",GUF
7ba18bcb-c711-4329-9fc1-7ac017fadfff,Falcon 9 Block 5 | Starlink Group 17-42,2026-05-20 02:46:19+00:00,Launch Successful,,SpaceX,Commercial,Falcon 9,Falcon,Communications,Low Earth Orbit,LEO,Space Launch Complex 4E,"Vandenberg SFB, CA, USA",USA
ef65c43b-faf9-4adb-9155-289eaabdd097,Falcon 9 Block 5 | Starlink Group 10-31,2026-05-21 10:04:20+00:00,Launch Successful,,SpaceX,Commercial,Falcon 9,Falcon,Communications,Low Earth Orbit,LEO,Space Launch Complex 40,"Cape Canaveral SFS, FL, USA",USA
156a9e46-01b5-46f4-818e-ea563c71c5fe,Electron | Viva La StriX (StriX Launch 9),2026-05-22 09:33:00+00:00,Launch Successful,,Rocket Lab,Commercial,Electron,,Earth Science,Low Earth Orbit,LEO,Rocket Lab Launch Complex 1B,"Rocket Lab Launch Complex 1, Mahia Peninsula, New Zealand",NZL
ed83366c-872c-4484-97c1-bc74832304fc,Starship | Flight 12,2026-05-22 22:30:24+00:00,Launch Successful,,SpaceX,Commercial,Starship,Starship,Test Flight,Suborbital,Sub,Orbital Launch Pad 2,"SpaceX Starbase, TX, USA",USA
a0e0f590-1cb4-4b6b-845c-0087633af132,Long March 2F/G | Shenzhou 23,2026-05-24 15:08:36+00:00,Launch Successful,,China Aerospace Science and Technology Corporation,Government,Long March 2F/G,Long March,Human Exploration,Low Earth Orbit,LEO,Launch Area 91 (SLS-1 / 921),"Jiuquan Satellite Launch Center, People's Republic of China",CHN
e6159040-124e-4a2a-91db-41f5a48acfd8,Falcon 9 Block 5 | Starlink Group 10-47,2026-05-25 11:48:04+00:00,Launch Successful,,SpaceX,Commercial,Falcon 9,Falcon,Communications,Low Earth Orbit,LEO,Space Launch Complex 40,"Cape Canaveral SFS, FL, USA",USA
75a35be5-b3bd-4591-b978-9a876da9fa96,Falcon 9 Block 5 | Starlink Group 17-37,2026-05-26 14:50:34+00:00,Launch Successful,,SpaceX,Commercial,Falcon 9,Falcon,Communications,Low Earth Orbit,LEO,Space Launch Complex 4E,"Vandenberg SFB, CA, USA",USA
6d2beb1a-6869-4505-9fc1-a4aa224178e2,Long March 7A | TJSW-24,2026-05-26 16:16:00+00:00,Launch Successful,,China Aerospace Science and Technology Corporation,Government,Long March 7A,Long March,Government/Top Secret,Geostationary Transfer Orbit,GTO,201,"Wenchang Space Launch Site, People's Republic of China",CHN
384fb817-2a18-46ec-b294-613c08ecea52,Falcon 9 Block 5 | Starlink Group 10-53,2026-05-29 12:57:15+00:00,Launch Successful,,SpaceX,Commercial,Falcon 9,Falcon,Communications,Low Earth Orbit,LEO,Space Launch Complex 40,"Cape Canaveral SFS, FL, USA",USA
ff0a6a32-6513-4e85-9fd8-a2d022add74d,Atlas V 551 | Amazon Leo (LA-07),2026-05-29 23:53:00+00:00,Launch Successful,,United Launch Alliance,Commercial,Atlas V 551,Atlas,Communications,Low Earth Orbit,LEO,Space Launch Complex 41,"Cape Canaveral SFS, FL, USA",USA
a7341350-789e-4f61-99a4-a61ebc40c05b,Falcon 9 Block 5 | Starlink Group 17-41,2026-05-30 15:25:10+00:00,Launch Successful,,SpaceX,Commercial,Falcon 9,Falcon,Communications,Low Earth Orbit,LEO,Space Launch Complex 4E,"Vandenberg SFB, CA, USA",USA
0ab3587d-bb8c-4515-a321-2ec154840659,Long March 2D | 4 x SatNet test satellites,2026-05-30 18:07:00+00:00,Launch Successful,,China Aerospace Science and Technology Corporation,Government,Long March 2D,Long March,Communications,Low Earth Orbit,LEO,Launch Complex 3 (LC-3/LA-1),"Xichang Satellite Launch Center, People's Republic of China",CHN
459225a2-dc1a-43d7-8c2c-78f9552b0a05,Long March 12B | Demo Flight (SpaceSail Polar Group #10),2026-06-01 08:40:00+00:00,Launch Successful,,China Aerospace Science and Technology Corporation,Government,Long March 12B,Long March,Test Flight,Polar Orbit,PO,Long March 12 series Pad,"Jiuquan Satellite Launch Center, People's Republic of China",CHN
4936311a-af7c-4b05-8d7b-3eea59fc0f11,Falcon 9 Block 5 | Starlink Group 17-47,2026-06-03 15:40:39+00:00,Launch Successful,,SpaceX,Commercial,Falcon 9,Falcon,Communications,Low Earth Orbit,LEO,Space Launch Complex 4E,"Vandenberg SFB, CA, USA",USA
cfff5e89-af2e-46b1-9446-7b0f18de4ef7,Falcon 9 Block 5 | Starlink Group 10-43,2026-06-04 10:26:30+00:00,Launch Successful,,SpaceX,Commercial,Falcon 9,Falcon,Communications,Low Earth Orbit,LEO,Space Launch Complex 40,"Cape Canaveral SFS, FL, USA",USA
5db6b0f1-446d-4209-824f-1187e1b6d212,Long March 6A | SpaceSail Polar Group #11,2026-06-04 11:39:00+00:00,Launch Successful,,China Aerospace Science and Technology Corporation,Government,Long March 6A,Long March,Communications,Polar Orbit,PO,Launch Complex 9A,"Taiyuan Satellite Launch Center, People's Republic of China",CHN
3dd21d77-a37d-419c-86fb-8591fe256583,Long March 8 | SpaceSail Polar Group #12,2026-06-05 06:34:00+00:00,Launch Successful,,China Aerospace Science and Technology Corporation,Government,Long March 8,Long March,Communications,Polar Orbit,PO,Commercial LC-1,"Wenchang Space Launch Site, People's Republic of China",CHN
af8d71dd-f439-47b3-91ed-57f959a581e0,Falcon 9 Block 5 | Starlink Group 17-43,2026-06-07 04:24:45+00:00,Launch Successful,,SpaceX,Commercial,Falcon 9,Falcon,Communications,Low Earth Orbit,LEO,Space Launch Complex 4E,"Vandenberg SFB, CA, USA",USA
114577dc-7617-461c-aaeb-9bd0f64b5a4b,Falcon 9 Block 5 | Starlink Group 10-35,2026-06-08 10:13:50+00:00,Launch Successful,,SpaceX,Commercial,Falcon 9,Falcon,Communications,Low Earth Orbit,LEO,Space Launch Complex 40,"Cape Canaveral SFS, FL, USA",USA
93cd9d2d-d8e2-49a1-8a85-a0eb8aef4804,Zhuque-2E Block 2 | 2 x SatNet DTC test satellites,2026-06-09 08:23:00+00:00,Launch Successful,,LandSpace,Commercial,Zhuque-2E Block 2,Zhuque,Communications,Low Earth Orbit,LEO,Launch Area 96A,"Jiuquan Satellite Launch Center, People's Republic of China",CHN
2670e4f1-d58b-4787-9c3f-f9eb03349513,Long March 5 | TJSW-25,2026-06-11 07:30:00+00:00,Launch Successful,,China Aerospace Science and Technology Corporation,Government,Long March 5,Long March,Government/Top Secret,Geostationary Transfer Orbit,GTO,101,"Wenchang Space Launch Site, People's Republic of China",CHN
e6cefffc-19a6-4a4b-a7f0-ebe907d5a6aa,HASTE | Curveball,2026-06-11 08:00:00+00:00,Launch Successful,,Rocket Lab,Commercial,Electron,,Government/Top Secret,Low Earth Orbit,LEO,Rocket Lab Launch Complex 2 (Launch Area 0 C),"Wallops Flight Facility, Virginia, USA",USA
c7b7e18f-1b42-467e-a8ed-181fb58080e8,Falcon 9 Block 5 | Starlink Group 17-44,2026-06-11 15:05:59+00:00,Launch Successful,,SpaceX,Commercial,Falcon 9,Falcon,Communications,Low Earth Orbit,LEO,Space Launch Complex 4E,"Vandenberg SFB, CA, USA",USA
e1a3b702-464f-435d-8c1f-ade9be196b77,H3-30 | H3-30 Test Flight,2026-06-12 00:53:59+00:00,Launch Successful,,Mitsubishi Heavy Industries,Commercial,H3-30,H3,Test Flight,Sun-Synchronous Orbit,SSO,Yoshinobu Launch Complex LP-2,"Tanegashima Space Center, Japan",JPN
229267d8-74ca-4d0b-8711-b2efe621fc6b,Falcon 9 Block 5 | Starlink Group 10-54,2026-06-12 12:37:00+00:00,Launch Successful,,SpaceX,Commercial,Falcon 9,Falcon,Communications,Low Earth Orbit,LEO,Space Launch Complex 40,"Cape Canaveral SFS, FL, USA",USA
ffc0aee1-fdd7-4638-b098-9d0c01b40663,Kinetica 1 | 8 x Jilin-1,2026-06-15 03:44:00+00:00,Launch Successful,,CAS Space,Commercial,Kinetica 1,,Earth Science,Sun-Synchronous Orbit,SSO,Launch Area 130,"Jiuquan Satellite Launch Center, People's Republic of China",CHN
bad5ea8c-8b17-4cb3-a063-d427fb092275,Falcon 9 Block 5 | Starlink Group 17-54,2026-06-15 15:34:35+00:00,Launch Successful,,SpaceX,Commercial,Falcon 9,Falcon,Communications,Low Earth Orbit,LEO,Space Launch Complex 4E,"Vandenberg SFB, CA, USA",USA
0ff43072-5407-425b-8c8d-6bca068143b9,Long March 3B/E | Shijian 31,2026-06-16 09:45:00+00:00,Launch Successful,,China Aerospace Science and Technology Corporation,Government,Long March 3B/E,Long March,Government/Top Secret,Elliptical Orbit,Elliptical,Launch Complex 2 (LC-2),"Xichang Satellite Launch Center, People's Republic of China",CHN
756a042f-3da8-4a21-bb42-5996fc148050,Long March 12 | SatNet LEO Group 22,2026-06-17 02:44:00+00:00,Launch Successful,,China Aerospace Science and Technology Corporation,Government,Long March 12,Long March,Communications,Low Earth Orbit,LEO,Commercial LC-2,"Wenchang Space Launch Site, People's Republic of China",CHN
cf655887-1cc5-4ef5-b8be-2821d5af17c9,Kuaizhou 11 | CentiSpace-1 Group 05,2026-06-17 03:58:00+00:00,Launch Successful,,ExPace,Commercial,Kuaizhou 11,Kuaizhou,Navigation,Low Earth Orbit,LEO,Launch Area 95A,"Jiuquan Satellite Launch Center, People's Republic of China",CHN
c3f48f48-0e0a-4bca-917e-de494cfca35b,Falcon 9 Block 5 | BlueBird 8-10 (Block 2 #3-5),2026-06-17 06:39:00+00:00,Launch Successful,,SpaceX,Commercial,Falcon 9,Falcon,Communications,Low Earth Orbit,LEO,Space Launch Complex 40,"Cape Canaveral SFS, FL, USA",USA
ed8ccd18-b530-4f55-92ae-bda89ac2985c,Ariane 64 Block 2 | Amazon Leo (LE-03),2026-06-17 12:21:52+00:00,Launch Successful,,Arianespace,Commercial,Ariane 64,Ariane,Communications,Low Earth Orbit,LEO,Ariane Launch Area 4,"Guiana Space Centre, French Guiana",GUF
5d4099bf-a0be-4f54-b236-b6ab3aed4146,Falcon 9 Block 5 | NROL-179,2026-06-19 08:50:45+00:00,Launch Successful,,SpaceX,Commercial,Falcon 9,Falcon,Government/Top Secret,Unknown,N/A,Space Launch Complex 4E,"Vandenberg SFB, CA, USA",USA
04154b70-045b-4e3a-bb5a-e5436091ba37,Electron | VICTUS HAZE Puma,2026-06-19 10:19:00+00:00,Launch Successful,,Rocket Lab,Commercial,Electron,,Government/Top Secret,Low Earth Orbit,LEO,Rocket Lab Launch Complex 1A,"Rocket Lab Launch Complex 1, Mahia Peninsula, New Zealand",NZL
de5fbae3-66b9-4bbf-8938-4d55f3318c07,Falcon 9 Block 5 | Starlink Group 17-28,2026-06-21 16:39:06+00:00,Launch Successful,,SpaceX,Commercial,Falcon 9,Falcon,Communications,Low Earth Orbit,LEO,Space Launch Complex 4E,"Vandenberg SFB, CA, USA",USA
f72c6ea1-dc44-4f0e-bb51-1c52eff9efe8,Long March 7A | TJSW-26A,2026-06-23 02:10:00+00:00,Launch Successful,,China Aerospace Science and Technology Corporation,Government,Long March 7A,Long March,Government/Top Secret,Geostationary Transfer Orbit,GTO,201,"Wenchang Space Launch Site, People's Republic of China",CHN
74bf8472-9ba1-42d6-9245-b014f8e91de9,Falcon 9 Block 5 | Project Starfall Demonstration Mission,2026-06-23 10:53:00+00:00,Launch Successful,,SpaceX,Commercial,Falcon 9,Falcon,Technology,Low Earth Orbit,LEO,Space Launch Complex 40,"Cape Canaveral SFS, FL, USA",USA
a4fb0d1a-2655-4552-b950-f2f6340ef85a,Falcon 9 Block 5 | Starlink Group 17-45,2026-06-25 03:30:38+00:00,Launch Successful,,SpaceX,Commercial,Falcon 9,Falcon,Communications,Low Earth Orbit,LEO,Space Launch Complex 4E,"Vandenberg SFB, CA, USA",USA
add0a5be-1cf0-49cb-975a-e8c8e18d37ec,Electron | Ten Owl Of Ten (StriX Launch 10),2026-06-26 17:43:00+00:00,Launch Successful,,Rocket Lab,Commercial,Electron,,Earth Science,Low Earth Orbit,LEO,Rocket Lab Launch Complex 1B,"Rocket Lab Launch Complex 1, Mahia Peninsula, New Zealand",NZL
0740c699-9877-4331-8aef-4e29ea6281c0,Falcon 9 Block 5 | Starlink Group 17-40,2026-06-28 16:09:18+00:00,Launch Successful,,SpaceX,Commercial,Falcon 9,Falcon,Communications,Low Earth Orbit,LEO,Space Launch Complex 4E,"Vandenberg SFB, CA, USA",USA
ce3db8f7-ba9b-4a2a-953c-c6c6ee926541,Falcon 9 Block 5 | Sirius SXM-11,2026-06-29 02:25:00+00:00,Launch Successful,,SpaceX,Commercial,Falcon 9,Falcon,Communications,Geostationary Transfer Orbit,GTO,Space Launch Complex 40,"Cape Canaveral SFS, FL, USA",USA
2bedbf8c-8df2-4e24-8397-8c2a08fab581,Long March 4B | Haiyang 2E,2026-07-01 23:46:00+00:00,Launch Successful,,China Aerospace Science and Technology Corporation,Government,Long March 4B,Long March,Earth Science,Sun-Synchronous Orbit,SSO,Launch Area 94 (SLS-2 / 603),"Jiuquan Satellite Launch Center, People's Republic of China",CHN
491122a3-3eff-42db-aff3-424b3431fc0b,Falcon 9 Block 5 | Starlink Group 17-46,2026-07-02 02:58:19+00:00,Launch Successful,,SpaceX,Commercial,Falcon 9,Falcon,Communications,Low Earth Orbit,LEO,Space Launch Complex 4E,"Vandenberg SFB, CA, USA",USA
9eb09815-c237-4fdd-9057-5b161131240c,Atlas V 551 | Amazon Leo (LA-08),2026-07-02 04:30:15+00:00,Launch Successful,,United Launch Alliance,Commercial,Atlas V 551,Atlas,Communications,Low Earth Orbit,LEO,Space Launch Complex 41,"Cape Canaveral SFS, FL, USA",USA
f596ad48-881e-47d6-806d-113c6dd97427,Pegasus XL | Swift Boost Mission,2026-07-03 08:36:00+00:00,Launch Successful,,Northrop Grumman Space Systems,Commercial,Pegasus XL,Pegasus,Mission Extension,Low Earth Orbit,LEO,Kwajalein Atoll,Air launch to orbit,???
9e0f6efb-4742-4ba3-9fd4-4ea218576c71,Long March 6A | SpaceSail Polar Group #13,2026-07-04 09:30:00+00:00,Launch Successful,,China Aerospace Science and Technology Corporation,Government,Long March 6A,Long March,Communications,Polar Orbit,PO,Launch Complex 9A,"Taiyuan Satellite Launch Center, People's Republic of China",CHN
1ef27ca1-af91-48bb-b934-3da5abd9f711,Falcon 9 Block 5 | Starlink Group 10-50,2026-07-05 10:50:00+00:00,Launch Successful,,SpaceX,Commercial,Falcon 9,Falcon,Communications,Low Earth Orbit,LEO,Space Launch Complex 40,"Cape Canaveral SFS, FL, USA",USA
888e0de3-ce4d-4daf-8140-bb0d3a4c8245,Long March 8A | SpaceSail Polar Group #14,2026-07-05 13:43:00+00:00,Launch Successful,,China Aerospace Science and Technology Corporation,Government,Long March 8A,Long March,Communications,Polar Orbit,PO,Commercial LC-1,"Wenchang Space Launch Site, People's Republic of China",CHN
a6db1e67-5860-47c9-a674-adc0f35b62e0,Falcon 9 Block 5 | Transporter 17 (Dedicated SSO Rideshare),2026-07-07 07:12:00+00:00,Launch Successful,,SpaceX,Commercial,Falcon 9,Falcon,Dedicated Rideshare,Sun-Synchronous Orbit,SSO,Space Launch Complex 4E,"Vandenberg SFB, CA, USA",USA
62d4cd48-ed28-418b-b58c-526781a50a39,Falcon 9 Block 5 | Starlink Group 10-42,2026-07-09 09:25:43+00:00,Launch Successful,,SpaceX,Commercial,Falcon 9,Falcon,Communications,Low Earth Orbit,LEO,Space Launch Complex 40,"Cape Canaveral SFS, FL, USA",USA
1e79a5e9-c02c-470f-882f-884120100fef,Long March 10B | Demo Flight,2026-07-10 04:15:00+00:00,Launch Successful,,China Aerospace Science and Technology Corporation,Government,Long March 10B,Long March,Test Flight,Low Earth Orbit,LEO,Commercial LC-2,"Wenchang Space Launch Site, People's Republic of China",CHN
135fb199-a39e-48cc-ba27-0aecd96ba9f8,Falcon 9 Block 5 | Starlink Group 17-48,2026-07-11 03:01:57+00:00,Launch Successful,,SpaceX,Commercial,Falcon 9,Falcon,Communications,Low Earth Orbit,LEO,Space Launch Complex 4E,"Vandenberg SFB, CA, USA",USA
e09f254f-18bc-4985-963e-6075fa3d7a1c,Falcon 9 Block 5 | Starlink Group 15-14,2026-07-14 01:28:17+00:00,Launch Successful,,SpaceX,Commercial,Falcon 9,Falcon,Communications,Low Earth Orbit,LEO,Space Launch Complex 4E,"Vandenberg SFB, CA, USA",USA
9999a3a3-b15d-4ee3-b70f-acf00d10d912,Falcon 9 Block 5 | Starlink Group 10-45,2026-07-14 09:10:12+00:00,Launch Successful,,SpaceX,Commercial,Falcon 9,Falcon,Communications,Low Earth Orbit,LEO,Space Launch Complex 40,"Cape Canaveral SFS, FL, USA",USA
a556b963-0f36-4660-95a8-fdffdba653e2,Soyuz 2.1a | Soyuz MS-29,2026-07-14 14:47:43+00:00,Launch Successful,,Russian Federal Space Agency (ROSCOSMOS),Government,Soyuz 2.1a,Soyuz,Human Exploration,Low Earth Orbit,LEO,31/6,"Baikonur Cosmodrome, Republic of Kazakhstan",KAZ
d9adedc4-8fa1-4a36-84f9-43b8893a6865,Falcon 9 Block 5 | SDA Tranche 1 Transport Layer E,2026-07-16 20:32:36+00:00,Launch Successful,,SpaceX,Commercial,Falcon 9,Falcon,Government/Top Secret,Polar Orbit,PO,Space Launch Complex 4E,"Vandenberg SFB, CA, USA",USA
10fa7952-f00b-4292-80a2-4207e208844e,Vikram-I | Demo Flight,2026-07-18 06:35:30+00:00,Launch Successful,,Skyroot Aerospace,Private,Vikram-I,Vikram,Test Flight,Low Earth Orbit,LEO,Satish Dhawan Space Centre First Launch Pad,"Satish Dhawan Space Centre, India",IND
aafe107e-46d8-420c-bcb9-192069d80893,Soyuz 2.1b | 16 x Rassvet-3,2026-07-19 17:51:00+00:00,Launch Successful,,Russian Federal Space Agency (ROSCOSMOS),Government,Soyuz 2.1b,Soyuz,Communications,Polar Orbit,PO,43/4 (43R),"Plesetsk Cosmodrome, Russian Federation",RUS
e1079d3a-c0a6-4b42-bc1d-92e48a5a78fc,Falcon 9 Block 5 | Starlink Group 17-39,2026-07-21 14:49:34+00:00,Launch Successful,,SpaceX,Commercial,Falcon 9,Falcon,Communications,Low Earth Orbit,LEO,Space Launch Complex 4E,"Vandenberg SFB, CA, USA",USA
0f6780cf-edae-4d7c-99d6-ce7de784d140,Falcon 9 Block 5 | MRV-1,2026-07-21 21:15:00+00:00,Launch Successful,,SpaceX,Commercial,Falcon 9,Falcon,Mission Extension,Geostationary Transfer Orbit,GTO,Space Launch Complex 40,"Cape Canaveral SFS, FL, USA",USA
d8eb4b68-5307-4b3b-b585-5598958defc2,Gravity-1 | 9 satellites,2026-07-22 02:54:00+00:00,Launch Successful,,Orienspace Technology,Commercial,Gravity-1,,Earth Science,Sun-Synchronous Orbit,SSO,Yellow Sea (launch location 5),Haiyang Oriental Spaceport,CHN
5421e43a-1623-40ac-9dac-201075064e24,Long March 3B/E | Tianlian 2-06,2026-07-23 12:00:00+00:00,Launch Successful,,China Aerospace Science and Technology Corporation,Government,Long March 3B/E,Long March,Communications,Geostationary Transfer Orbit,GTO,Launch Complex 2 (LC-2),"Xichang Satellite Launch Center, People's Republic of China",CHN
fa42624c-1e30-4b4b-a06b-59b6153bc4e5,Kinetica 1 | 5 satellites,2026-07-23 23:33:00+00:00,Launch Successful,,CAS Space,Commercial,Kinetica 1,,Earth Science,Sun-Synchronous Orbit,SSO,Launch Area 130,"Jiuquan Satellite Launch Center, People's Republic of China",CHN
ac897b9f-44d2-4ff4-8416-1a0a076e98a2,Starship | Flight 13,2026-07-24 22:51:00+00:00,Launch Successful,,SpaceX,Commercial,Starship,Starship,Test Flight,Suborbital,Sub,Orbital Launch Pad 2,"SpaceX Starbase, TX, USA",USA
5b2f05d7-9052-49fb-9bd7-2a05d4910576,Falcon 9 Block 5 | Starlink Group 17-51,2026-07-25 15:51:55+00:00,Launch Successful,,SpaceX,Commercial,Falcon 9,Falcon,Communications,Low Earth Orbit,LEO,Space Launch Complex 4E,"Vandenberg SFB, CA, USA",USA
beac6ac1-97dd-4eb2-912c-8b4d4d15cd4e,Long March 7A | Tianlian 3-01,2026-07-29 11:50:00+00:00,Launch Successful,,China Aerospace Science and Technology Corporation,Government,Long March 7A,Long March,Communications,Geostationary Transfer Orbit,GTO,201,"Wenchang Space Launch Site, People's Republic of China",CHN
394d2745-610b-409e-b4ea-2071a35f8668,Long March 6A | TJSW-27A & B,2026-07-30 01:00:00+00:00,Launch Successful,,China Aerospace Science and Technology Corporation,Government,Long March 6A,Long March,Government/Top Secret,Unknown,N/A,Launch Complex 9A,"Taiyuan Satellite Launch Center, People's Republic of China",CHN
24675e3d-2458-48a3-8c70-5196e44d4dc3,Falcon 9 Block 5 | NROL-95,2026-07-30 07:10:19+00:00,Launch Successful,,SpaceX,Commercial,Falcon 9,Falcon,Government/Top Secret,Unknown,N/A,Space Launch Complex 40,"Cape Canaveral SFS, FL, USA",USA
e7e55b53-6f69-4c22-9fc5-df00df653a3f,Falcon 9 Block 5 | Starlink Group 17-52,2026-08-01 03:08:43+00:00,Launch Successful,,SpaceX,Commercial,Falcon 9,Falcon,Communications,Low Earth Orbit,LEO,Space Launch Complex 4E,"Vandenberg SFB, CA, USA",USA
12b9454b-d48b-4fd5-9c11-17c18f45dafe,Long March 8A | SatNet LEO Group 23,2026-08-04 08:52:00+00:00,Launch Successful,,China Aerospace Science and Technology Corporation,Government,Long March 8A,Long March,Communications,Low Earth Orbit,LEO,Commercial LC-1,"Wenchang Space Launch Site, People's Republic of China",CHN
0448d030-5175-4c1f-bd0b-4f3f87072921,Falcon 9 Block 5 | Starlink Group 17-53,2026-08-04 17:05:03+00:00,Launch Successful,,SpaceX,Commercial,Falcon 9,Falcon,Communications,Low Earth Orbit,LEO,Space Launch Complex 4E,"Vandenberg SFB, CA, USA",USA
d46cab82-dcf5-4d70-b698-d7bead7f638c,Smart Dragon 3 | OSE HS-01 & 02,2026-08-05 02:38:00+00:00,Launch Successful,,China Rocket Co. Ltd.,Commercial,Smart Dragon 3,Smart Dragon,Earth Science,Sun-Synchronous Orbit,SSO,Haiyang offshore launch location,Haiyang Oriental Spaceport,CHN
56a85c82-ea71-449b-828c-b583f6f4a18b,Falcon 9 Block 5 | BlueBird 11-13 (Block 2 #6-8),2026-08-05 07:49:00+00:00,Launch Successful,,SpaceX,Commercial,Falcon 9,Falcon,Communications,Low Earth Orbit,LEO,Space Launch Complex 40,"Cape Canaveral SFS, FL, USA",USA
8b7e748c-6ed5-4681-a898-827b4a23b8d7,Electron | The Grain Goddess Provides (iQPS Launch 7),2026-08-06 09:18:00+00:00,Launch Successful,,Rocket Lab,Commercial,Electron,,Earth Science,Low Earth Orbit,LEO,Rocket Lab Launch Complex 1A,"Rocket Lab Launch Complex 1, Mahia Peninsula, New Zealand",NZL
e4316d4c-9eb8-4a18-9b0d-4307c3970ef6,Falcon 9 Block 5 | Starlink Group 17-38,2026-08-08 16:35:02+00:00,Launch Successful,,SpaceX,Commercial,Falcon 9,Falcon,Communications,Low Earth Orbit,LEO,Space Launch Complex 4E,"Vandenberg SFB, CA, USA",USA
cff704ab-8098-4f65-899e-50adaf908e59,Long March 7A | ChinaSat 4B,2026-08-10 12:02:00+00:00,Launch Failure,Launch vehicle disintegrated when passing around Max-Q.,China Aerospace Science and Technology Corporation,Government,Long March 7A,Long March,Communications,Geostationary Transfer Orbit,GTO,201,"Wenchang Space Launch Site, People's Republic of China",CHN
b89ab080-66c3-4831-85a9-38d85da71d30,H3-22 | Michibiki 7 (QZS-7),2026-08-10 19:23:31+00:00,Launch Successful,,Mitsubishi Heavy Industries,Commercial,H3-22,H3,Navigation,Geostationary Transfer Orbit,GTO,Yoshinobu Launch Complex LP-2,"Tanegashima Space Center, Japan",JPN
36ab6924-bb36-416a-b71d-cda9e88004be,Falcon 9 Block 5 | Starlink Group 10-19,2026-08-11 15:58:26+00:00,Launch Successful,,SpaceX,Commercial,Falcon 9,Falcon,Communications,Low Earth Orbit,LEO,Space Launch Complex 40,"Cape Canaveral SFS, FL, USA",USA
6f94dbe4-1318-4ffb-a53d-351bbdcba733,Falcon 9 Block 5 | Starlink Group 17-49,2026-08-12 04:46:47+00:00,Launch Successful,,SpaceX,Commercial,Falcon 9,Falcon,Communications,Low Earth Orbit,LEO,Space Launch Complex 4E,"Vandenberg SFB, CA, USA",USA
be8b4b0d-1989-48a5-a96d-e8e4d59ed8b3,Falcon 9 Block 5 | Globalstar 2-R Mission 1 (x 8),2026-08-16 01:12:14+00:00,Launch Successful,,SpaceX,Commercial,Falcon 9,Falcon,Communications,Low Earth Orbit,LEO,Space Launch Complex 40,"Cape Canaveral SFS, FL, USA",USA
55b79515-ddbf-4198-8a59-29a12ed21330,Falcon 9 Block 5 | USSF-366,2026-08-16 01:50:45+00:00,Launch Successful,,SpaceX,Commercial,Falcon 9,Falcon,Government/Top Secret,Low Earth Orbit,LEO,Space Launch Complex 4E,"Vandenberg SFB, CA, USA",USA
b0e7d1cc-24dd-4da4-bb60-b15b6791d08e,Long March 12 | SatNet LEO Group 24,2026-08-16 04:10:00+00:00,Launch Successful,,China Aerospace Science and Technology Corporation,Government,Long March 12,Long March,Communications,Low Earth Orbit,LEO,Commercial LC-2,"Wenchang Space Launch Site, People's Republic of China",CHN
cb6f4df1-c045-423b-904c-e63bf1ee5168,Long March 2C | Satellite for Earth Observation (SEO),2026-08-17 03:02:00+00:00,Launch Successful,,China Aerospace Science and Technology Corporation,Government,Long March 2C,Long March,Earth Science,Sun-Synchronous Orbit,SSO,Launch Complex 9,"Taiyuan Satellite Launch Center, People's Republic of China",CHN
ef02e2cf-e617-4b38-a526-951ac9204b0a,Zhuque-3 | Honghu-03,2026-08-18 23:35:20+00:00,Launch Successful,,LandSpace,Commercial,Zhuque-3,Zhuque,Communications,Low Earth Orbit,LEO,Launch Area 96B,"Jiuquan Satellite Launch Center, People's Republic of China",CHN
f6958a77-37bb-4559-a108-40ba0ff9e34a,Falcon 9 Block 5 | Starlink Group 17-50,2026-08-19 04:01:07+00:00,Launch Successful,,SpaceX,Commercial,Falcon 9,Falcon,Communications,Low Earth Orbit,LEO,Space Launch Complex 4E,"Vandenberg SFB, CA, USA",USA
57280454-470e-4c5d-8de1-1bbd0ea41b49,Electron | The Lightning God Defends (iQPS Launch 8),2026-08-20 13:04:45+00:00,Launch Successful,,Rocket Lab,Commercial,Electron,,Earth Science,Low Earth Orbit,LEO,Rocket Lab Launch Complex 1B,"Rocket Lab Launch Complex 1, Mahia Peninsula, New Zealand",NZL
bbdc4d47-1de3-428e-9fe1-bbf45d9b1e04,Falcon 9 Block 5 | Starlink Group 10-39,2026-08-21 15:14:22+00:00,Launch Successful,,SpaceX,Commercial,Falcon 9,Falcon,Communications,Low Earth Orbit,LEO,Space Launch Complex 40,"Cape Canaveral SFS, FL, USA",USA
6208f972-18ec-490f-bbe5-6f5c6cfcd48c,Falcon 9 Block 5 | Starlink Group 15-20,2026-08-22 07:25:16+00:00,Launch Successful,,SpaceX,Commercial,Falcon 9,Falcon,Communications,Low Earth Orbit,LEO,Space Launch Complex 4E,"Vandenberg SFB, CA, USA",USA
458e2e52-87b0-4707-96d8-6899f92e53ee,Soyuz 2.1b/Fregat | Glonass-K1 No. 23 (Kosmos 2619),2026-08-24 02:40:00+00:00,Launch Successful,,Russian Space Forces,Government,Soyuz 2.1b/Fregat,Soyuz,Navigation,Medium Earth Orbit,MEO,43/3 (43L),"Plesetsk Cosmodrome, Russian Federation",RUS
48c449c2-3c09-4d36-9c2a-d853b3a39289,Long March 6C | 7 satellites,2026-08-25 03:21:00+00:00,Launch Successful,,China Aerospace Science and Technology Corporation,Government,Long March 6C,Long March,Technology,Sun-Synchronous Orbit,SSO,Launch Complex 9A,"Taiyuan Satellite Launch Center, People's Republic of China",CHN
ad501ebd-a357-4305-90c1-c46c6feb2ecf,Falcon 9 Block 5 | Starlink Group 10-49,2026-08-25 09:33:38+00:00,Launch Successful,,SpaceX,Commercial,Falcon 9,Falcon,Communications,Low Earth Orbit,LEO,Space Launch Complex 40,"Cape Canaveral SFS, FL, USA",USA
95653d52-bb77-4860-a815-dd7141778d17,Falcon 9 Block 5 | Starlink Group 15-22,2026-08-26 09:35:11+00:00,Launch Successful,,SpaceX,Commercial,Falcon 9,Falcon,Communications,Low Earth Orbit,LEO,Space Launch Complex 4E,"Vandenberg SFB, CA, USA",USA
a57aed97-b94f-42e1-905e-9421dbd96ac8,Ariane 62 | MTG-I2,2026-08-27 20:11:00+00:00,Launch Successful,,Arianespace,Commercial,Ariane 62,Ariane,Earth Science,Geostationary Transfer Orbit,GTO,Ariane Launch Area 4,"Guiana Space Centre, French Guiana",GUF
521f3a1c-f977-4306-9b7f-495858719adf,Falcon Heavy | Nancy Grace Roman Space Telescope,2026-08-30 11:26:04+00:00,Launch Successful,,SpaceX,Commercial,Falcon Heavy,Falcon,Astrophysics,Sun-Earth L2,L2,Launch Complex 39A,"Kennedy Space Center, FL, USA",USA
a927b2f9-f9a5-4196-9abb-2e275e4a6b96,Pallas-1 | Demo Flight,2026-09-01 02:00:00+00:00,Launch Successful,,Galactic Energy,Commercial,Pallas-1,,Test Flight,Sun-Synchronous Orbit,SSO,Pallas-1 Launch Pad,"Jiuquan Satellite Launch Center, People's Republic of China",CHN
63181269-b125-4c36-951c-c9bd9bbc4b55,Falcon 9 Block 5 | Starlink Group 15-23,2026-09-02 08:42:12+00:00,Launch Successful,,SpaceX,Commercial,Falcon 9,Falcon,Communications,Low Earth Orbit,LEO,Space Launch Complex 4E,"Vandenberg SFB, CA, USA",USA
9f5a4cb6-63f9-47e1-9512-b468bae2a8e6,Electron | Owl Around The World (StriX Launch 11),2026-09-02 12:01:00+00:00,Launch Successful,,Rocket Lab,Commercial,Electron,,Earth Science,Low Earth Orbit,LEO,Rocket Lab Launch Complex 1B,"Rocket Lab Launch Complex 1, Mahia Peninsula, New Zealand",NZL
17d0ec68-f466-4916-9dc5-16123eda6484,GSLV Mk II | GISAT-1A (EOS-05),2026-09-03 21:25:00+00:00,Launch Successful,,Indian Space Research Organization,Government,GSLV Mk II,GSLV,Earth Science,Geostationary Transfer Orbit,GTO,Satish Dhawan Space Centre Second Launch Pad,"Satish Dhawan Space Centre, India",IND
1b23eb18-e06e-4058-9b42-e95ca0980511,Spectrum | Onward and Upward,2026-09-05 20:12:00+00:00,Launch Successful,,Isar Aerospace,Private,Spectrum,,Test Flight,Sun-Synchronous Orbit,SSO,Orbital Launch Pad,Andøya Spaceport,NOR
153ef8ef-b12b-43f4-a4bf-05b225c0cd37,Falcon 9 Block 5 | Starlink Group 15-24,2026-09-06 14:26:54+00:00,Launch Successful,,SpaceX,Commercial,Falcon 9,Falcon,Communications,Low Earth Orbit,LEO,Space Launch Complex 4E,"Vandenberg SFB, CA, USA",USA
95eb9265-bdbe-43ad-b08c-6be7eb4e58f4,Long March 4B | Yaogan 53-01 to 03/56-01 to 03,2026-09-10 09:00:00+00:00,Launch Successful,,China Aerospace Science and Technology Corporation,Government,Long March 4B,Long March,Government/Top Secret,Low Earth Orbit,LEO,Launch Area 94 (SLS-2 / 603),"Jiuquan Satellite Launch Center, People's Republic of China",CHN
3e0456da-14b1-4ac3-b59e-35fefb1d1530,Falcon 9 Block 5 | USSF-153,2026-09-10 15:42:30+00:00,Launch Successful,,SpaceX,Commercial,Falcon 9,Falcon,Government/Top Secret,Low Earth Orbit,LEO,Space Launch Complex 4E,"Vandenberg SFB, CA, USA",USA
b81156da-c0b8-46c8-aebd-8af8d2be83cd,Electron | Happily Ever Faster (BlackSky Gen-3 5),2026-09-11 03:28:00+00:00,Launch Successful,,Rocket Lab,Commercial,Electron,,Earth Science,Low Earth Orbit,LEO,Rocket Lab Launch Complex 1A,"Rocket Lab Launch Complex 1, Mahia Peninsula, New Zealand",NZL
ad358a4d-c541-409b-9366-9c2f2da4aeb9,Falcon 9 Block 5 | O3b mPower 11-13,2026-09-13 18:49:00+00:00,Launch Successful,,SpaceX,Commercial,Falcon 9,Falcon,Communications,Medium Earth Orbit,MEO,Space Launch Complex 40,"Cape Canaveral SFS, FL, USA",USA
8effc13a-c658-4d2e-9f15-8dba4d7fe2dd,Vega-C | Sentinel-3C & FLEX,2026-09-15 01:21:07+00:00,Launch Successful,,Avio S.p.A,Commercial,Vega-C,Vega,Earth Science,Sun-Synchronous Orbit,SSO,Ariane Launch Area 1 (ELV),"Guiana Space Centre, French Guiana",GUF
de446468-057f-4c9d-a6a1-af99c93b541e,Zhuque-2E Block 2 | SpaceSail Polar Group #15,2026-09-15 06:26:00+00:00,Launch Successful,,LandSpace,Commercial,Zhuque-2E Block 2,Zhuque,Communications,Polar Orbit,PO,Launch Area 96A,"Jiuquan Satellite Launch Center, People's Republic of China",CHN
767f7827-53d8-4621-803b-f456a1e6b512,Gravity-1 | SpaceSail Polar Group #16,2026-09-15 22:00:00+00:00,Launch Successful,,Orienspace Technology,Commercial,Gravity-1,,Communications,Polar Orbit,PO,Yellow Sea (launch location 5),Haiyang Oriental Spaceport,CHN
d793ba47-faf5-4bab-a386-39a9ccc49c90,Soyuz 2.1b | Progress MS-35 (96P),2026-09-16 13:33:54+00:00,Launch Successful,,Russian Federal Space Agency (ROSCOSMOS),Government,Soyuz 2.1b,Soyuz,Resupply,Low Earth Orbit,LEO,31/6,"Baikonur Cosmodrome, Republic of Kazakhstan",KAZ
898f7df0-b6ce-4a5c-80b4-67e81842124e,Long March 12 | SatNet LEO Group 25,2026-09-17 00:32:00+00:00,Launch Successful,,China Aerospace Science and Technology Corporation,Government,Long March 12,Long March,Communications,Low Earth Orbit,LEO,Commercial LC-2,"Wenchang Space Launch Site, People's Republic of China",CHN
17c71937-dd80-406f-bb47-0c9ee9a24276,Falcon 9 Block 5 | USSF-259,2026-09-17 01:07:56+00:00,Launch Successful,,SpaceX,Commercial,Falcon 9,Falcon,Government/Top Secret,Polar Orbit,PO,Space Launch Complex 4E,"Vandenberg SFB, CA, USA",USA
71aa4d56-0ce9-4c7d-a808-cc22f2ac5a84,Kuaizhou 11 | SpaceTY-51 & 52,2026-09-17 02:40:00+00:00,Launch Successful,,ExPace,Commercial,Kuaizhou 11,Kuaizhou,Earth Science,Low Earth Orbit,LEO,Launch Area 95A,"Jiuquan Satellite Launch Center, People's Republic of China",CHN
ab3c1e6c-03fe-48a7-b6ce-30c79569bdfb,Soyuz 2.1b/Fregat | Glonass-K1 No. 20 (?),2026-09-17 16:50:00+00:00,Launch Successful,,Russian Space Forces,Government,Soyuz 2.1b/Fregat-M,Soyuz,Navigation,Medium Earth Orbit,MEO,43/3 (43L),"Plesetsk Cosmodrome, Russian Federation",RUS
f4c720ce-0cfd-43e6-b8dd-00273073bc01,Electron | Owl By The Dozen (StriX Launch 12),2026-09-19 03:22:00+00:00,Launch Successful,,Rocket Lab,Commercial,Electron,,Earth Science,Low Earth Orbit,LEO,Rocket Lab Launch Complex 1B,"Rocket Lab Launch Complex 1, Mahia Peninsula, New Zealand",NZL
a527b585-f01f-4ecc-9230-711dcef72ef1,Long March 2D | PIESAT-2 13-16,2026-09-19 10:50:00+00:00,Launch Successful,,China Aerospace Science and Technology Corporation,Government,Long March 2D,Long March,Earth Science,Sun-Synchronous Orbit,SSO,Launch Complex 9,"Taiyuan Satellite Launch Center, People's Republic of China",CHN
